ISO-10303-21;
HEADER;
FILE_DESCRIPTION(('FreeCAD Model'),'2;1');
FILE_NAME('Open CASCADE Shape Model','2026-10-01T15:54:36',('FreeCAD'),(
    'FreeCAD'),'Open CASCADE STEP processor 7.8','FreeCAD','Unknown');
FILE_SCHEMA(('AUTOMOTIVE_DESIGN { 1 0 10303 214 1 1 1 1 }'));
ENDSEC;
DATA;
#1 = APPLICATION_PROTOCOL_DEFINITION('international standard',
  'automotive_design',2000,#2);
#2 = APPLICATION_CONTEXT(
  'core data for automotive mechanical design processes');
#3 = SHAPE_DEFINITION_REPRESENTATION(#4,#10);
#4 = PRODUCT_DEFINITION_SHAPE('','',#5);
#5 = PRODUCT_DEFINITION('design','',#6,#9);
#6 = PRODUCT_DEFINITION_FORMATION('','',#7);
#7 = PRODUCT('Open CASCADE STEP translator 7.8 2',
  'Open CASCADE STEP translator 7.8 2','',(#8));
#8 = PRODUCT_CONTEXT('',#2,'mechanical');
#9 = PRODUCT_DEFINITION_CONTEXT('part definition',#2,'design');
#10 = SHAPE_REPRESENTATION('',(#11,#15,#2027,#5252,#8477,#8530,#8583,
    #8967,#9261,#9314,#9918,#9971,#10069,#10167,#10265),#10363);
#11 = AXIS2_PLACEMENT_3D('',#12,#13,#14);
#12 = CARTESIAN_POINT('',(0.,0.,0.));
#13 = DIRECTION('',(0.,0.,1.));
#14 = DIRECTION('',(1.,0.,-0.));
#15 = MANIFOLD_SOLID_BREP('',#16);
#16 = CLOSED_SHELL('',(#17,#79,#110,#207,#297,#314,#981,#1641,#1653,
    #1679,#1719,#1764,#1802,#1819,#1845,#1862,#1887,#1912,#1929,#1940,
    #1957,#1968,#1987,#2016));
#17 = ADVANCED_FACE('',(#18,#52,#63),#74,.F.);
#18 = FACE_BOUND('',#19,.F.);
#19 = EDGE_LOOP('',(#20,#30,#38,#46));
#20 = ORIENTED_EDGE('',*,*,#21,.F.);
#21 = EDGE_CURVE('',#22,#24,#26,.T.);
#22 = VERTEX_POINT('',#23);
#23 = CARTESIAN_POINT('',(-20.,-21.,0.));
#24 = VERTEX_POINT('',#25);
#25 = CARTESIAN_POINT('',(-20.,-21.,20.));
#26 = LINE('',#27,#28);
#27 = CARTESIAN_POINT('',(-20.,-21.,0.));
#28 = VECTOR('',#29,1.);
#29 = DIRECTION('',(0.,0.,1.));
#30 = ORIENTED_EDGE('',*,*,#31,.T.);
#31 = EDGE_CURVE('',#22,#32,#34,.T.);
#32 = VERTEX_POINT('',#33);
#33 = CARTESIAN_POINT('',(-20.,21.,0.));
#34 = LINE('',#35,#36);
#35 = CARTESIAN_POINT('',(-20.,-21.,0.));
#36 = VECTOR('',#37,1.);
#37 = DIRECTION('',(0.,1.,0.));
#38 = ORIENTED_EDGE('',*,*,#39,.T.);
#39 = EDGE_CURVE('',#32,#40,#42,.T.);
#40 = VERTEX_POINT('',#41);
#41 = CARTESIAN_POINT('',(-20.,21.,20.));
#42 = LINE('',#43,#44);
#43 = CARTESIAN_POINT('',(-20.,21.,0.));
#44 = VECTOR('',#45,1.);
#45 = DIRECTION('',(0.,0.,1.));
#46 = ORIENTED_EDGE('',*,*,#47,.F.);
#47 = EDGE_CURVE('',#24,#40,#48,.T.);
#48 = LINE('',#49,#50);
#49 = CARTESIAN_POINT('',(-20.,-21.,20.));
#50 = VECTOR('',#51,1.);
#51 = DIRECTION('',(0.,1.,0.));
#52 = FACE_BOUND('',#53,.F.);
#53 = EDGE_LOOP('',(#54));
#54 = ORIENTED_EDGE('',*,*,#55,.F.);
#55 = EDGE_CURVE('',#56,#56,#58,.T.);
#56 = VERTEX_POINT('',#57);
#57 = CARTESIAN_POINT('',(-20.,14.,14.));
#58 = CIRCLE('',#59,3.);
#59 = AXIS2_PLACEMENT_3D('',#60,#61,#62);
#60 = CARTESIAN_POINT('',(-20.,14.,11.));
#61 = DIRECTION('',(1.,0.,-0.));
#62 = DIRECTION('',(0.,0.,1.));
#63 = FACE_BOUND('',#64,.F.);
#64 = EDGE_LOOP('',(#65));
#65 = ORIENTED_EDGE('',*,*,#66,.F.);
#66 = EDGE_CURVE('',#67,#67,#69,.T.);
#67 = VERTEX_POINT('',#68);
#68 = CARTESIAN_POINT('',(-20.,-14.,14.));
#69 = CIRCLE('',#70,3.);
#70 = AXIS2_PLACEMENT_3D('',#71,#72,#73);
#71 = CARTESIAN_POINT('',(-20.,-14.,11.));
#72 = DIRECTION('',(1.,0.,-0.));
#73 = DIRECTION('',(0.,0.,1.));
#74 = PLANE('',#75);
#75 = AXIS2_PLACEMENT_3D('',#76,#77,#78);
#76 = CARTESIAN_POINT('',(-20.,-21.,0.));
#77 = DIRECTION('',(1.,0.,0.));
#78 = DIRECTION('',(0.,0.,1.));
#79 = ADVANCED_FACE('',(#80),#105,.F.);
#80 = FACE_BOUND('',#81,.F.);
#81 = EDGE_LOOP('',(#82,#90,#91,#99));
#82 = ORIENTED_EDGE('',*,*,#83,.F.);
#83 = EDGE_CURVE('',#22,#84,#86,.T.);
#84 = VERTEX_POINT('',#85);
#85 = CARTESIAN_POINT('',(44.,-21.,0.));
#86 = LINE('',#87,#88);
#87 = CARTESIAN_POINT('',(-20.,-21.,0.));
#88 = VECTOR('',#89,1.);
#89 = DIRECTION('',(1.,0.,0.));
#90 = ORIENTED_EDGE('',*,*,#21,.T.);
#91 = ORIENTED_EDGE('',*,*,#92,.T.);
#92 = EDGE_CURVE('',#24,#93,#95,.T.);
#93 = VERTEX_POINT('',#94);
#94 = CARTESIAN_POINT('',(44.,-21.,20.));
#95 = LINE('',#96,#97);
#96 = CARTESIAN_POINT('',(-20.,-21.,20.));
#97 = VECTOR('',#98,1.);
#98 = DIRECTION('',(1.,0.,0.));
#99 = ORIENTED_EDGE('',*,*,#100,.F.);
#100 = EDGE_CURVE('',#84,#93,#101,.T.);
#101 = LINE('',#102,#103);
#102 = CARTESIAN_POINT('',(44.,-21.,0.));
#103 = VECTOR('',#104,1.);
#104 = DIRECTION('',(0.,0.,1.));
#105 = PLANE('',#106);
#106 = AXIS2_PLACEMENT_3D('',#107,#108,#109);
#107 = CARTESIAN_POINT('',(-20.,-21.,0.));
#108 = DIRECTION('',(0.,1.,0.));
#109 = DIRECTION('',(0.,0.,1.));
#110 = ADVANCED_FACE('',(#111,#129,#140,#169,#180,#191),#202,.T.);
#111 = FACE_BOUND('',#112,.T.);
#112 = EDGE_LOOP('',(#113,#114,#115,#123));
#113 = ORIENTED_EDGE('',*,*,#47,.F.);
#114 = ORIENTED_EDGE('',*,*,#92,.T.);
#115 = ORIENTED_EDGE('',*,*,#116,.T.);
#116 = EDGE_CURVE('',#93,#117,#119,.T.);
#117 = VERTEX_POINT('',#118);
#118 = CARTESIAN_POINT('',(44.,21.,20.));
#119 = LINE('',#120,#121);
#120 = CARTESIAN_POINT('',(44.,-21.,20.));
#121 = VECTOR('',#122,1.);
#122 = DIRECTION('',(0.,1.,0.));
#123 = ORIENTED_EDGE('',*,*,#124,.F.);
#124 = EDGE_CURVE('',#40,#117,#125,.T.);
#125 = LINE('',#126,#127);
#126 = CARTESIAN_POINT('',(-20.,21.,20.));
#127 = VECTOR('',#128,1.);
#128 = DIRECTION('',(1.,0.,0.));
#129 = FACE_BOUND('',#130,.T.);
#130 = EDGE_LOOP('',(#131));
#131 = ORIENTED_EDGE('',*,*,#132,.F.);
#132 = EDGE_CURVE('',#133,#133,#135,.T.);
#133 = VERTEX_POINT('',#134);
#134 = CARTESIAN_POINT('',(-13.3,-16.,20.));
#135 = CIRCLE('',#136,1.7);
#136 = AXIS2_PLACEMENT_3D('',#137,#138,#139);
#137 = CARTESIAN_POINT('',(-15.,-16.,20.));
#138 = DIRECTION('',(0.,0.,1.));
#139 = DIRECTION('',(1.,0.,0.));
#140 = FACE_BOUND('',#141,.T.);
#141 = EDGE_LOOP('',(#142,#153,#162));
#142 = ORIENTED_EDGE('',*,*,#143,.F.);
#143 = EDGE_CURVE('',#144,#146,#148,.T.);
#144 = VERTEX_POINT('',#145);
#145 = CARTESIAN_POINT('',(12.,8.13941029805,20.));
#146 = VERTEX_POINT('',#147);
#147 = CARTESIAN_POINT('',(12.,-8.13941029805,20.));
#148 = CIRCLE('',#149,14.5);
#149 = AXIS2_PLACEMENT_3D('',#150,#151,#152);
#150 = CARTESIAN_POINT('',(0.,0.,20.));
#151 = DIRECTION('',(0.,0.,1.));
#152 = DIRECTION('',(1.,0.,0.));
#153 = ORIENTED_EDGE('',*,*,#154,.F.);
#154 = EDGE_CURVE('',#155,#144,#157,.T.);
#155 = VERTEX_POINT('',#156);
#156 = CARTESIAN_POINT('',(38.5,-3.551475717527E-15,20.));
#157 = CIRCLE('',#158,14.5);
#158 = AXIS2_PLACEMENT_3D('',#159,#160,#161);
#159 = CARTESIAN_POINT('',(24.,0.,20.));
#160 = DIRECTION('',(0.,0.,1.));
#161 = DIRECTION('',(1.,0.,0.));
#162 = ORIENTED_EDGE('',*,*,#163,.F.);
#163 = EDGE_CURVE('',#146,#155,#164,.T.);
#164 = CIRCLE('',#165,14.5);
#165 = AXIS2_PLACEMENT_3D('',#166,#167,#168);
#166 = CARTESIAN_POINT('',(24.,0.,20.));
#167 = DIRECTION('',(0.,0.,1.));
#168 = DIRECTION('',(1.,0.,0.));
#169 = FACE_BOUND('',#170,.T.);
#170 = EDGE_LOOP('',(#171));
#171 = ORIENTED_EDGE('',*,*,#172,.F.);
#172 = EDGE_CURVE('',#173,#173,#175,.T.);
#173 = VERTEX_POINT('',#174);
#174 = CARTESIAN_POINT('',(40.7,-16.,20.));
#175 = CIRCLE('',#176,1.7);
#176 = AXIS2_PLACEMENT_3D('',#177,#178,#179);
#177 = CARTESIAN_POINT('',(39.,-16.,20.));
#178 = DIRECTION('',(0.,0.,1.));
#179 = DIRECTION('',(1.,0.,0.));
#180 = FACE_BOUND('',#181,.T.);
#181 = EDGE_LOOP('',(#182));
#182 = ORIENTED_EDGE('',*,*,#183,.F.);
#183 = EDGE_CURVE('',#184,#184,#186,.T.);
#184 = VERTEX_POINT('',#185);
#185 = CARTESIAN_POINT('',(-13.3,16.,20.));
#186 = CIRCLE('',#187,1.7);
#187 = AXIS2_PLACEMENT_3D('',#188,#189,#190);
#188 = CARTESIAN_POINT('',(-15.,16.,20.));
#189 = DIRECTION('',(0.,0.,1.));
#190 = DIRECTION('',(1.,0.,0.));
#191 = FACE_BOUND('',#192,.T.);
#192 = EDGE_LOOP('',(#193));
#193 = ORIENTED_EDGE('',*,*,#194,.F.);
#194 = EDGE_CURVE('',#195,#195,#197,.T.);
#195 = VERTEX_POINT('',#196);
#196 = CARTESIAN_POINT('',(40.7,16.,20.));
#197 = CIRCLE('',#198,1.7);
#198 = AXIS2_PLACEMENT_3D('',#199,#200,#201);
#199 = CARTESIAN_POINT('',(39.,16.,20.));
#200 = DIRECTION('',(0.,0.,1.));
#201 = DIRECTION('',(1.,0.,0.));
#202 = PLANE('',#203);
#203 = AXIS2_PLACEMENT_3D('',#204,#205,#206);
#204 = CARTESIAN_POINT('',(-20.,-21.,20.));
#205 = DIRECTION('',(0.,0.,1.));
#206 = DIRECTION('',(1.,0.,0.));
#207 = ADVANCED_FACE('',(#208,#226,#237,#248,#259,#270,#281),#292,.F.);
#208 = FACE_BOUND('',#209,.F.);
#209 = EDGE_LOOP('',(#210,#211,#212,#220));
#210 = ORIENTED_EDGE('',*,*,#31,.F.);
#211 = ORIENTED_EDGE('',*,*,#83,.T.);
#212 = ORIENTED_EDGE('',*,*,#213,.T.);
#213 = EDGE_CURVE('',#84,#214,#216,.T.);
#214 = VERTEX_POINT('',#215);
#215 = CARTESIAN_POINT('',(44.,21.,0.));
#216 = LINE('',#217,#218);
#217 = CARTESIAN_POINT('',(44.,-21.,0.));
#218 = VECTOR('',#219,1.);
#219 = DIRECTION('',(0.,1.,0.));
#220 = ORIENTED_EDGE('',*,*,#221,.F.);
#221 = EDGE_CURVE('',#32,#214,#222,.T.);
#222 = LINE('',#223,#224);
#223 = CARTESIAN_POINT('',(-20.,21.,0.));
#224 = VECTOR('',#225,1.);
#225 = DIRECTION('',(1.,0.,0.));
#226 = FACE_BOUND('',#227,.F.);
#227 = EDGE_LOOP('',(#228));
#228 = ORIENTED_EDGE('',*,*,#229,.F.);
#229 = EDGE_CURVE('',#230,#230,#232,.T.);
#230 = VERTEX_POINT('',#231);
#231 = CARTESIAN_POINT('',(-13.3,-16.,0.));
#232 = CIRCLE('',#233,1.7);
#233 = AXIS2_PLACEMENT_3D('',#234,#235,#236);
#234 = CARTESIAN_POINT('',(-15.,-16.,0.));
#235 = DIRECTION('',(0.,0.,1.));
#236 = DIRECTION('',(1.,0.,0.));
#237 = FACE_BOUND('',#238,.F.);
#238 = EDGE_LOOP('',(#239));
#239 = ORIENTED_EDGE('',*,*,#240,.F.);
#240 = EDGE_CURVE('',#241,#241,#243,.T.);
#241 = VERTEX_POINT('',#242);
#242 = CARTESIAN_POINT('',(3.1,-7.592810154714E-16,0.));
#243 = CIRCLE('',#244,3.1);
#244 = AXIS2_PLACEMENT_3D('',#245,#246,#247);
#245 = CARTESIAN_POINT('',(0.,0.,0.));
#246 = DIRECTION('',(0.,0.,1.));
#247 = DIRECTION('',(1.,0.,0.));
#248 = FACE_BOUND('',#249,.F.);
#249 = EDGE_LOOP('',(#250));
#250 = ORIENTED_EDGE('',*,*,#251,.F.);
#251 = EDGE_CURVE('',#252,#252,#254,.T.);
#252 = VERTEX_POINT('',#253);
#253 = CARTESIAN_POINT('',(40.7,-16.,0.));
#254 = CIRCLE('',#255,1.7);
#255 = AXIS2_PLACEMENT_3D('',#256,#257,#258);
#256 = CARTESIAN_POINT('',(39.,-16.,0.));
#257 = DIRECTION('',(0.,0.,1.));
#258 = DIRECTION('',(1.,0.,0.));
#259 = FACE_BOUND('',#260,.F.);
#260 = EDGE_LOOP('',(#261));
#261 = ORIENTED_EDGE('',*,*,#262,.F.);
#262 = EDGE_CURVE('',#263,#263,#265,.T.);
#263 = VERTEX_POINT('',#264);
#264 = CARTESIAN_POINT('',(27.1,-7.592810154714E-16,0.));
#265 = CIRCLE('',#266,3.1);
#266 = AXIS2_PLACEMENT_3D('',#267,#268,#269);
#267 = CARTESIAN_POINT('',(24.,0.,0.));
#268 = DIRECTION('',(0.,0.,1.));
#269 = DIRECTION('',(1.,0.,0.));
#270 = FACE_BOUND('',#271,.F.);
#271 = EDGE_LOOP('',(#272));
#272 = ORIENTED_EDGE('',*,*,#273,.F.);
#273 = EDGE_CURVE('',#274,#274,#276,.T.);
#274 = VERTEX_POINT('',#275);
#275 = CARTESIAN_POINT('',(-13.3,16.,0.));
#276 = CIRCLE('',#277,1.7);
#277 = AXIS2_PLACEMENT_3D('',#278,#279,#280);
#278 = CARTESIAN_POINT('',(-15.,16.,0.));
#279 = DIRECTION('',(0.,0.,1.));
#280 = DIRECTION('',(1.,0.,0.));
#281 = FACE_BOUND('',#282,.F.);
#282 = EDGE_LOOP('',(#283));
#283 = ORIENTED_EDGE('',*,*,#284,.F.);
#284 = EDGE_CURVE('',#285,#285,#287,.T.);
#285 = VERTEX_POINT('',#286);
#286 = CARTESIAN_POINT('',(40.7,16.,0.));
#287 = CIRCLE('',#288,1.7);
#288 = AXIS2_PLACEMENT_3D('',#289,#290,#291);
#289 = CARTESIAN_POINT('',(39.,16.,0.));
#290 = DIRECTION('',(0.,0.,1.));
#291 = DIRECTION('',(1.,0.,0.));
#292 = PLANE('',#293);
#293 = AXIS2_PLACEMENT_3D('',#294,#295,#296);
#294 = CARTESIAN_POINT('',(-20.,-21.,0.));
#295 = DIRECTION('',(0.,0.,1.));
#296 = DIRECTION('',(1.,0.,0.));
#297 = ADVANCED_FACE('',(#298),#309,.T.);
#298 = FACE_BOUND('',#299,.T.);
#299 = EDGE_LOOP('',(#300,#301,#302,#303));
#300 = ORIENTED_EDGE('',*,*,#221,.F.);
#301 = ORIENTED_EDGE('',*,*,#39,.T.);
#302 = ORIENTED_EDGE('',*,*,#124,.T.);
#303 = ORIENTED_EDGE('',*,*,#304,.F.);
#304 = EDGE_CURVE('',#214,#117,#305,.T.);
#305 = LINE('',#306,#307);
#306 = CARTESIAN_POINT('',(44.,21.,0.));
#307 = VECTOR('',#308,1.);
#308 = DIRECTION('',(0.,0.,1.));
#309 = PLANE('',#310);
#310 = AXIS2_PLACEMENT_3D('',#311,#312,#313);
#311 = CARTESIAN_POINT('',(-20.,21.,0.));
#312 = DIRECTION('',(0.,1.,0.));
#313 = DIRECTION('',(0.,0.,1.));
#314 = ADVANCED_FACE('',(#315,#732),#976,.F.);
#315 = FACE_BOUND('',#316,.F.);
#316 = EDGE_LOOP('',(#317,#346,#354,#363,#487,#495,#698,#704,#705,#706,
    #731));
#317 = ORIENTED_EDGE('',*,*,#318,.T.);
#318 = EDGE_CURVE('',#319,#321,#323,.T.);
#319 = VERTEX_POINT('',#320);
#320 = CARTESIAN_POINT('',(20.225082782365,14.,14.));
#321 = VERTEX_POINT('',#322);
#322 = CARTESIAN_POINT('',(27.774917217635,14.,14.));
#323 = B_SPLINE_CURVE_WITH_KNOTS('',6,(#324,#325,#326,#327,#328,#329,
    #330,#331,#332,#333,#334,#335,#336,#337,#338,#339,#340,#341,#342,
    #343,#344,#345),.UNSPECIFIED.,.F.,.F.,(7,5,5,5,7),(0.,0.253033457111
    ,0.5,0.746966542888,1.),.UNSPECIFIED.);
#324 = CARTESIAN_POINT('',(20.225082782365,14.,14.));
#325 = CARTESIAN_POINT('',(20.539263730237,14.084714790684,14.));
#326 = CARTESIAN_POINT('',(20.854774446832,14.160712165852,
    13.99712942739));
#327 = CARTESIAN_POINT('',(21.171379316706,14.228031712991,
    13.992495558935));
#328 = CARTESIAN_POINT('',(21.488899532845,14.286726905553,
    13.986988309456));
#329 = CARTESIAN_POINT('',(21.807194252147,14.33684264285,
    13.981323990623));
#330 = CARTESIAN_POINT('',(22.437438021552,14.418978901913,
    13.970880206294));
#331 = CARTESIAN_POINT('',(22.749349372284,14.451403593041,
    13.96608291335));
#332 = CARTESIAN_POINT('',(23.061709454254,14.475705352137,
    13.962146641295));
#333 = CARTESIAN_POINT('',(23.374364702112,14.491901164838,
    13.95940873895));
#334 = CARTESIAN_POINT('',(23.687172278881,14.5,13.95803989155));
#335 = CARTESIAN_POINT('',(24.312827721118,14.5,13.95803989155));
#336 = CARTESIAN_POINT('',(24.625635297888,14.491901164839,
    13.95940873895));
#337 = CARTESIAN_POINT('',(24.938290545746,14.475705352137,
    13.962146641295));
#338 = CARTESIAN_POINT('',(25.250650627716,14.451403593041,
    13.96608291335));
#339 = CARTESIAN_POINT('',(25.562561978449,14.418978901913,
    13.970880206294));
#340 = CARTESIAN_POINT('',(26.192805747855,14.33684264285,
    13.981323990623));
#341 = CARTESIAN_POINT('',(26.511100467157,14.286726905552,
    13.986988309456));
#342 = CARTESIAN_POINT('',(26.828620683289,14.228031712992,
    13.992495558935));
#343 = CARTESIAN_POINT('',(27.145225553167,14.160712165853,
    13.99712942739));
#344 = CARTESIAN_POINT('',(27.460736269768,14.084714790683,14.));
#345 = CARTESIAN_POINT('',(27.774917217635,14.,14.));
#346 = ORIENTED_EDGE('',*,*,#347,.T.);
#347 = EDGE_CURVE('',#321,#348,#350,.T.);
#348 = VERTEX_POINT('',#349);
#349 = CARTESIAN_POINT('',(28.,14.,14.));
#350 = LINE('',#351,#352);
#351 = CARTESIAN_POINT('',(-22.,14.,14.));
#352 = VECTOR('',#353,1.);
#353 = DIRECTION('',(1.,0.,0.));
#354 = ORIENTED_EDGE('',*,*,#355,.F.);
#355 = EDGE_CURVE('',#356,#348,#358,.T.);
#356 = VERTEX_POINT('',#357);
#357 = CARTESIAN_POINT('',(28.,13.937359864766,8.000654035717));
#358 = CIRCLE('',#359,3.);
#359 = AXIS2_PLACEMENT_3D('',#360,#361,#362);
#360 = CARTESIAN_POINT('',(28.,14.,11.));
#361 = DIRECTION('',(1.,0.,-0.));
#362 = DIRECTION('',(0.,0.,1.));
#363 = ORIENTED_EDGE('',*,*,#364,.T.);
#364 = EDGE_CURVE('',#356,#319,#365,.T.);
#365 = B_SPLINE_CURVE_WITH_KNOTS('',8,(#366,#367,#368,#369,#370,#371,
    #372,#373,#374,#375,#376,#377,#378,#379,#380,#381,#382,#383,#384,
    #385,#386,#387,#388,#389,#390,#391,#392,#393,#394,#395,#396,#397,
    #398,#399,#400,#401,#402,#403,#404,#405,#406,#407,#408,#409,#410,
    #411,#412,#413,#414,#415,#416,#417,#418,#419,#420,#421,#422,#423,
    #424,#425,#426,#427,#428,#429,#430,#431,#432,#433,#434,#435,#436,
    #437,#438,#439,#440,#441,#442,#443,#444,#445,#446,#447,#448,#449,
    #450,#451,#452,#453,#454,#455,#456,#457,#458,#459,#460,#461,#462,
    #463,#464,#465,#466,#467,#468,#469,#470,#471,#472,#473,#474,#475,
    #476,#477,#478,#479,#480,#481,#482,#483,#484,#485,#486),
  .UNSPECIFIED.,.F.,.F.,(9,7,7,7,7,7,7,7,7,7,7,7,7,7,7,7,7,9),(0.,
    9.300497638355E-02,0.173550193455,0.255101757533,0.488306416315,
    0.563664841145,0.596734952592,0.617654798194,0.632336566371,
    0.642844247155,0.668494374147,0.697909295052,0.710033674913,
    0.72673713598,0.751667687775,0.796059832116,0.934411791046,1.),
  .UNSPECIFIED.);
#366 = CARTESIAN_POINT('',(28.0000006,13.937359692567,8.000654039314));
#367 = CARTESIAN_POINT('',(27.736073539802,14.013106349211,
    7.999072096476));
#368 = CARTESIAN_POINT('',(27.471167568274,14.0829515847,7.999800490245)
  );
#369 = CARTESIAN_POINT('',(27.205416794944,14.146911087934,
    8.002238242424));
#370 = CARTESIAN_POINT('',(26.938931489979,14.205008620456,
    8.005862714336));
#371 = CARTESIAN_POINT('',(26.671802310517,14.257270504243,
    8.010219750889));
#372 = CARTESIAN_POINT('',(26.404104696002,14.303721535343,
    8.014917597223));
#373 = CARTESIAN_POINT('',(26.135903432541,14.344382323385,
    8.019624587934));
#374 = CARTESIAN_POINT('',(25.634601511744,14.409480192807,
    8.027921001996));
#375 = CARTESIAN_POINT('',(25.401620332978,14.435359906206,
    8.031575497764));
#376 = CARTESIAN_POINT('',(25.168371998264,14.456914977769,
    8.034858092166));
#377 = CARTESIAN_POINT('',(24.934912391016,14.474152094186,
    8.037627106118));
#378 = CARTESIAN_POINT('',(24.701295136293,14.487076554379,
    8.039775631185));
#379 = CARTESIAN_POINT('',(24.467571607347,14.49569197568,8.041231975294
    ));
#380 = CARTESIAN_POINT('',(24.233790932162,14.5,8.04196010845));
#381 = CARTESIAN_POINT('',(23.763288040205,14.5,8.04196010845));
#382 = CARTESIAN_POINT('',(23.526585167033,14.495583651266,
    8.041213661727));
#383 = CARTESIAN_POINT('',(23.289940531457,14.486751514327,
    8.039720679464));
#384 = CARTESIAN_POINT('',(23.053405596073,14.473501812423,
    8.037519023413));
#385 = CARTESIAN_POINT('',(22.817034143093,14.455830738947,
    8.034684032367));
#386 = CARTESIAN_POINT('',(22.58088228235,14.433732764884,8.031328048634
    ));
#387 = CARTESIAN_POINT('',(22.345008459295,14.407200946252,
    8.027599944503));
#388 = CARTESIAN_POINT('',(21.435938147495,14.287654870583,
    8.012488478216));
#389 = CARTESIAN_POINT('',(20.772686327809,14.163749068432,
    7.999885983066));
#390 = CARTESIAN_POINT('',(20.113657439382,14.004758331842,7.99013989989
    ));
#391 = CARTESIAN_POINT('',(19.456142212437,13.809090158548,
    7.989458494515));
#392 = CARTESIAN_POINT('',(18.801564278301,13.574800694469,
    8.006631847742));
#393 = CARTESIAN_POINT('',(18.155229654968,13.301781401513,
    8.054371774606));
#394 = CARTESIAN_POINT('',(17.525681975923,12.992359267766,
    8.149763809775));
#395 = CARTESIAN_POINT('',(16.735296892472,12.550815834582,
    8.370475468848));
#396 = CARTESIAN_POINT('',(16.544896856508,12.440036192159,
    8.432040054489));
#397 = CARTESIAN_POINT('',(16.358029442511,12.326876421831,
    8.502073675599));
#398 = CARTESIAN_POINT('',(16.175631332227,12.212031756368,
    8.581415861672));
#399 = CARTESIAN_POINT('',(15.998680818883,12.096346976588,
    8.670933693239));
#400 = CARTESIAN_POINT('',(15.828221031216,11.980847001977,
    8.771508184132));
#401 = CARTESIAN_POINT('',(15.665399580954,11.866779622933,
    8.884011551698));
#402 = CARTESIAN_POINT('',(15.4439985189,11.706911457068,9.064245852461)
  );
#403 = CARTESIAN_POINT('',(15.378243332175,11.658756917248,
    9.121634497911));
#404 = CARTESIAN_POINT('',(15.314421112672,11.611374306792,
    9.181460564878));
#405 = CARTESIAN_POINT('',(15.252687501461,11.564935596386,
    9.243732465979));
#406 = CARTESIAN_POINT('',(15.193192163236,11.51961601596,9.308447634582
    ));
#407 = CARTESIAN_POINT('',(15.136079207916,11.475592894869,
    9.375592386494));
#408 = CARTESIAN_POINT('',(15.081487612261,11.433044502065,
    9.445141781646));
#409 = CARTESIAN_POINT('',(14.996697428354,11.366278699262,
    9.562553958015));
#410 = CARTESIAN_POINT('',(14.964911780784,11.341074500639,9.60898811925
    ));
#411 = CARTESIAN_POINT('',(14.934235141598,11.316586511396,
    9.656342492754));
#412 = CARTESIAN_POINT('',(14.904705851333,11.292863996518,9.7045948584)
  );
#413 = CARTESIAN_POINT('',(14.876360225531,11.269955050428,
    9.753720249732));
#414 = CARTESIAN_POINT('',(14.849232632029,11.247906382416,
    9.803690951032));
#415 = CARTESIAN_POINT('',(14.823355568254,11.226763102066,
    9.854476494379));
#416 = CARTESIAN_POINT('',(14.781498125911,11.192395723366,
    9.942234034852));
#417 = CARTESIAN_POINT('',(14.764868399418,11.178690837209,
    9.978807609651));
#418 = CARTESIAN_POINT('',(14.748881631496,11.165469295141,
    10.015751715119));
#419 = CARTESIAN_POINT('',(14.733548364156,11.152745936914,
    10.053052838283));
#420 = CARTESIAN_POINT('',(14.718878608963,11.14053499312,
    10.090696619187));
#421 = CARTESIAN_POINT('',(14.704881847027,11.128850085186,
    10.128667850896));
#422 = CARTESIAN_POINT('',(14.691567029011,11.117704225376,
    10.166950479493));
#423 = CARTESIAN_POINT('',(14.669907305676,11.099527442365,
    10.233137092652));
#424 = CARTESIAN_POINT('',(14.661225625903,11.092227475933,
    10.260897483666));
#425 = CARTESIAN_POINT('',(14.652900606873,11.085214432626,
    10.288802591273));
#426 = CARTESIAN_POINT('',(14.644935152653,11.078492603324,
    10.316846059894));
#427 = CARTESIAN_POINT('',(14.637332000314,11.072066054652,
    10.345021364217));
#428 = CARTESIAN_POINT('',(14.630093719934,11.06593862898,
    10.373321809199));
#429 = CARTESIAN_POINT('',(14.623222714591,11.060113944424,
    10.401740530066));
#430 = CARTESIAN_POINT('',(14.600850529599,11.041124154098,10.4999145146
    ));
#431 = CARTESIAN_POINT('',(14.587181245485,11.029476646325,
    10.570223898513));
#432 = CARTESIAN_POINT('',(14.575746421102,11.019702608954,
    10.641093692235));
#433 = CARTESIAN_POINT('',(14.566572349955,11.011842330384,
    10.712416360456));
#434 = CARTESIAN_POINT('',(14.559678660679,11.005926402554,
    10.784081879912));
#435 = CARTESIAN_POINT('',(14.555078411744,11.001975473515,
    10.855977834918));
#436 = CARTESIAN_POINT('',(14.552778186154,11.,10.927989512915));
#437 = CARTESIAN_POINT('',(14.552778186154,11.,11.082579816566));
#438 = CARTESIAN_POINT('',(14.555803288594,11.00259796611,
    11.165161867932));
#439 = CARTESIAN_POINT('',(14.561853038406,11.007793854943,
    11.247568971498));
#440 = CARTESIAN_POINT('',(14.570916062159,11.015569528417,
    11.329628233109));
#441 = CARTESIAN_POINT('',(14.582969858439,11.025889313201,
    11.411171252228));
#442 = CARTESIAN_POINT('',(14.597980588245,11.038700560165,
    11.492034327092));
#443 = CARTESIAN_POINT('',(14.615902865373,11.053934203828,
    11.572058659885));
#444 = CARTESIAN_POINT('',(14.645243376663,11.078747867507,
    11.683666301405));
#445 = CARTESIAN_POINT('',(14.654292346728,11.08638773476,
    11.716074277555));
#446 = CARTESIAN_POINT('',(14.663822541031,11.094419037368,
    11.748304096426));
#447 = CARTESIAN_POINT('',(14.673829762388,11.102835529398,
    11.780345702488));
#448 = CARTESIAN_POINT('',(14.684309532395,11.11163060518,
    11.812189378603));
#449 = CARTESIAN_POINT('',(14.695257091431,11.120797299309,
    11.843825746026));
#450 = CARTESIAN_POINT('',(14.706667398657,11.130328286644,11.8752457644
    ));
#451 = CARTESIAN_POINT('',(14.734885017492,11.153837780593,
    11.94941727397));
#452 = CARTESIAN_POINT('',(14.752102683758,11.168136305393,
    11.991965649464));
#453 = CARTESIAN_POINT('',(14.770174561428,11.183091558308,
    12.034064084422));
#454 = CARTESIAN_POINT('',(14.789086137817,11.198682716056,
    12.075691951241));
#455 = CARTESIAN_POINT('',(14.808821956941,11.214888030471,
    12.116829768539));
#456 = CARTESIAN_POINT('',(14.829365619517,11.231684828506,
    12.157459201154));
#457 = CARTESIAN_POINT('',(14.850699782964,11.249049512232,
    12.197563060145));
#458 = CARTESIAN_POINT('',(14.905800773139,11.293686000423,
    12.296173456664));
#459 = CARTESIAN_POINT('',(14.940512166796,11.321622294608,
    12.354009019291));
#460 = CARTESIAN_POINT('',(14.976884873188,11.350689919956,
    12.410590039586));
#461 = CARTESIAN_POINT('',(15.014860536866,11.380810053314,
    12.465879655636));
#462 = CARTESIAN_POINT('',(15.054377755992,11.411902021362,
    12.519846074762));
#463 = CARTESIAN_POINT('',(15.095371922223,11.443883752154,
    12.572462553592));
#464 = CARTESIAN_POINT('',(15.137775060584,11.476672226666,
    12.623707378124));
#465 = CARTESIAN_POINT('',(15.259401607626,11.569855950382,
    12.762339874039));
#466 = CARTESIAN_POINT('',(15.341480117955,11.631784366419,
    12.84665909286));
#467 = CARTESIAN_POINT('',(15.427434538401,11.695565815212,
    12.926545786947));
#468 = CARTESIAN_POINT('',(15.516950573644,11.760815737364,
    13.00205156447));
#469 = CARTESIAN_POINT('',(15.609712099377,11.827168249263,
    13.073252114796));
#470 = CARTESIAN_POINT('',(15.705396966689,11.894276015029,
    13.140243968209));
#471 = CARTESIAN_POINT('',(15.803672806458,11.961810118454,
    13.203141255632));
#472 = CARTESIAN_POINT('',(16.217472196386,12.240296441572,
    13.445736691875));
#473 = CARTESIAN_POINT('',(16.552232272629,12.452042188543,
    13.590692623091));
#474 = CARTESIAN_POINT('',(16.902143318563,12.658134840726,
    13.703451726187));
#475 = CARTESIAN_POINT('',(17.262809664454,12.854897042287,
    13.789881534422));
#476 = CARTESIAN_POINT('',(17.630953458432,13.040268615455,
    13.855024483215));
#477 = CARTESIAN_POINT('',(18.00425434331,13.213216205422,
    13.903108845061));
#478 = CARTESIAN_POINT('',(18.381461993599,13.373440766836,
    13.937646651785));
#479 = CARTESIAN_POINT('',(18.942988143152,13.590957926955,
    13.972827988966));
#480 = CARTESIAN_POINT('',(19.124382848489,13.658054144966,
    13.981742514843));
#481 = CARTESIAN_POINT('',(19.306478341179,13.722267867632,
    13.988559234695));
#482 = CARTESIAN_POINT('',(19.489188169863,13.78358770733,
    13.993553510114));
#483 = CARTESIAN_POINT('',(19.672443990194,13.84201238223,
    13.996976125514));
#484 = CARTESIAN_POINT('',(19.856195908629,13.897548135973,
    13.999055516793));
#485 = CARTESIAN_POINT('',(20.040412826211,13.950206157353,14.));
#486 = CARTESIAN_POINT('',(20.225082782365,14.,14.));
#487 = ORIENTED_EDGE('',*,*,#488,.F.);
#488 = EDGE_CURVE('',#489,#319,#491,.T.);
#489 = VERTEX_POINT('',#490);
#490 = CARTESIAN_POINT('',(3.774917217635,14.,14.));
#491 = LINE('',#492,#493);
#492 = CARTESIAN_POINT('',(-22.,14.,14.));
#493 = VECTOR('',#494,1.);
#494 = DIRECTION('',(1.,0.,0.));
#495 = ORIENTED_EDGE('',*,*,#496,.T.);
#496 = EDGE_CURVE('',#489,#497,#499,.T.);
#497 = VERTEX_POINT('',#498);
#498 = CARTESIAN_POINT('',(-3.774917217635,14.,14.));
#499 = B_SPLINE_CURVE_WITH_KNOTS('',8,(#500,#501,#502,#503,#504,#505,
    #506,#507,#508,#509,#510,#511,#512,#513,#514,#515,#516,#517,#518,
    #519,#520,#521,#522,#523,#524,#525,#526,#527,#528,#529,#530,#531,
    #532,#533,#534,#535,#536,#537,#538,#539,#540,#541,#542,#543,#544,
    #545,#546,#547,#548,#549,#550,#551,#552,#553,#554,#555,#556,#557,
    #558,#559,#560,#561,#562,#563,#564,#565,#566,#567,#568,#569,#570,
    #571,#572,#573,#574,#575,#576,#577,#578,#579,#580,#581,#582,#583,
    #584,#585,#586,#587,#588,#589,#590,#591,#592,#593,#594,#595,#596,
    #597,#598,#599,#600,#601,#602,#603,#604,#605,#606,#607,#608,#609,
    #610,#611,#612,#613,#614,#615,#616,#617,#618,#619,#620,#621,#622,
    #623,#624,#625,#626,#627,#628,#629,#630,#631,#632,#633,#634,#635,
    #636,#637,#638,#639,#640,#641,#642,#643,#644,#645,#646,#647,#648,
    #649,#650,#651,#652,#653,#654,#655,#656,#657,#658,#659,#660,#661,
    #662,#663,#664,#665,#666,#667,#668,#669,#670,#671,#672,#673,#674,
    #675,#676,#677,#678,#679,#680,#681,#682,#683,#684,#685,#686,#687,
    #688,#689,#690,#691,#692,#693,#694,#695,#696,#697),.UNSPECIFIED.,.F.
  ,.F.,(9,7,7,7,7,7,7,7,7,7,7,7,7,7,7,7,7,7,7,7,7,7,7,7,7,7,7,7,9),(0.,
    0.100586166212,0.140418923321,0.159470891641,0.171562658706,
    0.180000813613,0.201155913097,0.219262803218,0.226616867547,
    0.237219420857,0.252381797832,0.280170035103,0.316045081165,
    0.454335397096,0.549028685749,0.624172936846,0.691718499093,
    0.737563959179,0.757471389609,0.770064645353,0.77890272499,
    0.785228102046,0.800668876095,0.818664654211,0.825976294068,
    0.836057881571,0.851127008886,0.878051630815,1.),.UNSPECIFIED.);
#500 = CARTESIAN_POINT('',(3.774917217635,14.,14.));
#501 = CARTESIAN_POINT('',(4.243170935128,13.873741498544,14.));
#502 = CARTESIAN_POINT('',(4.706204446485,13.729690289073,
    13.993926990294));
#503 = CARTESIAN_POINT('',(5.166056843239,13.567353393832,
    13.978786833705));
#504 = CARTESIAN_POINT('',(5.622939882952,13.386126976895,
    13.950788060996));
#505 = CARTESIAN_POINT('',(6.075346411185,13.185874629338,
    13.905057383552));
#506 = CARTESIAN_POINT('',(6.520308756444,12.9674145677,13.835387784859)
  );
#507 = CARTESIAN_POINT('',(6.953339528904,12.733122806658,13.7340560559)
  );
#508 = CARTESIAN_POINT('',(7.531661332379,12.391947290273,
    13.535097333249));
#509 = CARTESIAN_POINT('',(7.693152922954,12.293356666731,
    13.472068013845));
#510 = CARTESIAN_POINT('',(7.851343138045,12.193472639608,
    13.401905246222));
#511 = CARTESIAN_POINT('',(8.005498524216,12.09288880421,13.324056447436
    ));
#512 = CARTESIAN_POINT('',(8.15487377359,11.992293419646,13.237970491551
    ));
#513 = CARTESIAN_POINT('',(8.298692584224,11.892486284078,
    13.143109618739));
#514 = CARTESIAN_POINT('',(8.436127703052,11.79439574981,13.038962134798
    ));
#515 = CARTESIAN_POINT('',(8.628531938664,11.653514043931,
    12.870574662231));
#516 = CARTESIAN_POINT('',(8.689078790953,11.60859909662,12.813894944168
    ));
#517 = CARTESIAN_POINT('',(8.747779780346,11.564500787085,
    12.755009829635));
#518 = CARTESIAN_POINT('',(8.804499992633,11.521371608404,
    12.693922106087));
#519 = CARTESIAN_POINT('',(8.859110162356,11.479365778113,
    12.630644366953));
#520 = CARTESIAN_POINT('',(8.91148630787,11.438638220379,12.565199112862
    ));
#521 = CARTESIAN_POINT('',(8.9615093664,11.399343548167,12.497618852874)
  );
#522 = CARTESIAN_POINT('',(9.039246990233,11.337702482425,12.38372686803
    ));
#523 = CARTESIAN_POINT('',(9.068430584575,11.314412472818,
    12.338671372598));
#524 = CARTESIAN_POINT('',(9.096581448403,11.29180813197,12.292798888684
    ));
#525 = CARTESIAN_POINT('',(9.123667216804,11.269931615004,
    12.246130870884));
#526 = CARTESIAN_POINT('',(9.14965726135,11.248823945546,12.198691059986
    ));
#527 = CARTESIAN_POINT('',(9.174522627761,11.22852484449,12.150505483829
    ));
#528 = CARTESIAN_POINT('',(9.198235973577,11.209072558757,12.10160245818
    ));
#529 = CARTESIAN_POINT('',(9.236497769077,11.177545535178,
    12.017406643934));
#530 = CARTESIAN_POINT('',(9.251649852203,11.165018051356,11.98246757272
    ));
#531 = CARTESIAN_POINT('',(9.266218663188,11.152934026414,11.94720666561
    ));
#532 = CARTESIAN_POINT('',(9.280195549627,11.141305729882,
    11.911635875186));
#533 = CARTESIAN_POINT('',(9.293572298734,11.130144913009,
    11.875767814955));
#534 = CARTESIAN_POINT('',(9.306341137335,11.119462808762,
    11.839615759351));
#535 = CARTESIAN_POINT('',(9.318494731876,11.109270131821,
    11.803193643729));
#536 = CARTESIAN_POINT('',(9.358936431587,11.075275853054,11.67456256877
    ));
#537 = CARTESIAN_POINT('',(9.383938274402,11.054112801737,
    11.580997064652));
#538 = CARTESIAN_POINT('',(9.40492111951,11.036249929818,11.486054405838
    ));
#539 = CARTESIAN_POINT('',(9.421796410687,11.02182070833,11.389988399245
    ));
#540 = CARTESIAN_POINT('',(9.434497623243,11.010928091083,
    11.293067690743));
#541 = CARTESIAN_POINT('',(9.442980254429,11.003642531593,
    11.195571651027));
#542 = CARTESIAN_POINT('',(9.447221813846,11.,11.097786261473));
#543 = CARTESIAN_POINT('',(9.447221813846,11.,10.916303627256));
#544 = CARTESIAN_POINT('',(9.444114342452,11.002668698894,
    10.832604920532));
#545 = CARTESIAN_POINT('',(9.437899895282,11.008006046904,
    10.749088418808));
#546 = CARTESIAN_POINT('',(9.428590474035,11.015992896948,
    10.665934099634));
#547 = CARTESIAN_POINT('',(9.416209812771,11.026591610846,
    10.583317150943));
#548 = CARTESIAN_POINT('',(9.400793604185,11.039746665536,10.50140774285
    ));
#549 = CARTESIAN_POINT('',(9.382389725884,11.055385259276,
    10.420370799456));
#550 = CARTESIAN_POINT('',(9.352394833568,11.080741833259,
    10.307871945123));
#551 = CARTESIAN_POINT('',(9.343248115599,11.08846086518,10.275547464242
    ));
#552 = CARTESIAN_POINT('',(9.333622262422,11.096569083884,
    10.243402632606));
#553 = CARTESIAN_POINT('',(9.323521502008,11.105060205215,10.21144741516
    ));
#554 = CARTESIAN_POINT('',(9.312950340626,11.113927590599,
    10.179691437201));
#555 = CARTESIAN_POINT('',(9.301913562851,11.12316424705,10.148143984376
    ));
#556 = CARTESIAN_POINT('',(9.290416231558,11.132762827168,
    10.116814002686));
#557 = CARTESIAN_POINT('',(9.261231382721,11.157064852741,
    10.040866759108));
#558 = CARTESIAN_POINT('',(9.243053394244,11.172150083626,9.996494600681
    ));
#559 = CARTESIAN_POINT('',(9.223945308676,11.187948466215,9.952618225919
    ));
#560 = CARTESIAN_POINT('',(9.2039238267,11.204436070262,9.909260868244)
  );
#561 = CARTESIAN_POINT('',(9.1830067635,11.221587890846,9.866444391776)
  );
#562 = CARTESIAN_POINT('',(9.161213048763,11.239377848375,9.82418929134)
  );
#563 = CARTESIAN_POINT('',(9.138562726678,11.257778788581,9.782514692458
    ));
#564 = CARTESIAN_POINT('',(9.081490696182,11.303910464301,9.682696371919
    ));
#565 = CARTESIAN_POINT('',(9.046199312124,11.332247698419,9.625183761964
    ));
#566 = CARTESIAN_POINT('',(9.009258954115,11.361697015016,9.568940622983
    ));
#567 = CARTESIAN_POINT('',(8.970728589188,11.392179109159,9.514002015493
    ));
#568 = CARTESIAN_POINT('',(8.930670158603,11.423612985878,9.460397980368
    ));
#569 = CARTESIAN_POINT('',(8.889148735402,11.455916405179,9.408153560176
    ));
#570 = CARTESIAN_POINT('',(8.846232681959,11.489006327072,9.357288820507
    ));
#571 = CARTESIAN_POINT('',(8.720916787657,11.584732173847,9.217154809317
    ));
#572 = CARTESIAN_POINT('',(8.635451499596,11.648984843442,9.131236954256
    ));
#573 = CARTESIAN_POINT('',(8.545942391764,11.715120319774,9.050026978344
    ));
#574 = CARTESIAN_POINT('',(8.452729843056,11.782724290464,8.973457410979
    ));
#575 = CARTESIAN_POINT('',(8.35615495438,11.851404727485,8.901435313017)
  );
#576 = CARTESIAN_POINT('',(8.256564340202,11.920791438308,8.833845951038
    ));
#577 = CARTESIAN_POINT('',(8.154314920073,11.990535617045,8.77055647161)
  );
#578 = CARTESIAN_POINT('',(7.914820839027,12.150388427747,8.63507292395)
  );
#579 = CARTESIAN_POINT('',(7.775973689165,12.240568328566,8.56560330156)
  );
#580 = CARTESIAN_POINT('',(7.633729857764,12.330343776928,8.502538271489
    ));
#581 = CARTESIAN_POINT('',(7.488532000559,12.419294379977,8.445420215295
    ));
#582 = CARTESIAN_POINT('',(7.340778960895,12.507073604951,8.393808417431
    ));
#583 = CARTESIAN_POINT('',(7.190831898765,12.593397711028,8.347281149696
    ));
#584 = CARTESIAN_POINT('',(7.039020419861,12.678034681158,8.305437755684
    ));
#585 = CARTESIAN_POINT('',(6.294434886494,13.079808642342,8.123203877983
    ));
#586 = CARTESIAN_POINT('',(5.675850988476,13.373174116422,8.041468939417
    ));
#587 = CARTESIAN_POINT('',(5.042650731249,13.631499045156,8.001654917464
    ));
#588 = CARTESIAN_POINT('',(4.402109561093,13.853026092836,7.988735974667
    ));
#589 = CARTESIAN_POINT('',(3.758456548472,14.038044178395,7.991431233912
    ));
#590 = CARTESIAN_POINT('',(3.113017010328,14.188120679559,8.00185263561)
  );
#591 = CARTESIAN_POINT('',(2.463709033468,14.304516774967,8.014334579757
    ));
#592 = CARTESIAN_POINT('',(1.356063741817,14.443578346284,8.032427453371
    ));
#593 = CARTESIAN_POINT('',(0.904671089409,14.483896206666,8.038920834577
    ));
#594 = CARTESIAN_POINT('',(0.452518942609,14.508060235762,8.043321904198
    ));
#595 = CARTESIAN_POINT('',(-1.037142594029E-12,14.516109933894,
    8.044873973256));
#596 = CARTESIAN_POINT('',(-0.45251894261,14.508060235762,8.043321904198
    ));
#597 = CARTESIAN_POINT('',(-0.904671089408,14.483896206666,
    8.038920834577));
#598 = CARTESIAN_POINT('',(-1.356063741815,14.443578346284,
    8.032427453371));
#599 = CARTESIAN_POINT('',(-2.163501465109,14.34220694211,8.019238331557
    ));
#600 = CARTESIAN_POINT('',(-2.519922321195,14.287161423408,
    8.012862887136));
#601 = CARTESIAN_POINT('',(-2.875415890777,14.221889143364,
    8.006560206203));
#602 = CARTESIAN_POINT('',(-3.22986370065,14.146335068787,8.001136795757
    ));
#603 = CARTESIAN_POINT('',(-3.583099905567,14.060427075741,
    7.997584123822));
#604 = CARTESIAN_POINT('',(-3.934884700953,13.964093036245,
    7.997092281931));
#605 = CARTESIAN_POINT('',(-4.28487912034,13.857289849792,8.001086146466
    ));
#606 = CARTESIAN_POINT('',(-4.945199161048,13.634655006881,
    8.020450706545));
#607 = CARTESIAN_POINT('',(-5.255574128674,13.520957720561,
    8.034619212897));
#608 = CARTESIAN_POINT('',(-5.563940473568,13.398832451147,8.05503370592
    ));
#609 = CARTESIAN_POINT('',(-5.87008222589,13.268233680868,8.083157845869
    ));
#610 = CARTESIAN_POINT('',(-6.173420865178,13.129270787903,8.12072016997
    ));
#611 = CARTESIAN_POINT('',(-6.473022903493,12.982296123565,
    8.169748264769));
#612 = CARTESIAN_POINT('',(-6.767570866796,12.828033899224,8.23260339312
    ));
#613 = CARTESIAN_POINT('',(-7.250593623384,12.559015154135,
    8.365934865132));
#614 = CARTESIAN_POINT('',(-7.443241667309,12.447211950691,
    8.427612372619));
#615 = CARTESIAN_POINT('',(-7.632322991621,12.332946030681,8.49789113105
    ));
#616 = CARTESIAN_POINT('',(-7.816878004902,12.216925919531,
    8.577636761202));
#617 = CARTESIAN_POINT('',(-7.995903128922,12.100015276075,
    8.667744590352));
#618 = CARTESIAN_POINT('',(-8.168326662995,11.983265104625,
    8.769125492764));
#619 = CARTESIAN_POINT('',(-8.332967310313,11.867958849877,8.88268209913
    ));
#620 = CARTESIAN_POINT('',(-8.5560014811,11.706911457068,9.064245852461)
  );
#621 = CARTESIAN_POINT('',(-8.621756667825,11.658756917248,
    9.121634497911));
#622 = CARTESIAN_POINT('',(-8.685578887328,11.611374306792,
    9.181460564878));
#623 = CARTESIAN_POINT('',(-8.747312498538,11.564935596386,
    9.243732465979));
#624 = CARTESIAN_POINT('',(-8.806807836764,11.51961601596,9.308447634582
    ));
#625 = CARTESIAN_POINT('',(-8.863920792084,11.475592894869,
    9.375592386494));
#626 = CARTESIAN_POINT('',(-8.918512387739,11.433044502065,
    9.445141781646));
#627 = CARTESIAN_POINT('',(-9.003302571646,11.366278699262,
    9.562553958015));
#628 = CARTESIAN_POINT('',(-9.035088219216,11.341074500639,9.60898811925
    ));
#629 = CARTESIAN_POINT('',(-9.065764858402,11.316586511396,
    9.656342492754));
#630 = CARTESIAN_POINT('',(-9.095294148667,11.292863996518,9.7045948584)
  );
#631 = CARTESIAN_POINT('',(-9.123639774469,11.269955050428,
    9.753720249732));
#632 = CARTESIAN_POINT('',(-9.150767367971,11.247906382416,
    9.803690951032));
#633 = CARTESIAN_POINT('',(-9.176644431746,11.226763102066,
    9.854476494379));
#634 = CARTESIAN_POINT('',(-9.218501874089,11.192395723366,
    9.942234034852));
#635 = CARTESIAN_POINT('',(-9.235131600582,11.178690837209,
    9.978807609651));
#636 = CARTESIAN_POINT('',(-9.251118368504,11.165469295141,
    10.015751715119));
#637 = CARTESIAN_POINT('',(-9.266451635844,11.152745936914,
    10.053052838283));
#638 = CARTESIAN_POINT('',(-9.281121391037,11.14053499312,
    10.090696619187));
#639 = CARTESIAN_POINT('',(-9.295118152973,11.128850085186,
    10.128667850896));
#640 = CARTESIAN_POINT('',(-9.308432970989,11.117704225376,
    10.166950479493));
#641 = CARTESIAN_POINT('',(-9.330092694324,11.099527442365,
    10.233137092652));
#642 = CARTESIAN_POINT('',(-9.338774374097,11.092227475933,
    10.260897483666));
#643 = CARTESIAN_POINT('',(-9.347099393127,11.085214432626,
    10.288802591273));
#644 = CARTESIAN_POINT('',(-9.355064847347,11.078492603324,
    10.316846059894));
#645 = CARTESIAN_POINT('',(-9.362667999686,11.072066054652,
    10.345021364217));
#646 = CARTESIAN_POINT('',(-9.369906280066,11.06593862898,
    10.373321809199));
#647 = CARTESIAN_POINT('',(-9.376777285409,11.060113944424,
    10.401740530066));
#648 = CARTESIAN_POINT('',(-9.399149470401,11.041124154098,10.4999145146
    ));
#649 = CARTESIAN_POINT('',(-9.412818754515,11.029476646325,
    10.570223898513));
#650 = CARTESIAN_POINT('',(-9.424253578898,11.019702608954,
    10.641093692235));
#651 = CARTESIAN_POINT('',(-9.433427650045,11.011842330384,
    10.712416360456));
#652 = CARTESIAN_POINT('',(-9.440321339321,11.005926402554,
    10.784081879912));
#653 = CARTESIAN_POINT('',(-9.444921588256,11.001975473515,
    10.855977834918));
#654 = CARTESIAN_POINT('',(-9.447221813846,11.,10.927989512915));
#655 = CARTESIAN_POINT('',(-9.447221813846,11.,11.083926151859));
#656 = CARTESIAN_POINT('',(-9.444097254092,11.002683373176,
    11.167854663877));
#657 = CARTESIAN_POINT('',(-9.437848638519,11.008050068628,
    11.251599454102));
#658 = CARTESIAN_POINT('',(-9.428488101029,11.01608072669,
    11.334979062539));
#659 = CARTESIAN_POINT('',(-9.416039635366,11.026737295099,
    11.417816883041));
#660 = CARTESIAN_POINT('',(-9.400539324976,11.039963645162,
    11.499941395204));
#661 = CARTESIAN_POINT('',(-9.38203557288,11.055686187923,11.58118639625
    ));
#662 = CARTESIAN_POINT('',(-9.351875777066,11.081179974476,
    11.693978258439));
#663 = CARTESIAN_POINT('',(-9.342676282863,11.088942801456,
    11.726394464298));
#664 = CARTESIAN_POINT('',(-9.33299484599,11.097096971723,
    11.758629459023));
#665 = CARTESIAN_POINT('',(-9.322835744919,11.105636127771,
    11.790673195806));
#666 = CARTESIAN_POINT('',(-9.312203539537,11.114553554135,
    11.822515972518));
#667 = CARTESIAN_POINT('',(-9.301103071151,11.123842177397,
    11.854148431706));
#668 = CARTESIAN_POINT('',(-9.289539462481,11.133494566178,
    11.885561560594));
#669 = CARTESIAN_POINT('',(-9.26094259671,11.157302873309,11.95974602201
    ));
#670 = CARTESIAN_POINT('',(-9.243497255574,11.171779371601,
    12.002310822855));
#671 = CARTESIAN_POINT('',(-9.225195897708,11.186912215494,
    12.044419383146));
#672 = CARTESIAN_POINT('',(-9.206053273955,11.202680276223,
    12.086051151304));
#673 = CARTESIAN_POINT('',(-9.18608508255,11.219061506785,
    12.127186734637));
#674 = CARTESIAN_POINT('',(-9.165307969115,11.236032941936,
    12.167807899343));
#675 = CARTESIAN_POINT('',(-9.143739526669,11.253570698194,
    12.207897570509));
#676 = CARTESIAN_POINT('',(-9.08800446206,11.298673387198,
    12.306544350543));
#677 = CARTESIAN_POINT('',(-9.052887650612,11.32690398714,12.36441967756
    ));
#678 = CARTESIAN_POINT('',(-9.016104230429,11.35626414629,
    12.421024355432));
#679 = CARTESIAN_POINT('',(-8.977713458792,11.3866739885,12.476322060309
    ));
#680 = CARTESIAN_POINT('',(-8.937777642638,11.418051844696,
    12.530281581192));
#681 = CARTESIAN_POINT('',(-8.896362300091,11.450314708736,
    12.582876798886));
#682 = CARTESIAN_POINT('',(-8.853536321986,11.483378693257,
    12.634086664965));
#683 = CARTESIAN_POINT('',(-8.730462183579,11.577516999372,
    12.772890079252));
#684 = CARTESIAN_POINT('',(-8.647329458082,11.640125233299,
    12.857355543441));
#685 = CARTESIAN_POINT('',(-8.56029694027,11.704573736886,
    12.937321742951));
#686 = CARTESIAN_POINT('',(-8.469684652147,11.770472064671,
    13.01284627933));
#687 = CARTESIAN_POINT('',(-8.375813978051,11.83744952145,
    13.084010857674));
#688 = CARTESIAN_POINT('',(-8.279011988347,11.90515490758,
    13.150917958262));
#689 = CARTESIAN_POINT('',(-8.179615763113,11.973256264274,
    13.213687508195));
#690 = CARTESIAN_POINT('',(-7.617627965363,12.350264671198,
    13.538619716885));
#691 = CARTESIAN_POINT('',(-7.111177511861,12.660850765708,
    13.722712653338));
#692 = CARTESIAN_POINT('',(-6.578013516412,12.95295861952,
    13.844766228154));
#693 = CARTESIAN_POINT('',(-6.029145666013,13.219076629793,
    13.921874627197));
#694 = CARTESIAN_POINT('',(-5.472817320424,13.456116634672,
    13.967224777225));
#695 = CARTESIAN_POINT('',(-4.912861822024,13.664313572126,
    13.99087387572));
#696 = CARTESIAN_POINT('',(-4.348961449276,13.845216467592,14.));
#697 = CARTESIAN_POINT('',(-3.774917217635,14.,14.));
#698 = ORIENTED_EDGE('',*,*,#699,.F.);
#699 = EDGE_CURVE('',#56,#497,#700,.T.);
#700 = LINE('',#701,#702);
#701 = CARTESIAN_POINT('',(-22.,14.,14.));
#702 = VECTOR('',#703,1.);
#703 = DIRECTION('',(1.,0.,0.));
#704 = ORIENTED_EDGE('',*,*,#55,.T.);
#705 = ORIENTED_EDGE('',*,*,#699,.T.);
#706 = ORIENTED_EDGE('',*,*,#707,.T.);
#707 = EDGE_CURVE('',#497,#489,#708,.T.);
#708 = B_SPLINE_CURVE_WITH_KNOTS('',6,(#709,#710,#711,#712,#713,#714,
    #715,#716,#717,#718,#719,#720,#721,#722,#723,#724,#725,#726,#727,
    #728,#729,#730),.UNSPECIFIED.,.F.,.F.,(7,5,5,5,7),(0.,0.254285714189
    ,0.499999999998,0.745714285807,1.),.UNSPECIFIED.);
#709 = CARTESIAN_POINT('',(-3.774917217635,14.,14.));
#710 = CARTESIAN_POINT('',(-3.459181562956,14.085133997076,14.));
#711 = CARTESIAN_POINT('',(-3.142103006919,14.161464073497,
    13.997100949183));
#712 = CARTESIAN_POINT('',(-2.823920447507,14.229030477023,
    13.992426635499));
#713 = CARTESIAN_POINT('',(-2.504815154636,14.287887487506,
    13.986879170702));
#714 = CARTESIAN_POINT('',(-2.18492994032,14.338080554221,
    13.981183798761));
#715 = CARTESIAN_POINT('',(-1.55465546203,14.419798709081,
    13.970758826691));
#716 = CARTESIAN_POINT('',(-1.244316555775,14.451895128941,
    13.966003279614));
#717 = CARTESIAN_POINT('',(-0.933535486092,14.475951050128,
    13.962105106587));
#718 = CARTESIAN_POINT('',(-0.622463556201,14.49198308333,
    13.959394893306));
#719 = CARTESIAN_POINT('',(-0.311241589039,14.5,13.95803989155));
#720 = CARTESIAN_POINT('',(0.311241589039,14.5,13.95803989155));
#721 = CARTESIAN_POINT('',(0.622463556201,14.49198308333,13.959394893306
    ));
#722 = CARTESIAN_POINT('',(0.933535486092,14.475951050128,
    13.962105106587));
#723 = CARTESIAN_POINT('',(1.244316555775,14.451895128941,
    13.966003279614));
#724 = CARTESIAN_POINT('',(1.55465546203,14.419798709081,13.970758826691
    ));
#725 = CARTESIAN_POINT('',(2.184929940325,14.338080554221,
    13.981183798761));
#726 = CARTESIAN_POINT('',(2.504815154638,14.287887487506,
    13.986879170702));
#727 = CARTESIAN_POINT('',(2.823920447503,14.229030477023,
    13.992426635499));
#728 = CARTESIAN_POINT('',(3.142103006914,14.161464073499,
    13.997100949183));
#729 = CARTESIAN_POINT('',(3.459181562962,14.085133997075,14.));
#730 = CARTESIAN_POINT('',(3.774917217635,14.,14.));
#731 = ORIENTED_EDGE('',*,*,#488,.T.);
#732 = FACE_BOUND('',#733,.F.);
#733 = EDGE_LOOP('',(#734,#785));
#734 = ORIENTED_EDGE('',*,*,#735,.T.);
#735 = EDGE_CURVE('',#736,#738,#740,.T.);
#736 = VERTEX_POINT('',#737);
#737 = CARTESIAN_POINT('',(-13.3,16.,8.7639320225));
#738 = VERTEX_POINT('',#739);
#739 = CARTESIAN_POINT('',(-13.3,16.,13.2360679775));
#740 = B_SPLINE_CURVE_WITH_KNOTS('',7,(#741,#742,#743,#744,#745,#746,
    #747,#748,#749,#750,#751,#752,#753,#754,#755,#756,#757,#758,#759,
    #760,#761,#762,#763,#764,#765,#766,#767,#768,#769,#770,#771,#772,
    #773,#774,#775,#776,#777,#778,#779,#780,#781,#782,#783,#784),
  .UNSPECIFIED.,.F.,.F.,(8,6,6,6,6,6,6,8),(0.,7.177107270397E-02,
    0.243620482502,0.37250621502,0.499864784004,0.627223352988,
    0.756109085506,1.),.UNSPECIFIED.);
#741 = CARTESIAN_POINT('',(-13.3,16.,8.7639320225));
#742 = CARTESIAN_POINT('',(-13.3,16.041502815164,8.801053268886));
#743 = CARTESIAN_POINT('',(-13.30118208255,16.082021051921,
    8.838911564472));
#744 = CARTESIAN_POINT('',(-13.30344534849,16.121530651863,
    8.877459971274));
#745 = CARTESIAN_POINT('',(-13.30669342585,16.160012400298,
    8.916651695167));
#746 = CARTESIAN_POINT('',(-13.31083411401,16.197451409386,
    8.956440320876));
#747 = CARTESIAN_POINT('',(-13.31577902779,16.233836601271,
    8.996780046965));
#748 = CARTESIAN_POINT('',(-13.33500569429,16.353739365722,
    9.135427709913));
#749 = CARTESIAN_POINT('',(-13.3527037071,16.432304633273,9.236215042804
    ));
#750 = CARTESIAN_POINT('',(-13.37341692855,16.504929950837,
    9.339609777423));
#751 = CARTESIAN_POINT('',(-13.39619070716,16.571714307343,9.44529779083
    ));
#752 = CARTESIAN_POINT('',(-13.42016021883,16.632751720537,
    9.553015626553));
#753 = CARTESIAN_POINT('',(-13.444511312,16.688116270224,9.662525415481)
  );
#754 = CARTESIAN_POINT('',(-13.48645295423,16.775171207635,
    9.856866705288));
#755 = CARTESIAN_POINT('',(-13.50425085019,16.809401728026,
    9.941206019713));
#756 = CARTESIAN_POINT('',(-13.52155058907,16.840556619478,
    10.026508734287));
#757 = CARTESIAN_POINT('',(-13.5380423294,16.868640256412,
    10.112704650526));
#758 = CARTESIAN_POINT('',(-13.55343245845,16.893653687509,
    10.199740291978));
#759 = CARTESIAN_POINT('',(-13.5674484932,16.915589825966,
    10.287578545442));
#760 = CARTESIAN_POINT('',(-13.59209259576,16.953044232954,
    10.46376800587));
#761 = CARTESIAN_POINT('',(-13.60276387916,16.968642602241,
    10.552134508966));
#762 = CARTESIAN_POINT('',(-13.61159323281,16.981160866667,
    10.64109319275));
#763 = CARTESIAN_POINT('',(-13.61836756987,16.990569452287,
    10.730481828005));
#764 = CARTESIAN_POINT('',(-13.6229382295,16.996853054898,
    10.820169199438));
#765 = CARTESIAN_POINT('',(-13.62522729151,17.,10.910043429269));
#766 = CARTESIAN_POINT('',(-13.62522729151,17.,11.089956570731));
#767 = CARTESIAN_POINT('',(-13.6229382295,16.996853054898,
    11.179830800561));
#768 = CARTESIAN_POINT('',(-13.61836756987,16.990569452287,
    11.269518171995));
#769 = CARTESIAN_POINT('',(-13.61159323281,16.981160866667,
    11.35890680725));
#770 = CARTESIAN_POINT('',(-13.60276387916,16.968642602241,
    11.447865491033));
#771 = CARTESIAN_POINT('',(-13.59209259576,16.953044232954,
    11.536231994131));
#772 = CARTESIAN_POINT('',(-13.5674484932,16.915589825966,
    11.712421454558));
#773 = CARTESIAN_POINT('',(-13.55343245845,16.893653687509,
    11.800259708022));
#774 = CARTESIAN_POINT('',(-13.5380423294,16.868640256412,
    11.887295349474));
#775 = CARTESIAN_POINT('',(-13.52155058907,16.840556619478,
    11.973491265713));
#776 = CARTESIAN_POINT('',(-13.50425085019,16.809401728026,
    12.058793980287));
#777 = CARTESIAN_POINT('',(-13.48645295423,16.775171207635,
    12.143133294712));
#778 = CARTESIAN_POINT('',(-13.43446413563,16.667262143787,
    12.384029299854));
#779 = CARTESIAN_POINT('',(-13.39976878174,16.58553798045,
    12.538098511815));
#780 = CARTESIAN_POINT('',(-13.36648472098,16.492427238912,
    12.688438201304));
#781 = CARTESIAN_POINT('',(-13.3369012657,16.387531356251,
    12.834515518848));
#782 = CARTESIAN_POINT('',(-13.31367704033,16.270497491685,
    12.975410198774));
#783 = CARTESIAN_POINT('',(-13.3,16.141173574494,13.109798493822));
#784 = CARTESIAN_POINT('',(-13.3,16.,13.2360679775));
#785 = ORIENTED_EDGE('',*,*,#786,.T.);
#786 = EDGE_CURVE('',#738,#736,#787,.T.);
#787 = B_SPLINE_CURVE_WITH_KNOTS('',7,(#788,#789,#790,#791,#792,#793,
    #794,#795,#796,#797,#798,#799,#800,#801,#802,#803,#804,#805,#806,
    #807,#808,#809,#810,#811,#812,#813,#814,#815,#816,#817,#818,#819,
    #820,#821,#822,#823,#824,#825,#826,#827,#828,#829,#830,#831,#832,
    #833,#834,#835,#836,#837,#838,#839,#840,#841,#842,#843,#844,#845,
    #846,#847,#848,#849,#850,#851,#852,#853,#854,#855,#856,#857,#858,
    #859,#860,#861,#862,#863,#864,#865,#866,#867,#868,#869,#870,#871,
    #872,#873,#874,#875,#876,#877,#878,#879,#880,#881,#882,#883,#884,
    #885,#886,#887,#888,#889,#890,#891,#892,#893,#894,#895,#896,#897,
    #898,#899,#900,#901,#902,#903,#904,#905,#906,#907,#908,#909,#910,
    #911,#912,#913,#914,#915,#916,#917,#918,#919,#920,#921,#922,#923,
    #924,#925,#926,#927,#928,#929,#930,#931,#932,#933,#934,#935,#936,
    #937,#938,#939,#940,#941,#942,#943,#944,#945,#946,#947,#948,#949,
    #950,#951,#952,#953,#954,#955,#956,#957,#958,#959,#960,#961,#962,
    #963,#964,#965,#966,#967,#968,#969,#970,#971,#972,#973,#974,#975),
  .UNSPECIFIED.,.F.,.F.,(8,6,6,6,6,6,6,6,6,6,6,6,6,6,6,6,6,6,6,6,6,6,6,6
    ,6,6,6,6,6,6,6,8),(0.,1.813600373922E-02,4.882317205784E-02,
    7.73744541417E-02,9.418635210832E-02,0.114278591616,0.129383017677,
    0.171794328202,0.228856927253,0.249073582796,0.266089703003,
    0.29441768402,0.32658669228,0.366904198047,0.41982207181,
    0.459230168476,0.499572320527,0.539914472577,0.579322569244,
    0.653979352334,0.682967876845,0.733199361621,0.750260938933,
    0.770531605837,0.827746666478,0.870271292834,0.88541607536,
    0.905561997926,0.922418814434,0.951046380702,0.981815539931,1.),
  .UNSPECIFIED.);
#788 = CARTESIAN_POINT('',(-13.3,16.,13.2360679775));
#789 = CARTESIAN_POINT('',(-13.3,15.966337970244,13.266176212218));
#790 = CARTESIAN_POINT('',(-13.30077762343,15.932028607583,
    13.29579925337));
#791 = CARTESIAN_POINT('',(-13.30238675679,15.897102653128,
    13.324896135929));
#792 = CARTESIAN_POINT('',(-13.30488072987,15.861593272174,
    13.353428943159));
#793 = CARTESIAN_POINT('',(-13.30831231577,15.825536054203,
    13.381362806612));
#794 = CARTESIAN_POINT('',(-13.31273373093,15.788969012882,
    13.408665906129));
#795 = CARTESIAN_POINT('',(-13.32744018525,15.689264807649,
    13.480391922176));
#796 = CARTESIAN_POINT('',(-13.33967603485,15.625180363787,
    13.523638713798));
#797 = CARTESIAN_POINT('',(-13.3551383432,15.560070298921,13.56475711201
    ));
#798 = CARTESIAN_POINT('',(-13.3740034575,15.494348689693,
    13.603534579655));
#799 = CARTESIAN_POINT('',(-13.3963850772,15.428442265271,
    13.639832448071));
#800 = CARTESIAN_POINT('',(-13.42232941838,15.36278002767,
    13.673579590058));
#801 = CARTESIAN_POINT('',(-13.47923940609,15.237309644168,
    13.733781954726));
#802 = CARTESIAN_POINT('',(-13.50966887478,15.177546945528,
    13.76051656454));
#803 = CARTESIAN_POINT('',(-13.54305300962,15.118831305054,
    13.784977091743));
#804 = CARTESIAN_POINT('',(-13.5792880925,15.061495919831,
    13.807213058662));
#805 = CARTESIAN_POINT('',(-13.61820984424,15.005860595142,
    13.82730912849));
#806 = CARTESIAN_POINT('',(-13.659590807,14.952221684469,13.845377893307
    ));
#807 = CARTESIAN_POINT('',(-13.72877953042,14.870588063505,
    13.871076877553));
#808 = CARTESIAN_POINT('',(-13.75518649975,14.841100576366,
    13.879949493843));
#809 = CARTESIAN_POINT('',(-13.7823213993,14.812410157352,
    13.888204382689));
#810 = CARTESIAN_POINT('',(-13.81014432644,14.784544974466,
    13.895874977422));
#811 = CARTESIAN_POINT('',(-13.83861271131,14.757530774434,
    13.902994272969));
#812 = CARTESIAN_POINT('',(-13.86768131678,14.731390882706,
    13.909594825855));
#813 = CARTESIAN_POINT('',(-13.93270280156,14.675975776374,
    13.92301563371));
#814 = CARTESIAN_POINT('',(-13.96889447971,14.647081912648,
    13.929627749947));
#815 = CARTESIAN_POINT('',(-14.00581859488,14.619480472119,
    13.935604077491));
#816 = CARTESIAN_POINT('',(-14.04341650201,14.593184502499,
    13.94099980485));
#817 = CARTESIAN_POINT('',(-14.08162958913,14.568204239377,
    13.945866334469));
#818 = CARTESIAN_POINT('',(-14.12039927729,14.54454710622,
    13.950251282724));
#819 = CARTESIAN_POINT('',(-14.18918671276,14.505431499569,
    13.957165802124));
#820 = CARTESIAN_POINT('',(-14.21899264115,14.48939302702,13.95988620369
    ));
#821 = CARTESIAN_POINT('',(-14.24906377451,14.474102360795,
    13.962378523859));
#822 = CARTESIAN_POINT('',(-14.27938017518,14.459559021743,
    13.96466029178));
#823 = CARTESIAN_POINT('',(-14.30992299908,14.445761987484,
    13.966747726518));
#824 = CARTESIAN_POINT('',(-14.34067449574,14.432709692416,
    13.968655737054));
#825 = CARTESIAN_POINT('',(-14.45850346243,14.385836052206,
    13.975289757195));
#826 = CARTESIAN_POINT('',(-14.54688428732,14.357135334863,
    13.978873542005));
#827 = CARTESIAN_POINT('',(-14.63641149873,14.334242786542,
    13.981451119843));
#828 = CARTESIAN_POINT('',(-14.72677062045,14.317110808138,
    13.983242296838));
#829 = CARTESIAN_POINT('',(-14.81767157449,14.305703354773,
    13.98438947937));
#830 = CARTESIAN_POINT('',(-14.90883857131,14.3,13.98496231132));
#831 = CARTESIAN_POINT('',(-15.12265379187,14.3,13.98496231132));
#832 = CARTESIAN_POINT('',(-15.24534801022,14.310324229863,
    13.983924628275));
#833 = CARTESIAN_POINT('',(-15.36740813445,14.330985232274,
    13.981848286345));
#834 = CARTESIAN_POINT('',(-15.4881396241,14.36204886556,13.978498944325
    ));
#835 = CARTESIAN_POINT('',(-15.60678703628,14.403622509494,
    13.97340979102));
#836 = CARTESIAN_POINT('',(-15.7224934086,14.455831068226,
    13.965856175447));
#837 = CARTESIAN_POINT('',(-15.87385755757,14.541083162197,13.9508882969
    ));
#838 = CARTESIAN_POINT('',(-15.91295597812,14.564731134141,
    13.946533943217));
#839 = CARTESIAN_POINT('',(-15.95149592968,14.589720375637,
    13.941696539292));
#840 = CARTESIAN_POINT('',(-15.98941806425,14.616043731652,
    13.936327799583));
#841 = CARTESIAN_POINT('',(-16.02666292554,14.643691202652,
    13.930375524553));
#842 = CARTESIAN_POINT('',(-16.06317094896,14.672649944605,
    13.923783600679));
#843 = CARTESIAN_POINT('',(-16.12894042015,14.728368976495,
    13.91035474664));
#844 = CARTESIAN_POINT('',(-16.1584358895,14.754753166411,
    13.903721574194));
#845 = CARTESIAN_POINT('',(-16.18731920176,14.782035484609,
    13.896559169879));
#846 = CARTESIAN_POINT('',(-16.21554345048,14.810192039796,
    13.888833732437));
#847 = CARTESIAN_POINT('',(-16.24306449081,14.839196403503,
    13.880510972581));
#848 = CARTESIAN_POINT('',(-16.26984093943,14.869019610087,
    13.871556112991));
#849 = CARTESIAN_POINT('',(-16.33910701603,14.950589774643,
    13.845915066486));
#850 = CARTESIAN_POINT('',(-16.38024844401,15.003778059841,
    13.82803263311));
#851 = CARTESIAN_POINT('',(-16.41897194365,15.05893906455,
    13.808155883064));
#852 = CARTESIAN_POINT('',(-16.45505457547,15.115784364237,
    13.786173984971));
#853 = CARTESIAN_POINT('',(-16.48833447686,15.174002715778,
    13.762002914455));
#854 = CARTESIAN_POINT('',(-16.51870836346,15.233269715626,
    13.735592387416));
#855 = CARTESIAN_POINT('',(-16.57726770115,15.361379015185,
    13.67438720807));
#856 = CARTESIAN_POINT('',(-16.60451572387,15.430250272373,
    13.63902696033));
#857 = CARTESIAN_POINT('',(-16.62784128315,15.499384452975,
    13.600862979084));
#858 = CARTESIAN_POINT('',(-16.6473008247,15.5682918313,13.559975155205)
  );
#859 = CARTESIAN_POINT('',(-16.66303168485,15.636488072202,
    13.516522857684));
#860 = CARTESIAN_POINT('',(-16.67524471987,15.703502570755,
    13.470755449881));
#861 = CARTESIAN_POINT('',(-16.69546183728,15.850833014574,
    13.363199352805));
#862 = CARTESIAN_POINT('',(-16.70161557708,15.930214614649,
    13.300291622194));
#863 = CARTESIAN_POINT('',(-16.7033021232,16.006719146528,
    13.234572401438));
#864 = CARTESIAN_POINT('',(-16.70111090676,16.080104643782,
    13.166341513575));
#865 = CARTESIAN_POINT('',(-16.69560603879,16.150183223771,
    13.095920444137));
#866 = CARTESIAN_POINT('',(-16.68732992391,16.216811581103,
    13.02365124945));
#867 = CARTESIAN_POINT('',(-16.66298211297,16.362678450519,
    12.853098799367));
#868 = CARTESIAN_POINT('',(-16.64524268424,16.439588309913,
    12.753465656976));
#869 = CARTESIAN_POINT('',(-16.6246519,16.510705285519,12.651356351075)
  );
#870 = CARTESIAN_POINT('',(-16.6021193746,16.576141426351,
    12.547057789018));
#871 = CARTESIAN_POINT('',(-16.57846471015,16.63600361936,
    12.440799112163));
#872 = CARTESIAN_POINT('',(-16.55445623396,16.690376625907,
    12.332772646513));
#873 = CARTESIAN_POINT('',(-16.51321660323,16.775766579941,
    12.141538894744));
#874 = CARTESIAN_POINT('',(-16.49579194712,16.809261050776,
    12.05890480766));
#875 = CARTESIAN_POINT('',(-16.4788471007,16.839804407964,
    11.975344781974));
#876 = CARTESIAN_POINT('',(-16.462673523,16.86740016078,11.890925669765)
  );
#877 = CARTESIAN_POINT('',(-16.4475477399,16.892048992158,
    11.805698914609));
#878 = CARTESIAN_POINT('',(-16.4337268369,16.913744390096,
    11.719700888829));
#879 = CARTESIAN_POINT('',(-16.40886993661,16.951635963856,
    11.544149469397));
#880 = CARTESIAN_POINT('',(-16.3978999652,16.967700978628,
    11.454507304261));
#881 = CARTESIAN_POINT('',(-16.38881413359,16.980595018263,
    11.364244297247));
#882 = CARTESIAN_POINT('',(-16.38183841201,16.990286274933,
    11.273532455592));
#883 = CARTESIAN_POINT('',(-16.37713046001,16.996758622225,
    11.182510471886));
#884 = CARTESIAN_POINT('',(-16.37477270848,17.,11.091296290441));
#885 = CARTESIAN_POINT('',(-16.37477270848,17.,10.908703709559));
#886 = CARTESIAN_POINT('',(-16.37713046001,16.996758622225,
    10.817489528114));
#887 = CARTESIAN_POINT('',(-16.38183841201,16.990286274933,
    10.726467544408));
#888 = CARTESIAN_POINT('',(-16.38881413359,16.980595018263,
    10.635755702753));
#889 = CARTESIAN_POINT('',(-16.3978999652,16.967700978628,
    10.545492695739));
#890 = CARTESIAN_POINT('',(-16.40886993661,16.951635963856,
    10.455850530603));
#891 = CARTESIAN_POINT('',(-16.4337268369,16.913744390096,
    10.280299111171));
#892 = CARTESIAN_POINT('',(-16.4475477399,16.892048992158,
    10.194301085391));
#893 = CARTESIAN_POINT('',(-16.462673523,16.86740016078,10.109074330235)
  );
#894 = CARTESIAN_POINT('',(-16.4788471007,16.839804407964,
    10.024655218026));
#895 = CARTESIAN_POINT('',(-16.49579194712,16.809261050776,9.94109519234
    ));
#896 = CARTESIAN_POINT('',(-16.51321660323,16.775766579941,
    9.858461105256));
#897 = CARTESIAN_POINT('',(-16.5641664443,16.670270858705,9.622199793306
    ));
#898 = CARTESIAN_POINT('',(-16.59820007764,16.590523700602,
    9.470958777914));
#899 = CARTESIAN_POINT('',(-16.63094637585,16.4998338923,9.323298491559)
  );
#900 = CARTESIAN_POINT('',(-16.66025195649,16.397829851434,
    9.179709744857));
#901 = CARTESIAN_POINT('',(-16.68363005047,16.284171979695,
    9.041036047043));
#902 = CARTESIAN_POINT('',(-16.69810916755,16.158693235862,
    8.908492445756));
#903 = CARTESIAN_POINT('',(-16.700541138,15.968567264559,8.735066575425)
  );
#904 = CARTESIAN_POINT('',(-16.69930257261,15.91365701848,8.687706391519
    ));
#905 = CARTESIAN_POINT('',(-16.69591827127,15.857161352811,
    8.641696263711));
#906 = CARTESIAN_POINT('',(-16.69017047459,15.799245851994,
    8.597212814012));
#907 = CARTESIAN_POINT('',(-16.68185154365,15.740092121913,
    8.554405174264));
#908 = CARTESIAN_POINT('',(-16.67076486628,15.679896778369,
    8.513395685113));
#909 = CARTESIAN_POINT('',(-16.63239872383,15.513123631943,
    8.406501738121));
#910 = CARTESIAN_POINT('',(-16.5992491243,15.405066213698,8.344529658992
    ));
#911 = CARTESIAN_POINT('',(-16.55656544474,15.296672394288,
    8.289379174678));
#912 = CARTESIAN_POINT('',(-16.50415310965,15.189989687756,
    8.241448155107));
#913 = CARTESIAN_POINT('',(-16.44240150908,15.087053880988,8.20061932133
    ));
#914 = CARTESIAN_POINT('',(-16.37236161232,14.989751555208,
    8.166395182514));
#915 = CARTESIAN_POINT('',(-16.26984093943,14.869019610085,
    8.128443887008));
#916 = CARTESIAN_POINT('',(-16.24306449081,14.839196403503,
    8.119489027419));
#917 = CARTESIAN_POINT('',(-16.21554345048,14.810192039798,
    8.111166267563));
#918 = CARTESIAN_POINT('',(-16.18731920176,14.782035484611,
    8.103440830121));
#919 = CARTESIAN_POINT('',(-16.1584358895,14.754753166411,8.096278425806
    ));
#920 = CARTESIAN_POINT('',(-16.12894042015,14.728368976494,
    8.089645253359));
#921 = CARTESIAN_POINT('',(-16.06317094139,14.672649938189,
    8.076216397775));
#922 = CARTESIAN_POINT('',(-16.02666292491,14.643691201093,
    8.069624474934));
#923 = CARTESIAN_POINT('',(-15.98941807061,14.61604373564,8.063672201191
    ));
#924 = CARTESIAN_POINT('',(-15.95149593586,14.589720380381,
    8.058303461782));
#925 = CARTESIAN_POINT('',(-15.91295597703,14.564731134471,
    8.053466057022));
#926 = CARTESIAN_POINT('',(-15.87385754953,14.54108315767,8.049111702305
    ));
#927 = CARTESIAN_POINT('',(-15.7224934086,14.455831068226,8.034143824553
    ));
#928 = CARTESIAN_POINT('',(-15.60678703628,14.403622509494,8.02659020898
    ));
#929 = CARTESIAN_POINT('',(-15.4881396241,14.36204886556,8.021501055675)
  );
#930 = CARTESIAN_POINT('',(-15.36740813445,14.330985232274,
    8.018151713655));
#931 = CARTESIAN_POINT('',(-15.24534801022,14.310324229863,
    8.016075371725));
#932 = CARTESIAN_POINT('',(-15.12265379187,14.3,8.01503768868));
#933 = CARTESIAN_POINT('',(-14.90883857131,14.3,8.01503768868));
#934 = CARTESIAN_POINT('',(-14.81767157449,14.305703354773,8.01561052063
    ));
#935 = CARTESIAN_POINT('',(-14.72677062045,14.317110808138,
    8.016757703162));
#936 = CARTESIAN_POINT('',(-14.63641149873,14.334242786542,
    8.018548880157));
#937 = CARTESIAN_POINT('',(-14.54688428732,14.357135334863,
    8.021126457995));
#938 = CARTESIAN_POINT('',(-14.45850346243,14.385836052206,
    8.024710242805));
#939 = CARTESIAN_POINT('',(-14.34067449574,14.432709692416,
    8.031344262946));
#940 = CARTESIAN_POINT('',(-14.30992299908,14.445761987484,
    8.033252273482));
#941 = CARTESIAN_POINT('',(-14.27938017518,14.459559021743,8.03533970822
    ));
#942 = CARTESIAN_POINT('',(-14.24906377451,14.474102360795,
    8.037621476141));
#943 = CARTESIAN_POINT('',(-14.21899264115,14.48939302702,8.04011379631)
  );
#944 = CARTESIAN_POINT('',(-14.18918671276,14.505431499569,
    8.042834197876));
#945 = CARTESIAN_POINT('',(-14.12039927728,14.544547106221,
    8.049748717276));
#946 = CARTESIAN_POINT('',(-14.08162958913,14.568204239377,
    8.054133665531));
#947 = CARTESIAN_POINT('',(-14.04341650201,14.593184502498,8.05900019515
    ));
#948 = CARTESIAN_POINT('',(-14.00581859488,14.619480472118,
    8.064395922509));
#949 = CARTESIAN_POINT('',(-13.96889447971,14.647081912648,
    8.070372250053));
#950 = CARTESIAN_POINT('',(-13.93270280156,14.675975776374,8.07698436629
    ));
#951 = CARTESIAN_POINT('',(-13.86768131678,14.731390882705,
    8.090405174144));
#952 = CARTESIAN_POINT('',(-13.83861271131,14.757530774434,
    8.097005727031));
#953 = CARTESIAN_POINT('',(-13.81014432644,14.784544974467,
    8.104125022578));
#954 = CARTESIAN_POINT('',(-13.7823213993,14.812410157353,8.111795617311
    ));
#955 = CARTESIAN_POINT('',(-13.75518649975,14.841100576365,
    8.120050506157));
#956 = CARTESIAN_POINT('',(-13.72877953042,14.870588063504,
    8.128923122446));
#957 = CARTESIAN_POINT('',(-13.659590807,14.952221684469,8.154622106693)
  );
#958 = CARTESIAN_POINT('',(-13.61820984424,15.005860595142,8.17269087151
    ));
#959 = CARTESIAN_POINT('',(-13.5792880925,15.061495919831,8.192786941338
    ));
#960 = CARTESIAN_POINT('',(-13.54305300962,15.118831305054,
    8.215022908257));
#961 = CARTESIAN_POINT('',(-13.50966887478,15.177546945528,8.23948343546
    ));
#962 = CARTESIAN_POINT('',(-13.47923940609,15.237309644168,
    8.266218045274));
#963 = CARTESIAN_POINT('',(-13.42232941838,15.36278002767,8.326420409942
    ));
#964 = CARTESIAN_POINT('',(-13.3963850772,15.428442265271,8.360167551929
    ));
#965 = CARTESIAN_POINT('',(-13.3740034575,15.494348689693,8.396465420345
    ));
#966 = CARTESIAN_POINT('',(-13.3551383432,15.560070298921,8.43524288799)
  );
#967 = CARTESIAN_POINT('',(-13.33967603485,15.625180363787,
    8.476361286202));
#968 = CARTESIAN_POINT('',(-13.32744018525,15.689264807649,
    8.519608077824));
#969 = CARTESIAN_POINT('',(-13.31273373093,15.788969012887,
    8.591334093875));
#970 = CARTESIAN_POINT('',(-13.30831231577,15.825536054205,
    8.618637193389));
#971 = CARTESIAN_POINT('',(-13.30488072987,15.861593272172,
    8.646571056839));
#972 = CARTESIAN_POINT('',(-13.30238675679,15.897102653124,
    8.675103864068));
#973 = CARTESIAN_POINT('',(-13.30077762343,15.932028607581,
    8.704200746629));
#974 = CARTESIAN_POINT('',(-13.3,15.966337970245,8.733823787783));
#975 = CARTESIAN_POINT('',(-13.3,16.,8.7639320225));
#976 = CYLINDRICAL_SURFACE('',#977,3.);
#977 = AXIS2_PLACEMENT_3D('',#978,#979,#980);
#978 = CARTESIAN_POINT('',(-22.,14.,11.));
#979 = DIRECTION('',(1.,0.,0.));
#980 = DIRECTION('',(0.,0.,1.));
#981 = ADVANCED_FACE('',(#982,#1392),#1636,.F.);
#982 = FACE_BOUND('',#983,.F.);
#983 = EDGE_LOOP('',(#984,#995,#1003,#1030,#1038,#1065,#1071,#1072,#1073
    ,#1274,#1275));
#984 = ORIENTED_EDGE('',*,*,#985,.F.);
#985 = EDGE_CURVE('',#986,#988,#990,.T.);
#986 = VERTEX_POINT('',#987);
#987 = CARTESIAN_POINT('',(28.,-14.,14.));
#988 = VERTEX_POINT('',#989);
#989 = CARTESIAN_POINT('',(28.,-13.93735986476,8.000654035717));
#990 = CIRCLE('',#991,3.);
#991 = AXIS2_PLACEMENT_3D('',#992,#993,#994);
#992 = CARTESIAN_POINT('',(28.,-14.,11.));
#993 = DIRECTION('',(1.,0.,-0.));
#994 = DIRECTION('',(0.,0.,1.));
#995 = ORIENTED_EDGE('',*,*,#996,.F.);
#996 = EDGE_CURVE('',#997,#986,#999,.T.);
#997 = VERTEX_POINT('',#998);
#998 = CARTESIAN_POINT('',(27.774917217635,-14.,14.));
#999 = LINE('',#1000,#1001);
#1000 = CARTESIAN_POINT('',(-22.,-14.,14.));
#1001 = VECTOR('',#1002,1.);
#1002 = DIRECTION('',(1.,0.,0.));
#1003 = ORIENTED_EDGE('',*,*,#1004,.T.);
#1004 = EDGE_CURVE('',#997,#1005,#1007,.T.);
#1005 = VERTEX_POINT('',#1006);
#1006 = CARTESIAN_POINT('',(20.225082782365,-14.,14.));
#1007 = B_SPLINE_CURVE_WITH_KNOTS('',6,(#1008,#1009,#1010,#1011,#1012,
    #1013,#1014,#1015,#1016,#1017,#1018,#1019,#1020,#1021,#1022,#1023,
    #1024,#1025,#1026,#1027,#1028,#1029),.UNSPECIFIED.,.F.,.F.,(7,5,5,5,
    7),(0.,0.253699022425,0.500000000002,0.74630097758,1.),
  .UNSPECIFIED.);
#1008 = CARTESIAN_POINT('',(27.774917217635,-14.,14.));
#1009 = CARTESIAN_POINT('',(27.459910080928,-14.08493756171,14.));
#1010 = CARTESIAN_POINT('',(27.143565875996,-14.16111187986,
    13.997114311079));
#1011 = CARTESIAN_POINT('',(26.826122330768,-14.22856275625,
    13.992458954091));
#1012 = CARTESIAN_POINT('',(26.507759631235,-14.28734410937,
    13.986930330395));
#1013 = CARTESIAN_POINT('',(26.188619588057,-14.33750114917,
    13.981249484107));
#1014 = CARTESIAN_POINT('',(25.558359422863,-14.41941517931,
    13.970815633519));
#1015 = CARTESIAN_POINT('',(25.247283754769,-14.45166518551,
    13.966040537494));
#1016 = CARTESIAN_POINT('',(24.935762872619,-14.47583612029,
    13.962124535069));
#1017 = CARTESIAN_POINT('',(24.623949173309,-14.49194476874,
    13.959401368607));
#1018 = CARTESIAN_POINT('',(24.31198445735,-14.5,13.95803989155));
#1019 = CARTESIAN_POINT('',(23.68801554265,-14.5,13.95803989155));
#1020 = CARTESIAN_POINT('',(23.376050826691,-14.49194476874,
    13.959401368607));
#1021 = CARTESIAN_POINT('',(23.064237127381,-14.47583612029,
    13.962124535069));
#1022 = CARTESIAN_POINT('',(22.752716245231,-14.45166518551,
    13.966040537494));
#1023 = CARTESIAN_POINT('',(22.441640577137,-14.41941517931,
    13.970815633519));
#1024 = CARTESIAN_POINT('',(21.811380411949,-14.33750114917,
    13.981249484107));
#1025 = CARTESIAN_POINT('',(21.492240368766,-14.28734410937,
    13.986930330395));
#1026 = CARTESIAN_POINT('',(21.173877669228,-14.22856275625,
    13.992458954091));
#1027 = CARTESIAN_POINT('',(20.856434123997,-14.16111187986,
    13.997114311079));
#1028 = CARTESIAN_POINT('',(20.540089919082,-14.08493756171,14.));
#1029 = CARTESIAN_POINT('',(20.225082782365,-14.,14.));
#1030 = ORIENTED_EDGE('',*,*,#1031,.F.);
#1031 = EDGE_CURVE('',#1032,#1005,#1034,.T.);
#1032 = VERTEX_POINT('',#1033);
#1033 = CARTESIAN_POINT('',(3.774917217635,-14.,14.));
#1034 = LINE('',#1035,#1036);
#1035 = CARTESIAN_POINT('',(-22.,-14.,14.));
#1036 = VECTOR('',#1037,1.);
#1037 = DIRECTION('',(1.,0.,0.));
#1038 = ORIENTED_EDGE('',*,*,#1039,.T.);
#1039 = EDGE_CURVE('',#1032,#1040,#1042,.T.);
#1040 = VERTEX_POINT('',#1041);
#1041 = CARTESIAN_POINT('',(-3.774917217635,-14.,14.));
#1042 = B_SPLINE_CURVE_WITH_KNOTS('',6,(#1043,#1044,#1045,#1046,#1047,
    #1048,#1049,#1050,#1051,#1052,#1053,#1054,#1055,#1056,#1057,#1058,
    #1059,#1060,#1061,#1062,#1063,#1064),.UNSPECIFIED.,.F.,.F.,(7,5,5,5,
    7),(0.,0.254142385714,0.500000000003,0.745857614292,1.),
  .UNSPECIFIED.);
#1043 = CARTESIAN_POINT('',(3.774917217635,-14.,14.));
#1044 = CARTESIAN_POINT('',(3.459359726808,-14.08508595752,14.));
#1045 = CARTESIAN_POINT('',(3.142460462097,-14.16137803185,
    13.997104219557));
#1046 = CARTESIAN_POINT('',(2.824458373967,-14.22891623762,
    13.992434535012));
#1047 = CARTESIAN_POINT('',(2.505534539137,-14.28775478063,
    13.986891675202));
#1048 = CARTESIAN_POINT('',(2.185831459704,-14.33793906915,
    13.981199849542));
#1049 = CARTESIAN_POINT('',(1.555560616416,-14.41970506646,
    13.970772699887));
#1050 = CARTESIAN_POINT('',(1.24504215834,-14.45183892437,
    13.966012384346));
#1051 = CARTESIAN_POINT('',(0.934080855834,-14.47592290143,
    13.962109863703));
#1052 = CARTESIAN_POINT('',(0.622827956047,-14.49197367208,
    13.959396485184));
#1053 = CARTESIAN_POINT('',(0.311424214801,-14.5,13.95803989155));
#1054 = CARTESIAN_POINT('',(-0.311424214801,-14.5,13.95803989155));
#1055 = CARTESIAN_POINT('',(-0.622827956046,-14.49197367208,
    13.959396485184));
#1056 = CARTESIAN_POINT('',(-0.934080855834,-14.47592290143,
    13.962109863703));
#1057 = CARTESIAN_POINT('',(-1.24504215834,-14.45183892437,
    13.966012384346));
#1058 = CARTESIAN_POINT('',(-1.555560616417,-14.41970506646,
    13.970772699887));
#1059 = CARTESIAN_POINT('',(-2.185831459697,-14.33793906915,
    13.981199849542));
#1060 = CARTESIAN_POINT('',(-2.505534539136,-14.28775478063,
    13.986891675202));
#1061 = CARTESIAN_POINT('',(-2.824458373976,-14.22891623762,
    13.992434535012));
#1062 = CARTESIAN_POINT('',(-3.142460462106,-14.16137803184,
    13.997104219556));
#1063 = CARTESIAN_POINT('',(-3.45935972679,-14.08508595752,14.));
#1064 = CARTESIAN_POINT('',(-3.774917217635,-14.,14.));
#1065 = ORIENTED_EDGE('',*,*,#1066,.F.);
#1066 = EDGE_CURVE('',#67,#1040,#1067,.T.);
#1067 = LINE('',#1068,#1069);
#1068 = CARTESIAN_POINT('',(-22.,-14.,14.));
#1069 = VECTOR('',#1070,1.);
#1070 = DIRECTION('',(1.,0.,0.));
#1071 = ORIENTED_EDGE('',*,*,#66,.T.);
#1072 = ORIENTED_EDGE('',*,*,#1066,.T.);
#1073 = ORIENTED_EDGE('',*,*,#1074,.T.);
#1074 = EDGE_CURVE('',#1040,#1032,#1075,.T.);
#1075 = B_SPLINE_CURVE_WITH_KNOTS('',8,(#1076,#1077,#1078,#1079,#1080,
    #1081,#1082,#1083,#1084,#1085,#1086,#1087,#1088,#1089,#1090,#1091,
    #1092,#1093,#1094,#1095,#1096,#1097,#1098,#1099,#1100,#1101,#1102,
    #1103,#1104,#1105,#1106,#1107,#1108,#1109,#1110,#1111,#1112,#1113,
    #1114,#1115,#1116,#1117,#1118,#1119,#1120,#1121,#1122,#1123,#1124,
    #1125,#1126,#1127,#1128,#1129,#1130,#1131,#1132,#1133,#1134,#1135,
    #1136,#1137,#1138,#1139,#1140,#1141,#1142,#1143,#1144,#1145,#1146,
    #1147,#1148,#1149,#1150,#1151,#1152,#1153,#1154,#1155,#1156,#1157,
    #1158,#1159,#1160,#1161,#1162,#1163,#1164,#1165,#1166,#1167,#1168,
    #1169,#1170,#1171,#1172,#1173,#1174,#1175,#1176,#1177,#1178,#1179,
    #1180,#1181,#1182,#1183,#1184,#1185,#1186,#1187,#1188,#1189,#1190,
    #1191,#1192,#1193,#1194,#1195,#1196,#1197,#1198,#1199,#1200,#1201,
    #1202,#1203,#1204,#1205,#1206,#1207,#1208,#1209,#1210,#1211,#1212,
    #1213,#1214,#1215,#1216,#1217,#1218,#1219,#1220,#1221,#1222,#1223,
    #1224,#1225,#1226,#1227,#1228,#1229,#1230,#1231,#1232,#1233,#1234,
    #1235,#1236,#1237,#1238,#1239,#1240,#1241,#1242,#1243,#1244,#1245,
    #1246,#1247,#1248,#1249,#1250,#1251,#1252,#1253,#1254,#1255,#1256,
    #1257,#1258,#1259,#1260,#1261,#1262,#1263,#1264,#1265,#1266,#1267,
    #1268,#1269,#1270,#1271,#1272,#1273),.UNSPECIFIED.,.F.,.F.,(9,7,7,7,
    7,7,7,7,7,7,7,7,7,7,7,7,7,7,7,7,7,7,7,7,7,7,7,7,9),(0.,
    0.100797425114,0.140312128646,0.159071669534,0.171047165028,
    0.179422375449,0.200445295372,0.218470389686,0.22581887063,
    0.236430642212,0.251657913008,0.278981703572,0.314341527293,
    0.450762263435,0.499909332765,0.549056402096,0.690735822121,
    0.736432663491,0.756525407761,0.769202726125,0.778093712111,
    0.784455157504,0.799542470775,0.8175904609,0.824920603156,
    0.835488667365,0.850601722566,0.877431088593,1.),.UNSPECIFIED.);
#1076 = CARTESIAN_POINT('',(-3.774917217635,-14.,14.));
#1077 = CARTESIAN_POINT('',(-4.245844589233,-13.87302058262,14.));
#1078 = CARTESIAN_POINT('',(-4.711448034095,-13.72805653224,
    13.993857428541));
#1079 = CARTESIAN_POINT('',(-5.173834625742,-13.56460389421,
    13.978528645848));
#1080 = CARTESIAN_POINT('',(-5.633229028846,-13.38204144041,
    13.950154170421));
#1081 = CARTESIAN_POINT('',(-6.08808624616,-13.18023017473,
    13.903764767597));
#1082 = CARTESIAN_POINT('',(-6.535362406546,-12.96001534747,
    13.833021765065));
#1083 = CARTESIAN_POINT('',(-6.970453813557,-12.72384918359,
    13.730030385998));
#1084 = CARTESIAN_POINT('',(-7.549368209508,-12.38115236631,
    13.528216126688));
#1085 = CARTESIAN_POINT('',(-7.70982520407,-12.2828797258,
    13.464797245312));
#1086 = CARTESIAN_POINT('',(-7.866964288543,-12.18336417687,
    13.394258819234));
#1087 = CARTESIAN_POINT('',(-8.020052283228,-12.0832022263,
    13.316057045502));
#1088 = CARTESIAN_POINT('',(-8.16834568684,-11.983083754,13.229651069183
    ));
#1089 = CARTESIAN_POINT('',(-8.311071686559,-11.88380836703,
    13.134514923034));
#1090 = CARTESIAN_POINT('',(-8.447408344806,-11.78630179152,
    13.030150253602));
#1091 = CARTESIAN_POINT('',(-8.637732906343,-11.64668811731,
    12.861954583416));
#1092 = CARTESIAN_POINT('',(-8.697322076012,-11.60241177959,
    12.805660526157));
#1093 = CARTESIAN_POINT('',(-8.755095333181,-11.55894852271,
    12.747212227139));
#1094 = CARTESIAN_POINT('',(-8.810922360261,-11.5164460847,
    12.68661360632));
#1095 = CARTESIAN_POINT('',(-8.864678312532,-11.47505373538,
    12.623878032876));
#1096 = CARTESIAN_POINT('',(-8.916243470015,-11.43492130361,
    12.559028419639));
#1097 = CARTESIAN_POINT('',(-8.965502889352,-11.39619820446,
    12.492097317522));
#1098 = CARTESIAN_POINT('',(-9.042249246308,-11.33530703882,
    12.37909855465));
#1099 = CARTESIAN_POINT('',(-9.0711633854,-11.31221973047,
    12.334245511472));
#1100 = CARTESIAN_POINT('',(-9.099055002573,-11.28981284424,
    12.288586896514));
#1101 = CARTESIAN_POINT('',(-9.125892386222,-11.2681277328,
    12.242143959684));
#1102 = CARTESIAN_POINT('',(-9.151645523333,-11.24720463204,
    12.194940185717));
#1103 = CARTESIAN_POINT('',(-9.176286039294,-11.22708249438,
    12.147001295196));
#1104 = CARTESIAN_POINT('',(-9.199787137703,-11.2077988222,
    12.098355245561));
#1105 = CARTESIAN_POINT('',(-9.237744778648,-11.17651471558,
    12.01453757457));
#1106 = CARTESIAN_POINT('',(-9.252795771322,-11.16406802766,
    11.979713126985));
#1107 = CARTESIAN_POINT('',(-9.267267553927,-11.15206205263,
    11.944570086816));
#1108 = CARTESIAN_POINT('',(-9.281151595887,-11.14050889349,
    11.909120300761));
#1109 = CARTESIAN_POINT('',(-9.294439800332,-11.129420141,
    11.873376264772));
#1110 = CARTESIAN_POINT('',(-9.307124504098,-11.1188068737,
    11.837351124059));
#1111 = CARTESIAN_POINT('',(-9.319198477725,-11.10867965787,
    11.801058673083));
#1112 = CARTESIAN_POINT('',(-9.359412171085,-11.07487314784,
    11.672779626482));
#1113 = CARTESIAN_POINT('',(-9.384280488562,-11.05382146408,
    11.579446425114));
#1114 = CARTESIAN_POINT('',(-9.405150469242,-11.03605381781,
    11.484746960323));
#1115 = CARTESIAN_POINT('',(-9.421934508978,-11.02170227201,
    11.388933147554));
#1116 = CARTESIAN_POINT('',(-9.434566798849,-11.01086867924,
    11.292271547122));
#1117 = CARTESIAN_POINT('',(-9.443003315896,-11.00362272983,
    11.195039302496));
#1118 = CARTESIAN_POINT('',(-9.447221813846,-11.,11.097520078579));
#1119 = CARTESIAN_POINT('',(-9.447221813846,-11.,10.916386086215));
#1120 = CARTESIAN_POINT('',(-9.44412046342,-11.00266344266,
    10.832769846085));
#1121 = CARTESIAN_POINT('',(-9.437918254952,-11.00799027878,
    10.749335267538));
#1122 = CARTESIAN_POINT('',(-9.428627142806,-11.01596143728,
    10.666261798436));
#1123 = CARTESIAN_POINT('',(-9.416270768318,-11.0265394278,
    10.583724119852));
#1124 = CARTESIAN_POINT('',(-9.400884684808,-11.03966894339,
    10.50189191936));
#1125 = CARTESIAN_POINT('',(-9.382516582576,-11.05527746313,
    10.420929664311));
#1126 = CARTESIAN_POINT('',(-9.352546966315,-11.08061344952,
    10.308409125251));
#1127 = CARTESIAN_POINT('',(-9.343381580363,-11.08834845203,
    10.275992014673));
#1128 = CARTESIAN_POINT('',(-9.333734335277,-11.09647488753,
    10.243755438209));
#1129 = CARTESIAN_POINT('',(-9.323609491754,-11.10498642273,
    10.211709447339));
#1130 = CARTESIAN_POINT('',(-9.313011591954,-11.1138763659,
    10.179863750197));
#1131 = CARTESIAN_POINT('',(-9.301945459504,-11.12313766677,
    10.148227711576));
#1132 = CARTESIAN_POINT('',(-9.290416199498,-11.1327629166,
    10.116810352925));
#1133 = CARTESIAN_POINT('',(-9.261119047246,-11.1571583029,
    10.040579592997));
#1134 = CARTESIAN_POINT('',(-9.242854862508,-11.17231474909,
    9.996014242099));
#1135 = CARTESIAN_POINT('',(-9.223652437906,-11.18819052433,
    9.951949222266));
#1136 = CARTESIAN_POINT('',(-9.203528700775,-11.20476137406,
    9.908408062364));
#1137 = CARTESIAN_POINT('',(-9.18250171216,-11.22200195158,
    9.865412897514));
#1138 = CARTESIAN_POINT('',(-9.160590666818,-11.23988581804,
    9.822984469095));
#1139 = CARTESIAN_POINT('',(-9.137815893216,-11.25838544244,
    9.781142124738));
#1140 = CARTESIAN_POINT('',(-9.080309784595,-11.30486058331,
    9.68072926356));
#1141 = CARTESIAN_POINT('',(-9.044690025171,-11.33345527289,
    9.622804553369));
#1142 = CARTESIAN_POINT('',(-9.007397067787,-11.3631772664,
    9.566170517867));
#1143 = CARTESIAN_POINT('',(-8.968491294732,-11.3939453785,9.51086279854
    ));
#1144 = CARTESIAN_POINT('',(-8.928036141315,-11.42567670365,
    9.456911870683));
#1145 = CARTESIAN_POINT('',(-8.886098259113,-11.45828707714,
    9.40434306583));
#1146 = CARTESIAN_POINT('',(-8.842747679225,-11.49169153626,
    9.353176594181));
#1147 = CARTESIAN_POINT('',(-8.717866842107,-11.58701753439,
    9.214157991622));
#1148 = CARTESIAN_POINT('',(-8.6334149475,-11.6504736518,9.129509223272)
  );
#1149 = CARTESIAN_POINT('',(-8.545033256885,-11.71575375612,
    9.049443561978));
#1150 = CARTESIAN_POINT('',(-8.453049017656,-11.78246000571,
    8.973895765369));
#1151 = CARTESIAN_POINT('',(-8.357790239305,-11.85021567982,
    8.902776482007));
#1152 = CARTESIAN_POINT('',(-8.2595901733,-11.91866476356,8.835975684677
    ));
#1153 = CARTESIAN_POINT('',(-8.15879179296,-11.98747153291,
    8.773366103678));
#1154 = CARTESIAN_POINT('',(-7.922408429928,-12.14541738969,
    8.639024656286));
#1155 = CARTESIAN_POINT('',(-7.78523930295,-12.23463244862,
    8.569984374133));
#1156 = CARTESIAN_POINT('',(-7.644723903683,-12.32347306368,
    8.507229581286));
#1157 = CARTESIAN_POINT('',(-7.501293527482,-12.41152850492,
    8.450317770464));
#1158 = CARTESIAN_POINT('',(-7.355337664672,-12.49845904859,
    8.39882221464));
#1159 = CARTESIAN_POINT('',(-7.207209911446,-12.58398546044,
    8.352334022182));
#1160 = CARTESIAN_POINT('',(-7.057233880768,-12.66787847915,
    8.310464192015));
#1161 = CARTESIAN_POINT('',(-6.321115691949,-13.0665795535,
    8.127710707833));
#1162 = CARTESIAN_POINT('',(-5.709425712832,-13.35826750548,
    8.044848123844));
#1163 = CARTESIAN_POINT('',(-5.083192699727,-13.61571955088,
    8.003694274674));
#1164 = CARTESIAN_POINT('',(-4.44960474583,-13.83712487763,
    7.989491278087));
#1165 = CARTESIAN_POINT('',(-3.812855493278,-14.02272388942,
    7.991147529399));
#1166 = CARTESIAN_POINT('',(-3.174279607434,-14.17403316881,
    8.000869473954));
#1167 = CARTESIAN_POINT('',(-2.53184092812,-14.29231643473,8.01304258726
    ));
#1168 = CARTESIAN_POINT('',(-1.646854844222,-14.40811390932,
    8.027728355504));
#1169 = CARTESIAN_POINT('',(-1.412135244206,-14.43438453129,
    8.031427086706));
#1170 = CARTESIAN_POINT('',(-1.177141754575,-14.45626507089,
    8.034753732189));
#1171 = CARTESIAN_POINT('',(-0.941931915661,-14.47376234139,
    8.037562318678));
#1172 = CARTESIAN_POINT('',(-0.706560980759,-14.48688176458,
    8.039742696344));
#1173 = CARTESIAN_POINT('',(-0.471081924336,-14.49562707099,
    8.041220999693));
#1174 = CARTESIAN_POINT('',(-0.235545450258,-14.5,8.04196010845));
#1175 = CARTESIAN_POINT('',(0.235545450259,-14.5,8.04196010845));
#1176 = CARTESIAN_POINT('',(0.471081924336,-14.49562707099,
    8.041220999693));
#1177 = CARTESIAN_POINT('',(0.706560980758,-14.48688176458,
    8.039742696344));
#1178 = CARTESIAN_POINT('',(0.941931915661,-14.47376234139,
    8.037562318678));
#1179 = CARTESIAN_POINT('',(1.177141754575,-14.45626507089,
    8.034753732189));
#1180 = CARTESIAN_POINT('',(1.412135244206,-14.43438453129,
    8.031427086706));
#1181 = CARTESIAN_POINT('',(1.646854844221,-14.40811390932,
    8.027728355504));
#1182 = CARTESIAN_POINT('',(2.556919966183,-14.28903492632,
    8.012626416942));
#1183 = CARTESIAN_POINT('',(3.222690159555,-14.16501088332,
    7.999946706906));
#1184 = CARTESIAN_POINT('',(3.884380049068,-14.00558587574,
    7.990084640204));
#1185 = CARTESIAN_POINT('',(4.544546998959,-13.8091792134,7.989321020137
    ));
#1186 = CARTESIAN_POINT('',(5.201680425091,-13.57385713915,
    8.006550127154));
#1187 = CARTESIAN_POINT('',(5.850384020847,-13.29955032242,
    8.054626528109));
#1188 = CARTESIAN_POINT('',(6.482044651772,-12.98862233332,8.1508162623)
  );
#1189 = CARTESIAN_POINT('',(7.274282304986,-12.54527151,8.373518426383)
  );
#1190 = CARTESIAN_POINT('',(7.464841823775,-12.43420330129,
    8.435551034643));
#1191 = CARTESIAN_POINT('',(7.651833823977,-12.32076531527,
    8.506116687253));
#1192 = CARTESIAN_POINT('',(7.83430705808,-12.20566519051,8.586059054597
    ));
#1193 = CARTESIAN_POINT('',(8.011269982294,-12.08976165413,
    8.676248200964));
#1194 = CARTESIAN_POINT('',(8.181666989006,-11.97409526129,8.7775664772)
  );
#1195 = CARTESIAN_POINT('',(8.344338073746,-11.85993125308,
    8.890885114633));
#1196 = CARTESIAN_POINT('',(8.565509821792,-11.69995689216,
    9.072497661739));
#1197 = CARTESIAN_POINT('',(8.631259730849,-11.6517237534,9.130403595502
    ));
#1198 = CARTESIAN_POINT('',(8.695047101341,-11.60428570875,
    9.190767356146));
#1199 = CARTESIAN_POINT('',(8.756714041764,-11.55781770265,
    9.253595794946));
#1200 = CARTESIAN_POINT('',(8.816108892839,-11.51249782387,
    9.318884439051));
#1201 = CARTESIAN_POINT('',(8.873085788733,-11.46850609778,
    9.386617350687));
#1202 = CARTESIAN_POINT('',(8.927504218297,-11.42602327861,
    9.456766986359));
#1203 = CARTESIAN_POINT('',(9.011863564935,-11.35949129983,
    9.575054293682));
#1204 = CARTESIAN_POINT('',(9.043420178793,-11.3344300276,9.621752761599
    ));
#1205 = CARTESIAN_POINT('',(9.073857995298,-11.31009619959,
    9.669369271468));
#1206 = CARTESIAN_POINT('',(9.103138719774,-11.2865391788,9.717880867415
    ));
#1207 = CARTESIAN_POINT('',(9.131226117093,-11.26380709955,
    9.767261823532));
#1208 = CARTESIAN_POINT('',(9.158085933339,-11.24194665038,
    9.817483641372));
#1209 = CARTESIAN_POINT('',(9.183685817471,-11.22100285687,
    9.868515047449));
#1210 = CARTESIAN_POINT('',(9.225044176794,-11.18700348766,9.95665576368
    ));
#1211 = CARTESIAN_POINT('',(9.241457577013,-11.17346081454,
    9.993369243756));
#1212 = CARTESIAN_POINT('',(9.257224471601,-11.16040619789,
    10.030449519902));
#1213 = CARTESIAN_POINT('',(9.272334427419,-11.14785436454,
    10.067882842584));
#1214 = CARTESIAN_POINT('',(9.286777550228,-11.13581941542,
    10.105654623802));
#1215 = CARTESIAN_POINT('',(9.30054448469,-11.12431482558,
    10.143749437095));
#1216 = CARTESIAN_POINT('',(9.31362641437,-11.11335344421,
    10.182151017541));
#1217 = CARTESIAN_POINT('',(9.334879062176,-11.09550210215,
    10.24852560729));
#1218 = CARTESIAN_POINT('',(9.343388178014,-11.08834099667,
    10.276357297599));
#1219 = CARTESIAN_POINT('',(9.351539392756,-11.08146862372,
    10.304331078738));
#1220 = CARTESIAN_POINT('',(9.359329858098,-11.07488920145,
    10.332440530573));
#1221 = CARTESIAN_POINT('',(9.366756893921,-11.06860672051,
    10.360679066785));
#1222 = CARTESIAN_POINT('',(9.373817988293,-11.06262494416,
    10.389039934863));
#1223 = CARTESIAN_POINT('',(9.380510797467,-11.05694740818,
    10.417516216108));
#1224 = CARTESIAN_POINT('',(9.401827733639,-11.03884152923,
    10.513894374425));
#1225 = CARTESIAN_POINT('',(9.414738924307,-11.02783513974,
    10.582299415629));
#1226 = CARTESIAN_POINT('',(9.425537259279,-11.01860267971,
    10.651219182437));
#1227 = CARTESIAN_POINT('',(9.43419929782,-11.01118011055,10.72055467103
    ));
#1228 = CARTESIAN_POINT('',(9.440707536985,-11.00559471953,
    10.790204721444));
#1229 = CARTESIAN_POINT('',(9.445050331532,-11.00186491139,
    10.860066098436));
#1230 = CARTESIAN_POINT('',(9.447221813846,-11.,10.930033572353));
#1231 = CARTESIAN_POINT('',(9.447221813846,-11.,11.083696372744));
#1232 = CARTESIAN_POINT('',(9.444114342452,-11.00266869889,
    11.167395079468));
#1233 = CARTESIAN_POINT('',(9.437899895282,-11.0080060469,
    11.250911581193));
#1234 = CARTESIAN_POINT('',(9.428590474035,-11.01599289694,
    11.334065900366));
#1235 = CARTESIAN_POINT('',(9.416209812771,-11.02659161084,
    11.416682849057));
#1236 = CARTESIAN_POINT('',(9.400793604185,-11.03974666553,
    11.49859225715));
#1237 = CARTESIAN_POINT('',(9.382389725884,-11.05538525927,
    11.579629200544));
#1238 = CARTESIAN_POINT('',(9.352394833568,-11.08074183325,
    11.692128054877));
#1239 = CARTESIAN_POINT('',(9.343248115599,-11.08846086518,
    11.724452535758));
#1240 = CARTESIAN_POINT('',(9.333622262422,-11.09656908388,
    11.756597367394));
#1241 = CARTESIAN_POINT('',(9.323521502008,-11.10506020521,
    11.78855258484));
#1242 = CARTESIAN_POINT('',(9.312950340626,-11.11392759059,
    11.820308562799));
#1243 = CARTESIAN_POINT('',(9.301913562851,-11.12316424705,
    11.851856015624));
#1244 = CARTESIAN_POINT('',(9.290416231558,-11.13276282716,
    11.883185997314));
#1245 = CARTESIAN_POINT('',(9.261231382721,-11.15706485274,
    11.959133240892));
#1246 = CARTESIAN_POINT('',(9.243053394244,-11.17215008362,
    12.003505399319));
#1247 = CARTESIAN_POINT('',(9.223945308676,-11.18794846621,
    12.047381774081));
#1248 = CARTESIAN_POINT('',(9.2039238267,-11.20443607026,12.090739131756
    ));
#1249 = CARTESIAN_POINT('',(9.1830067635,-11.22158789084,12.133555608224
    ));
#1250 = CARTESIAN_POINT('',(9.161213048763,-11.23937784837,
    12.175810708661));
#1251 = CARTESIAN_POINT('',(9.138562726678,-11.25777878858,
    12.217485307542));
#1252 = CARTESIAN_POINT('',(9.081490696182,-11.3039104643,
    12.317303628081));
#1253 = CARTESIAN_POINT('',(9.046199312124,-11.33224769841,
    12.374816238036));
#1254 = CARTESIAN_POINT('',(9.009258954115,-11.36169701501,
    12.431059377017));
#1255 = CARTESIAN_POINT('',(8.970728589188,-11.39217910915,
    12.485997984507));
#1256 = CARTESIAN_POINT('',(8.930670158603,-11.42361298587,
    12.539602019632));
#1257 = CARTESIAN_POINT('',(8.889148735402,-11.45591640517,
    12.591846439824));
#1258 = CARTESIAN_POINT('',(8.846232681959,-11.48900632707,
    12.642711179493));
#1259 = CARTESIAN_POINT('',(8.723458995146,-11.58279024169,
    12.78000237705));
#1260 = CARTESIAN_POINT('',(8.640802612057,-11.64496095839,
    12.863375060486));
#1261 = CARTESIAN_POINT('',(8.554338501651,-11.7089135483,
    12.942331463752));
#1262 = CARTESIAN_POINT('',(8.464377557086,-11.77426957617,
    13.016929944075));
#1263 = CARTESIAN_POINT('',(8.371231833568,-11.8406698428,
    13.087251770954));
#1264 = CARTESIAN_POINT('',(8.275218660635,-11.90777409781,
    13.153397965969));
#1265 = CARTESIAN_POINT('',(8.176664754436,-11.9752607525,
    13.215486142581));
#1266 = CARTESIAN_POINT('',(7.615617674984,-12.35149849616,
    13.539354533182));
#1267 = CARTESIAN_POINT('',(7.109348490705,-12.66185420029,
    13.723133071451));
#1268 = CARTESIAN_POINT('',(6.576439343771,-12.95372184849,
    13.844986859935));
#1269 = CARTESIAN_POINT('',(6.027872511606,-13.2196180525,
    13.921977228372));
#1270 = CARTESIAN_POINT('',(5.471866402598,-13.45646862908,
    13.967263816991));
#1271 = CARTESIAN_POINT('',(4.91223750778,-13.66451243746,
    13.990883531755));
#1272 = CARTESIAN_POINT('',(4.348657832441,-13.8452983339,14.));
#1273 = CARTESIAN_POINT('',(3.774917217635,-14.,14.));
#1274 = ORIENTED_EDGE('',*,*,#1031,.T.);
#1275 = ORIENTED_EDGE('',*,*,#1276,.T.);
#1276 = EDGE_CURVE('',#1005,#988,#1277,.T.);
#1277 = B_SPLINE_CURVE_WITH_KNOTS('',8,(#1278,#1279,#1280,#1281,#1282,
    #1283,#1284,#1285,#1286,#1287,#1288,#1289,#1290,#1291,#1292,#1293,
    #1294,#1295,#1296,#1297,#1298,#1299,#1300,#1301,#1302,#1303,#1304,
    #1305,#1306,#1307,#1308,#1309,#1310,#1311,#1312,#1313,#1314,#1315,
    #1316,#1317,#1318,#1319,#1320,#1321,#1322,#1323,#1324,#1325,#1326,
    #1327,#1328,#1329,#1330,#1331,#1332,#1333,#1334,#1335,#1336,#1337,
    #1338,#1339,#1340,#1341,#1342,#1343,#1344,#1345,#1346,#1347,#1348,
    #1349,#1350,#1351,#1352,#1353,#1354,#1355,#1356,#1357,#1358,#1359,
    #1360,#1361,#1362,#1363,#1364,#1365,#1366,#1367,#1368,#1369,#1370,
    #1371,#1372,#1373,#1374,#1375,#1376,#1377,#1378,#1379,#1380,#1381,
    #1382,#1383,#1384,#1385,#1386,#1387,#1388,#1389,#1390,#1391),
  .UNSPECIFIED.,.F.,.F.,(9,7,7,7,7,7,7,7,7,7,7,7,7,7,7,7,9),(0.,
    0.165663827938,0.232015278715,0.263034166537,0.282835638462,
    0.296684040919,0.331445420042,0.361395557115,0.37355182777,
    0.391114236382,0.416321279267,0.461615543671,0.519377626456,
    0.74535862922,0.826272271106,0.907185946978,1.),.UNSPECIFIED.);
#1278 = CARTESIAN_POINT('',(20.225082782365,-14.,14.));
#1279 = CARTESIAN_POINT('',(19.757053033606,-13.87380188878,14.));
#1280 = CARTESIAN_POINT('',(19.29423047525,-13.72982592505,
    13.993932808441));
#1281 = CARTESIAN_POINT('',(18.834581863464,-13.56757946263,
    13.978808155466));
#1282 = CARTESIAN_POINT('',(18.37789760021,-13.38645980366,
    13.950839951014));
#1283 = CARTESIAN_POINT('',(17.925682923494,-13.18633076567,
    13.905162025477));
#1284 = CARTESIAN_POINT('',(17.480903717721,-12.96800929129,
    13.835577419369));
#1285 = CARTESIAN_POINT('',(17.04804654728,-12.73387160717,
    13.734377916452));
#1286 = CARTESIAN_POINT('',(16.468069263546,-12.39181577549,
    13.535066323781));
#1287 = CARTESIAN_POINT('',(16.30480519118,-12.29213373818,
    13.471331244204));
#1288 = CARTESIAN_POINT('',(16.144910681173,-12.19112630371,
    13.400299563335));
#1289 = CARTESIAN_POINT('',(15.9891496852,-12.08941053664,
    13.321401295163));
#1290 = CARTESIAN_POINT('',(15.838297106442,-11.9877022354,
    13.234068812747));
#1291 = CARTESIAN_POINT('',(15.693159115707,-11.88683358718,
    13.13774964005));
#1292 = CARTESIAN_POINT('',(15.554594356248,-11.78777088437,
    13.031920102135));
#1293 = CARTESIAN_POINT('',(15.362267093654,-11.6466881173,
    12.861954583414));
#1294 = CARTESIAN_POINT('',(15.302677923987,-11.60241177959,
    12.805660526156));
#1295 = CARTESIAN_POINT('',(15.244904666821,-11.55894852271,
    12.74721222714));
#1296 = CARTESIAN_POINT('',(15.189077639741,-11.5164460847,
    12.686613606322));
#1297 = CARTESIAN_POINT('',(15.135321687469,-11.47505373538,
    12.623878032878));
#1298 = CARTESIAN_POINT('',(15.083756529984,-11.43492130361,
    12.559028419638));
#1299 = CARTESIAN_POINT('',(15.034497110646,-11.39619820445,
    12.492097317519));
#1300 = CARTESIAN_POINT('',(14.957750756034,-11.33530704068,
    12.379098558099));
#1301 = CARTESIAN_POINT('',(14.928836615333,-11.31221973107,
    12.33424551292));
#1302 = CARTESIAN_POINT('',(14.900944996188,-11.28981284325,
    12.288586894755));
#1303 = CARTESIAN_POINT('',(14.874107611919,-11.2681277313,
    12.242143956365));
#1304 = CARTESIAN_POINT('',(14.848354475775,-11.2472046313,
    12.194940183673));
#1305 = CARTESIAN_POINT('',(14.823713961522,-11.22708249503,
    12.147001296513));
#1306 = CARTESIAN_POINT('',(14.800212864022,-11.20779882362,
    12.098355249369));
#1307 = CARTESIAN_POINT('',(14.762255221352,-11.17651471558,
    12.01453757457));
#1308 = CARTESIAN_POINT('',(14.747204228678,-11.16406802766,
    11.979713126985));
#1309 = CARTESIAN_POINT('',(14.732732446073,-11.15206205263,
    11.944570086816));
#1310 = CARTESIAN_POINT('',(14.718848404113,-11.14050889349,
    11.909120300761));
#1311 = CARTESIAN_POINT('',(14.705560199668,-11.129420141,
    11.873376264772));
#1312 = CARTESIAN_POINT('',(14.692875495902,-11.1188068737,
    11.837351124059));
#1313 = CARTESIAN_POINT('',(14.680801522275,-11.10867965787,
    11.801058673083));
#1314 = CARTESIAN_POINT('',(14.640587828048,-11.07487314711,
    11.672779623718));
#1315 = CARTESIAN_POINT('',(14.615719511507,-11.05382146413,
    11.579446426792));
#1316 = CARTESIAN_POINT('',(14.59484953139,-11.03605381834,
    11.484746963155));
#1317 = CARTESIAN_POINT('',(14.578065491383,-11.02170227231,
    11.388933147497));
#1318 = CARTESIAN_POINT('',(14.565433200914,-11.01086867904,
    11.292271544229));
#1319 = CARTESIAN_POINT('',(14.556996683676,-11.00362272947,
    11.195039300877));
#1320 = CARTESIAN_POINT('',(14.552778186154,-11.,11.097520081483));
#1321 = CARTESIAN_POINT('',(14.552778186154,-11.,10.915977447339));
#1322 = CARTESIAN_POINT('',(14.555909929082,-11.00268954156,
    10.831952524306));
#1323 = CARTESIAN_POINT('',(14.562172907344,-11.00806857322,
    10.748111962587));
#1324 = CARTESIAN_POINT('',(14.571554931172,-11.01611764552,
    10.66463784632));
#1325 = CARTESIAN_POINT('',(14.584031897236,-11.02679853145,
    10.581707378628));
#1326 = CARTESIAN_POINT('',(14.599567557249,-11.0400548468,
    10.499492648144));
#1327 = CARTESIAN_POINT('',(14.618113286581,-11.05581267058,
    10.41816039554));
#1328 = CARTESIAN_POINT('',(14.648332145676,-11.08135546022,
    10.305283944549));
#1329 = CARTESIAN_POINT('',(14.657542435803,-11.08912709921,
    10.27286714808));
#1330 = CARTESIAN_POINT('',(14.667234720358,-11.09729007468,
    10.240631781941));
#1331 = CARTESIAN_POINT('',(14.677404715019,-11.10583802111,
    10.208587892295));
#1332 = CARTESIAN_POINT('',(14.688047854034,-11.11476421515,
    10.176745180176));
#1333 = CARTESIAN_POINT('',(14.699159290223,-11.12406157562,
    10.145113001488));
#1334 = CARTESIAN_POINT('',(14.710733894973,-11.13372266353,
    10.113700367008));
#1335 = CARTESIAN_POINT('',(14.740149655369,-11.15821147004,
    10.03746317717));
#1336 = CARTESIAN_POINT('',(14.758487966039,-11.17342588209,
    9.992888033968));
#1337 = CARTESIAN_POINT('',(14.777765310019,-11.18935963967,
    9.948815420942));
#1338 = CARTESIAN_POINT('',(14.797964671596,-11.20598837429,
    9.905268847097));
#1339 = CARTESIAN_POINT('',(14.819067899578,-11.22328662753,
    9.862270422277));
#1340 = CARTESIAN_POINT('',(14.841055707293,-11.241227851,9.819840857158
    ));
#1341 = CARTESIAN_POINT('',(14.863907672591,-11.25978440637,
    9.777999463257));
#1342 = CARTESIAN_POINT('',(14.921610666618,-11.30640343381,
    9.677579774577));
#1343 = CARTESIAN_POINT('',(14.957351268903,-11.33508506889,
    9.61965008426));
#1344 = CARTESIAN_POINT('',(14.994766292348,-11.36489315236,
    9.563015737941));
#1345 = CARTESIAN_POINT('',(15.033795095877,-11.39574620281,
    9.507712192005));
#1346 = CARTESIAN_POINT('',(15.074373986105,-11.42756103769,
    9.453769726016));
#1347 = CARTESIAN_POINT('',(15.116436053759,-11.46025323553,
    9.401213465479));
#1348 = CARTESIAN_POINT('',(15.159911010101,-11.49373759801,
    9.350063404606));
#1349 = CARTESIAN_POINT('',(15.285250842035,-11.58936607772,
    9.210976967482));
#1350 = CARTESIAN_POINT('',(15.370048726887,-11.65304602673,
    9.126265078396));
#1351 = CARTESIAN_POINT('',(15.45878549031,-11.7185465738,9.046159143335
    ));
#1352 = CARTESIAN_POINT('',(15.551131879275,-11.78546778998,
    8.970591941267));
#1353 = CARTESIAN_POINT('',(15.646758042855,-11.85343123949,
    8.899472118534));
#1354 = CARTESIAN_POINT('',(15.745328999753,-11.92207951645,
    8.832687658773));
#1355 = CARTESIAN_POINT('',(15.846500105835,-11.99107578167,
    8.770109352843));
#1356 = CARTESIAN_POINT('',(16.081790511125,-12.14813151315,
    8.636972168665));
#1357 = CARTESIAN_POINT('',(16.217385821619,-12.23625843177,
    8.568917041338));
#1358 = CARTESIAN_POINT('',(16.356237938419,-12.32401168339,
    8.506988864985));
#1359 = CARTESIAN_POINT('',(16.497931796722,-12.41099640047,
    8.450760832336));
#1360 = CARTESIAN_POINT('',(16.642092231434,-12.49688531004,
    8.39982127576));
#1361 = CARTESIAN_POINT('',(16.788378426948,-12.58140882383,
    8.353775592387));
#1362 = CARTESIAN_POINT('',(16.936478366928,-12.66434512859,
    8.312248169234));
#1363 = CARTESIAN_POINT('',(17.6714767192,-13.06305044394,8.128706706227
    ));
#1364 = CARTESIAN_POINT('',(18.284686110407,-13.35592271378,
    8.045131367379));
#1365 = CARTESIAN_POINT('',(18.912985856668,-13.61456293616,
    8.003645144369));
#1366 = CARTESIAN_POINT('',(19.549070544978,-13.83700098413,
    7.989367210654));
#1367 = CARTESIAN_POINT('',(20.188415697447,-14.02333923399,
    7.991102980345));
#1368 = CARTESIAN_POINT('',(20.829537334425,-14.17506123379,
    8.000923086543));
#1369 = CARTESIAN_POINT('',(21.474080074811,-14.2934296752,
    8.013155966509));
#1370 = CARTESIAN_POINT('',(22.359613046747,-14.4088363942,
    8.027830154217));
#1371 = CARTESIAN_POINT('',(22.593415070539,-14.43490029761,
    8.031505530873));
#1372 = CARTESIAN_POINT('',(22.827487056196,-14.45660869126,
    8.034808897637));
#1373 = CARTESIAN_POINT('',(23.061772524746,-14.47396836255,
    8.037596564997));
#1374 = CARTESIAN_POINT('',(23.296217297545,-14.48698469118,
    8.039760103836));
#1375 = CARTESIAN_POINT('',(23.530769488661,-14.49566134902,
    8.041226799931));
#1376 = CARTESIAN_POINT('',(23.765379497262,-14.5,8.04196010845));
#1377 = CARTESIAN_POINT('',(24.234620601285,-14.5,8.04196010845));
#1378 = CARTESIAN_POINT('',(24.46923062105,-14.49566134543,
    8.041226799284));
#1379 = CARTESIAN_POINT('',(24.703782768917,-14.48698468592,
    8.039760102979));
#1380 = CARTESIAN_POINT('',(24.938227473982,-14.47396835985,
    8.037596564661));
#1381 = CARTESIAN_POINT('',(25.172512877645,-14.45660869476,
    8.034808898283));
#1382 = CARTESIAN_POINT('',(25.406584826443,-14.43490030772,
    8.031505532356));
#1383 = CARTESIAN_POINT('',(25.640386864881,-14.40883640571,
    8.027830155682));
#1384 = CARTESIAN_POINT('',(26.141671681574,-14.34350666892,
    8.019523353192));
#1385 = CARTESIAN_POINT('',(26.409039756975,-14.30286436782,
    8.014831039812));
#1386 = CARTESIAN_POINT('',(26.675906126953,-14.25646705732,
    8.01015288414));
#1387 = CARTESIAN_POINT('',(26.942206559773,-14.20429426309,
    8.00581823623));
#1388 = CARTESIAN_POINT('',(27.207866246254,-14.14632139071,
    8.002215821789));
#1389 = CARTESIAN_POINT('',(27.472795293096,-14.08252235915,
    7.999796037744));
#1390 = CARTESIAN_POINT('',(27.736884382776,-14.01287363853,
    7.999076956559));
#1391 = CARTESIAN_POINT('',(28.0000006,-13.93735969256,8.000654039314));
#1392 = FACE_BOUND('',#1393,.F.);
#1393 = EDGE_LOOP('',(#1394,#1589));
#1394 = ORIENTED_EDGE('',*,*,#1395,.T.);
#1395 = EDGE_CURVE('',#1396,#1398,#1400,.T.);
#1396 = VERTEX_POINT('',#1397);
#1397 = CARTESIAN_POINT('',(-13.3,-16.,8.7639320225));
#1398 = VERTEX_POINT('',#1399);
#1399 = CARTESIAN_POINT('',(-13.3,-16.,13.2360679775));
#1400 = B_SPLINE_CURVE_WITH_KNOTS('',7,(#1401,#1402,#1403,#1404,#1405,
    #1406,#1407,#1408,#1409,#1410,#1411,#1412,#1413,#1414,#1415,#1416,
    #1417,#1418,#1419,#1420,#1421,#1422,#1423,#1424,#1425,#1426,#1427,
    #1428,#1429,#1430,#1431,#1432,#1433,#1434,#1435,#1436,#1437,#1438,
    #1439,#1440,#1441,#1442,#1443,#1444,#1445,#1446,#1447,#1448,#1449,
    #1450,#1451,#1452,#1453,#1454,#1455,#1456,#1457,#1458,#1459,#1460,
    #1461,#1462,#1463,#1464,#1465,#1466,#1467,#1468,#1469,#1470,#1471,
    #1472,#1473,#1474,#1475,#1476,#1477,#1478,#1479,#1480,#1481,#1482,
    #1483,#1484,#1485,#1486,#1487,#1488,#1489,#1490,#1491,#1492,#1493,
    #1494,#1495,#1496,#1497,#1498,#1499,#1500,#1501,#1502,#1503,#1504,
    #1505,#1506,#1507,#1508,#1509,#1510,#1511,#1512,#1513,#1514,#1515,
    #1516,#1517,#1518,#1519,#1520,#1521,#1522,#1523,#1524,#1525,#1526,
    #1527,#1528,#1529,#1530,#1531,#1532,#1533,#1534,#1535,#1536,#1537,
    #1538,#1539,#1540,#1541,#1542,#1543,#1544,#1545,#1546,#1547,#1548,
    #1549,#1550,#1551,#1552,#1553,#1554,#1555,#1556,#1557,#1558,#1559,
    #1560,#1561,#1562,#1563,#1564,#1565,#1566,#1567,#1568,#1569,#1570,
    #1571,#1572,#1573,#1574,#1575,#1576,#1577,#1578,#1579,#1580,#1581,
    #1582,#1583,#1584,#1585,#1586,#1587,#1588),.UNSPECIFIED.,.F.,.F.,(8,
    6,6,6,6,6,6,6,6,6,6,6,6,6,6,6,6,6,6,6,6,6,6,6,6,6,6,6,6,6,6,8),(0.,
    2.934562922279E-02,7.763331996182E-02,9.392261415507E-02,
    0.114194588785,0.129372324097,0.171660833691,0.214065568969,
    0.229167672112,0.249256828664,0.266066149399,0.294613058856,
    0.326792511454,0.366972786708,0.418973726787,0.45972361942,
    0.499514856045,0.53930609267,0.580055985303,0.654371888512,
    0.683096792326,0.733059392574,0.749908197614,0.770044538425,
    0.785182109478,0.827686434021,0.87007425992,0.885287640768,
    0.905607220734,0.921934764054,0.950169895088,1.),.UNSPECIFIED.);
#1401 = CARTESIAN_POINT('',(-13.3,-16.,8.7639320225));
#1402 = CARTESIAN_POINT('',(-13.3,-15.94545326412,8.715143938751));
#1403 = CARTESIAN_POINT('',(-13.30204176185,-15.88913776312,
    8.667568144613));
#1404 = CARTESIAN_POINT('',(-13.30636420038,-15.8312248676,
    8.621427937153));
#1405 = CARTESIAN_POINT('',(-13.31319355207,-15.77190453608,
    8.576913049916));
#1406 = CARTESIAN_POINT('',(-13.32274213223,-15.71138371519,
    8.534180687651));
#1407 = CARTESIAN_POINT('',(-13.33520709217,-15.64988473987,
    8.493356561045));
#1408 = CARTESIAN_POINT('',(-13.37637629846,-15.4852273076,
    8.390657276176));
#1409 = CARTESIAN_POINT('',(-13.41030360504,-15.38106475601,
    8.332367589378));
#1410 = CARTESIAN_POINT('',(-13.45310753191,-15.27692816192,
    8.28047633064));
#1411 = CARTESIAN_POINT('',(-13.5048923342,-15.1746423557,8.235275435212
    ));
#1412 = CARTESIAN_POINT('',(-13.56525531429,-15.07601146521,
    8.196624630667));
#1413 = CARTESIAN_POINT('',(-13.63322334648,-14.98270301328,
    8.164064253359));
#1414 = CARTESIAN_POINT('',(-13.73212935624,-14.86687151635,
    8.127810748604));
#1415 = CARTESIAN_POINT('',(-13.75779234851,-14.838376831,8.119274420812
    ));
#1416 = CARTESIAN_POINT('',(-13.78413560934,-14.8106330413,
    8.111315718654));
#1417 = CARTESIAN_POINT('',(-13.81112274596,-14.78366554754,
    8.103904189522));
#1418 = CARTESIAN_POINT('',(-13.8387150388,-14.75749761546,
    8.097009780855));
#1419 = CARTESIAN_POINT('',(-13.86687144155,-14.73215037628,
    8.090602840137));
#1420 = CARTESIAN_POINT('',(-13.93123718977,-14.67714325951,
    8.077250945323));
#1421 = CARTESIAN_POINT('',(-13.96773364314,-14.64794287767,
    8.070557331408));
#1422 = CARTESIAN_POINT('',(-14.00497760603,-14.62005812284,
    8.064512583735));
#1423 = CARTESIAN_POINT('',(-14.0429087748,-14.59350250859,
    8.059059933237));
#1424 = CARTESIAN_POINT('',(-14.08146687743,-14.56828662044,
    8.054146531205));
#1425 = CARTESIAN_POINT('',(-14.12059167346,-14.54441811582,
    8.049723449284));
#1426 = CARTESIAN_POINT('',(-14.18989510481,-14.50504358181,
    8.042767502043));
#1427 = CARTESIAN_POINT('',(-14.21985607527,-14.48894069679,
    8.04003846888));
#1428 = CARTESIAN_POINT('',(-14.25008453289,-14.47359312051,
    8.037539470253));
#1429 = CARTESIAN_POINT('',(-14.28056025859,-14.45900035434,
    8.035252733126));
#1430 = CARTESIAN_POINT('',(-14.31126414677,-14.44516134951,
    8.033161821159));
#1431 = CARTESIAN_POINT('',(-14.34217820535,-14.43207450716,
    8.031251634707));
#1432 = CARTESIAN_POINT('',(-14.45995747713,-14.38536455916,
    8.024651405573));
#1433 = CARTESIAN_POINT('',(-14.54811169545,-14.35682192707,
    8.021091176643));
#1434 = CARTESIAN_POINT('',(-14.63740251291,-14.33405516105,
    8.018529260803));
#1435 = CARTESIAN_POINT('',(-14.72751828002,-14.31701711808,
    8.016748282087));
#1436 = CARTESIAN_POINT('',(-14.81817141895,-14.30567212994,
    8.015607388492));
#1437 = CARTESIAN_POINT('',(-14.90908844699,-14.3,8.01503768868));
#1438 = CARTESIAN_POINT('',(-15.09116141419,-14.3,8.01503768868));
#1439 = CARTESIAN_POINT('',(-15.18232839406,-14.30570335296,
    8.015610520425));
#1440 = CARTESIAN_POINT('',(-15.27322933345,-14.31711080214,
    8.016757702579));
#1441 = CARTESIAN_POINT('',(-15.36358844743,-14.33424277516,
    8.018548878988));
#1442 = CARTESIAN_POINT('',(-15.45311566212,-14.35713531968,
    8.02112645619));
#1443 = CARTESIAN_POINT('',(-15.5414965044,-14.38583603901,
    8.024710240938));
#1444 = CARTESIAN_POINT('',(-15.65932555458,-14.43270971243,
    8.03134426578));
#1445 = CARTESIAN_POINT('',(-15.69007710108,-14.44576202716,
    8.033252280341));
#1446 = CARTESIAN_POINT('',(-15.72061994679,-14.45955907031,
    8.035339717373));
#1447 = CARTESIAN_POINT('',(-15.75093633144,-14.4741024037,
    8.037621484575));
#1448 = CARTESIAN_POINT('',(-15.78100741899,-14.48939305254,
    8.040113801372));
#1449 = CARTESIAN_POINT('',(-15.81081329754,-14.50543150543,
    8.042834198912));
#1450 = CARTESIAN_POINT('',(-15.87960072275,-14.54454710624,
    8.049748717281));
#1451 = CARTESIAN_POINT('',(-15.91837041087,-14.56820423937,
    8.05413366553));
#1452 = CARTESIAN_POINT('',(-15.95658349794,-14.59318450247,
    8.059000195143));
#1453 = CARTESIAN_POINT('',(-15.99418140508,-14.61948047209,
    8.064395922505));
#1454 = CARTESIAN_POINT('',(-16.03110552028,-14.64708191265,
    8.070372250056));
#1455 = CARTESIAN_POINT('',(-16.06729719848,-14.67597577641,
    8.076984366299));
#1456 = CARTESIAN_POINT('',(-16.13231868738,-14.73139088626,
    8.090405175005));
#1457 = CARTESIAN_POINT('',(-16.1613872893,-14.75753077441,
    8.097005726887));
#1458 = CARTESIAN_POINT('',(-16.18985567042,-14.78454497107,
    8.104125021568));
#1459 = CARTESIAN_POINT('',(-16.21767859741,-14.81241015432,
    8.111795616521));
#1460 = CARTESIAN_POINT('',(-16.24481350049,-14.84110057728,
    8.120050506564));
#1461 = CARTESIAN_POINT('',(-16.27122047337,-14.87058806798,
    8.128923123858));
#1462 = CARTESIAN_POINT('',(-16.34040919299,-14.95222168446,
    8.154622106693));
#1463 = CARTESIAN_POINT('',(-16.38179015575,-15.00586059514,
    8.17269087151));
#1464 = CARTESIAN_POINT('',(-16.42071190749,-15.06149591983,
    8.192786941338));
#1465 = CARTESIAN_POINT('',(-16.45694699037,-15.11883130505,
    8.215022908257));
#1466 = CARTESIAN_POINT('',(-16.49033112521,-15.17754694552,
    8.23948343546));
#1467 = CARTESIAN_POINT('',(-16.52076059391,-15.23730964416,
    8.266218045274));
#1468 = CARTESIAN_POINT('',(-16.57910894454,-15.36595121002,
    8.327941985563));
#1469 = CARTESIAN_POINT('',(-16.60613363222,-15.4348418391,
    8.363462413607));
#1470 = CARTESIAN_POINT('',(-16.6292369796,-15.5039694601,8.401781873875
    ));
#1471 = CARTESIAN_POINT('',(-16.64847965668,-15.57284635855,
    8.442818196398));
#1472 = CARTESIAN_POINT('',(-16.66400239777,-15.64099061796,
    8.48640994635));
#1473 = CARTESIAN_POINT('',(-16.67601869055,-15.70793433318,
    8.532306011729));
#1474 = CARTESIAN_POINT('',(-16.69578140488,-15.8547643213,
    8.639901179253));
#1475 = CARTESIAN_POINT('',(-16.7017237617,-15.93373350541,
    8.702694774796));
#1476 = CARTESIAN_POINT('',(-16.7032521436,-16.00983462489,8.76826572406
    ));
#1477 = CARTESIAN_POINT('',(-16.70094942304,-16.08283216971,
    8.836317988971));
#1478 = CARTESIAN_POINT('',(-16.69537284857,-16.1525437493,
    8.906535052348));
#1479 = CARTESIAN_POINT('',(-16.68705769578,-16.21883068457,
    8.978581065722));
#1480 = CARTESIAN_POINT('',(-16.66287179056,-16.36282471442,
    9.147242567486));
#1481 = CARTESIAN_POINT('',(-16.64546188548,-16.43836901876,
    9.245102089642));
#1482 = CARTESIAN_POINT('',(-16.62529936012,-16.50831371441,
    9.345337592861));
#1483 = CARTESIAN_POINT('',(-16.60324829483,-16.57277081165,
    9.447679468046));
#1484 = CARTESIAN_POINT('',(-16.58008489305,-16.63184961132,
    9.551918043546));
#1485 = CARTESIAN_POINT('',(-16.55653407457,-16.68563879206,
    9.657886325765));
#1486 = CARTESIAN_POINT('',(-16.51505901877,-16.77225406174,
    9.849713735369));
#1487 = CARTESIAN_POINT('',(-16.49699531748,-16.80714972281,
    9.935078188534));
#1488 = CARTESIAN_POINT('',(-16.47942455694,-16.83888927907,
    10.021435797693));
#1489 = CARTESIAN_POINT('',(-16.4626696993,-16.86747712201,
    10.108712201788));
#1490 = CARTESIAN_POINT('',(-16.44703672458,-16.89291442967,
    10.196850594378));
#1491 = CARTESIAN_POINT('',(-16.43280934571,-16.91519404115,
    10.285811330463));
#1492 = CARTESIAN_POINT('',(-16.40797371224,-16.95294725621,
    10.463220094781));
#1493 = CARTESIAN_POINT('',(-16.39728189982,-16.96857771436,
    10.551673715351));
#1494 = CARTESIAN_POINT('',(-16.38843459043,-16.98112224377,
    10.640724555633));
#1495 = CARTESIAN_POINT('',(-16.381646217,-16.99055049795,10.7302076824)
  );
#1496 = CARTESIAN_POINT('',(-16.37706622929,-16.99684692551,
    10.819989500832));
#1497 = CARTESIAN_POINT('',(-16.37477270848,-17.,10.909955884065));
#1498 = CARTESIAN_POINT('',(-16.37477270848,-17.,11.090044115935));
#1499 = CARTESIAN_POINT('',(-16.37706622929,-16.99684692551,
    11.180010499168));
#1500 = CARTESIAN_POINT('',(-16.381646217,-16.99055049795,11.2697923176)
  );
#1501 = CARTESIAN_POINT('',(-16.38843459043,-16.98112224377,
    11.359275444367));
#1502 = CARTESIAN_POINT('',(-16.39728189982,-16.96857771436,
    11.448326284649));
#1503 = CARTESIAN_POINT('',(-16.40797371224,-16.95294725621,
    11.536779905219));
#1504 = CARTESIAN_POINT('',(-16.43280934571,-16.91519404115,
    11.714188669537));
#1505 = CARTESIAN_POINT('',(-16.44703672458,-16.89291442967,
    11.803149405621));
#1506 = CARTESIAN_POINT('',(-16.4626696993,-16.86747712201,
    11.891287798212));
#1507 = CARTESIAN_POINT('',(-16.47942455694,-16.83888927907,
    11.978564202307));
#1508 = CARTESIAN_POINT('',(-16.49699531748,-16.80714972281,
    12.064921811466));
#1509 = CARTESIAN_POINT('',(-16.51505901877,-16.77225406174,
    12.150286264631));
#1510 = CARTESIAN_POINT('',(-16.56651257626,-16.66479998671,
    12.388265514034));
#1511 = CARTESIAN_POINT('',(-16.60032160087,-16.58478660146,
    12.538595381368));
#1512 = CARTESIAN_POINT('',(-16.63275416415,-16.49391325964,
    12.685359453754));
#1513 = CARTESIAN_POINT('',(-16.6616752713,-16.39181337065,
    12.828058614105));
#1514 = CARTESIAN_POINT('',(-16.6846166385,-16.27815803983,
    12.96584641297));
#1515 = CARTESIAN_POINT('',(-16.69863027189,-16.15279433477,
    13.097512220436));
#1516 = CARTESIAN_POINT('',(-16.70042391166,-15.96324456389,
    13.269529139251));
#1517 = CARTESIAN_POINT('',(-16.69902362839,-15.9087073098,
    13.316347868425));
#1518 = CARTESIAN_POINT('',(-16.69550211567,-15.85262121641,
    13.361831779907));
#1519 = CARTESIAN_POINT('',(-16.68964774299,-15.79514999093,
    13.405808526207));
#1520 = CARTESIAN_POINT('',(-16.68125908043,-15.73647278869,
    13.448132734753));
#1521 = CARTESIAN_POINT('',(-16.67014580031,-15.67678317811,
    13.488685303913));
#1522 = CARTESIAN_POINT('',(-16.63175049405,-15.51106613017,
    13.594663537196));
#1523 = CARTESIAN_POINT('',(-16.59863156285,-15.40359090917,
    13.656193899917));
#1524 = CARTESIAN_POINT('',(-16.55607957278,-15.29580676917,
    13.710972842222));
#1525 = CARTESIAN_POINT('',(-16.5039082676,-15.18972877541,
    13.758612537498));
#1526 = CARTESIAN_POINT('',(-16.44250358277,-15.0873596061,
    13.799228893429));
#1527 = CARTESIAN_POINT('',(-16.3728991789,-14.99055560745,
    13.833310036078));
#1528 = CARTESIAN_POINT('',(-16.27122047337,-14.87058806798,
    13.871076876142));
#1529 = CARTESIAN_POINT('',(-16.24481350049,-14.84110057728,
    13.879949493436));
#1530 = CARTESIAN_POINT('',(-16.21767859741,-14.81241015432,
    13.888204383479));
#1531 = CARTESIAN_POINT('',(-16.18985567042,-14.78454497107,
    13.895874978432));
#1532 = CARTESIAN_POINT('',(-16.1613872893,-14.75753077441,
    13.902994273113));
#1533 = CARTESIAN_POINT('',(-16.13231868738,-14.73139088626,
    13.909594824995));
#1534 = CARTESIAN_POINT('',(-16.0672972059,-14.67597578274,
    13.923015632167));
#1535 = CARTESIAN_POINT('',(-16.03110552089,-14.64708191418,
    13.929627749438));
#1536 = CARTESIAN_POINT('',(-15.99418139883,-14.61948046814,
    13.935604078266));
#1537 = CARTESIAN_POINT('',(-15.95658349188,-14.59318449778,
    13.940999805923));
#1538 = CARTESIAN_POINT('',(-15.91837041194,-14.56820423906,
    13.945866334704));
#1539 = CARTESIAN_POINT('',(-15.87960073065,-14.54454711073,
    13.950251281925));
#1540 = CARTESIAN_POINT('',(-15.81081329754,-14.50543150543,
    13.957165801088));
#1541 = CARTESIAN_POINT('',(-15.78100741899,-14.48939305254,
    13.959886198628));
#1542 = CARTESIAN_POINT('',(-15.75093633144,-14.4741024037,
    13.962378515425));
#1543 = CARTESIAN_POINT('',(-15.72061994679,-14.45955907031,
    13.964660282627));
#1544 = CARTESIAN_POINT('',(-15.69007710108,-14.44576202716,
    13.966747719659));
#1545 = CARTESIAN_POINT('',(-15.65932555458,-14.43270971243,
    13.96865573422));
#1546 = CARTESIAN_POINT('',(-15.5414965044,-14.38583603901,
    13.975289759062));
#1547 = CARTESIAN_POINT('',(-15.45311566212,-14.35713531968,
    13.97887354381));
#1548 = CARTESIAN_POINT('',(-15.36358844743,-14.33424277516,
    13.981451121012));
#1549 = CARTESIAN_POINT('',(-15.27322933345,-14.31711080214,
    13.983242297421));
#1550 = CARTESIAN_POINT('',(-15.18232839406,-14.30570335296,
    13.984389479575));
#1551 = CARTESIAN_POINT('',(-15.09116141419,-14.3,13.98496231132));
#1552 = CARTESIAN_POINT('',(-14.90908844699,-14.3,13.98496231132));
#1553 = CARTESIAN_POINT('',(-14.81817141895,-14.30567212994,
    13.984392611508));
#1554 = CARTESIAN_POINT('',(-14.72751828002,-14.31701711808,
    13.983251717913));
#1555 = CARTESIAN_POINT('',(-14.63740251291,-14.33405516105,
    13.981470739197));
#1556 = CARTESIAN_POINT('',(-14.54811169545,-14.35682192707,
    13.978908823357));
#1557 = CARTESIAN_POINT('',(-14.45995747713,-14.38536455916,
    13.975348594427));
#1558 = CARTESIAN_POINT('',(-14.34217820535,-14.43207450716,
    13.968748365293));
#1559 = CARTESIAN_POINT('',(-14.31126414677,-14.44516134951,
    13.966838178841));
#1560 = CARTESIAN_POINT('',(-14.28056025859,-14.45900035434,
    13.964747266874));
#1561 = CARTESIAN_POINT('',(-14.25008453289,-14.47359312051,
    13.962460529747));
#1562 = CARTESIAN_POINT('',(-14.21985607527,-14.48894069679,
    13.95996153112));
#1563 = CARTESIAN_POINT('',(-14.18989510481,-14.50504358181,
    13.957232497957));
#1564 = CARTESIAN_POINT('',(-14.12059168171,-14.54441811114,
    13.950276551544));
#1565 = CARTESIAN_POINT('',(-14.08146687855,-14.56828662078,
    13.945853468546));
#1566 = CARTESIAN_POINT('',(-14.04290876847,-14.5935025135,
    13.940940065644));
#1567 = CARTESIAN_POINT('',(-14.00497759951,-14.62005812696,
    13.93548741546));
#1568 = CARTESIAN_POINT('',(-13.96773364378,-14.64794287606,
    13.929442669126));
#1569 = CARTESIAN_POINT('',(-13.93123719753,-14.67714325287,
    13.922749056288));
#1570 = CARTESIAN_POINT('',(-13.86687144155,-14.73215037628,
    13.909397159863));
#1571 = CARTESIAN_POINT('',(-13.8387150388,-14.75749761546,
    13.902990219145));
#1572 = CARTESIAN_POINT('',(-13.81112274596,-14.78366554754,
    13.896095810478));
#1573 = CARTESIAN_POINT('',(-13.78413560934,-14.8106330413,
    13.888684281346));
#1574 = CARTESIAN_POINT('',(-13.75779234851,-14.838376831,
    13.880725579188));
#1575 = CARTESIAN_POINT('',(-13.73212935624,-14.86687151635,
    13.872189251396));
#1576 = CARTESIAN_POINT('',(-13.66403712181,-14.9466161695,
    13.847230382358));
#1577 = CARTESIAN_POINT('',(-13.62298921134,-14.9993537355,
    13.829582283841));
#1578 = CARTESIAN_POINT('',(-13.58431866403,-15.0540533893,
    13.809970971001));
#1579 = CARTESIAN_POINT('',(-13.54824563487,-15.11043456073,
    13.788286168481));
#1580 = CARTESIAN_POINT('',(-13.51493111955,-15.16819428291,
    13.76444320138));
#1581 = CARTESIAN_POINT('',(-13.48447933708,-15.22701649428,
    13.738389692312));
#1582 = CARTESIAN_POINT('',(-13.40833816139,-15.39170295501,
    13.660207496428));
#1583 = CARTESIAN_POINT('',(-13.36922451614,-15.498237617,
    13.603802803028));
#1584 = CARTESIAN_POINT('',(-13.33946212911,-15.60463400614,
    13.540900963751));
#1585 = CARTESIAN_POINT('',(-13.31857292661,-15.7093806844,
    13.471807543683));
#1586 = CARTESIAN_POINT('',(-13.30576979685,-15.8110433405,
    13.397179359441));
#1587 = CARTESIAN_POINT('',(-13.3,-15.90830368557,13.318083654439));
#1588 = CARTESIAN_POINT('',(-13.3,-16.,13.2360679775));
#1589 = ORIENTED_EDGE('',*,*,#1590,.T.);
#1590 = EDGE_CURVE('',#1398,#1396,#1591,.T.);
#1591 = B_SPLINE_CURVE_WITH_KNOTS('',7,(#1592,#1593,#1594,#1595,#1596,
    #1597,#1598,#1599,#1600,#1601,#1602,#1603,#1604,#1605,#1606,#1607,
    #1608,#1609,#1610,#1611,#1612,#1613,#1614,#1615,#1616,#1617,#1618,
    #1619,#1620,#1621,#1622,#1623,#1624,#1625,#1626,#1627,#1628,#1629,
    #1630,#1631,#1632,#1633,#1634,#1635),.UNSPECIFIED.,.F.,.F.,(8,6,6,6,
    6,6,6,8),(0.,7.120226445016E-02,0.244330030328,0.373603801958,
    0.499858729259,0.62611365656,0.755387428191,1.),.UNSPECIFIED.);
#1592 = CARTESIAN_POINT('',(-13.3,-16.,13.2360679775));
#1593 = CARTESIAN_POINT('',(-13.3,-16.04117411321,13.199240731078));
#1594 = CARTESIAN_POINT('',(-13.30116343303,-16.08137971701,
    13.161687586295));
#1595 = CARTESIAN_POINT('',(-13.30339183157,-16.12059309127,
    13.123454502727));
#1596 = CARTESIAN_POINT('',(-13.30659107235,-16.15879520386,
    13.084587352917));
#1597 = CARTESIAN_POINT('',(-13.31067103823,-16.19597122011,
    13.045131697089));
#1598 = CARTESIAN_POINT('',(-13.31554528004,-16.23211001242,
    13.005132557866));
#1599 = CARTESIAN_POINT('',(-13.33471153225,-16.35253363114,
    12.866162732855));
#1600 = CARTESIAN_POINT('',(-13.35250894637,-16.4317602672,
    12.76465255815));
#1601 = CARTESIAN_POINT('',(-13.37337535084,-16.50495811426,
    12.660491271697));
#1602 = CARTESIAN_POINT('',(-13.3963343334,-16.57222771046,
    12.554000800953));
#1603 = CARTESIAN_POINT('',(-13.42050164166,-16.63366447389,
    12.445451201788));
#1604 = CARTESIAN_POINT('',(-13.44504472496,-16.68934332144,
    12.335086767543));
#1605 = CARTESIAN_POINT('',(-13.48720313319,-16.77663567779,
    12.13959252007));
#1606 = CARTESIAN_POINT('',(-13.5050389284,-16.81085671351,
    12.054963433658));
#1607 = CARTESIAN_POINT('',(-13.52236412583,-16.84198408036,
    11.969366223036));
#1608 = CARTESIAN_POINT('',(-13.53886613928,-16.87002158017,
    11.882872476433));
#1609 = CARTESIAN_POINT('',(-13.55424896618,-16.89496989331,
    11.795536694203));
#1610 = CARTESIAN_POINT('',(-13.56823828169,-16.91682160022,
    11.707396649634));
#1611 = CARTESIAN_POINT('',(-13.59264642328,-16.95385330903,
    11.531627407149));
#1612 = CARTESIAN_POINT('',(-13.60314555747,-16.9691836072,
    11.444003782122));
#1613 = CARTESIAN_POINT('',(-13.61182758298,-16.98148632633,
    11.355801959392));
#1614 = CARTESIAN_POINT('',(-13.6184862924,-16.99073266848,
    11.267180250345));
#1615 = CARTESIAN_POINT('',(-13.62297794548,-16.99690765555,
    11.178267180262));
#1616 = CARTESIAN_POINT('',(-13.62522729151,-17.,11.089172753982));
#1617 = CARTESIAN_POINT('',(-13.62522729151,-17.,10.910827246017));
#1618 = CARTESIAN_POINT('',(-13.62297794548,-16.99690765555,
    10.821732819738));
#1619 = CARTESIAN_POINT('',(-13.6184862924,-16.99073266848,
    10.732819749656));
#1620 = CARTESIAN_POINT('',(-13.61182758298,-16.98148632633,
    10.644198040608));
#1621 = CARTESIAN_POINT('',(-13.60314555747,-16.9691836072,
    10.555996217878));
#1622 = CARTESIAN_POINT('',(-13.59264642328,-16.95385330903,
    10.468372592851));
#1623 = CARTESIAN_POINT('',(-13.56823828169,-16.91682160022,
    10.292603350366));
#1624 = CARTESIAN_POINT('',(-13.55424896618,-16.89496989331,
    10.204463305797));
#1625 = CARTESIAN_POINT('',(-13.53886613928,-16.87002158017,
    10.117127523567));
#1626 = CARTESIAN_POINT('',(-13.52236412583,-16.84198408036,
    10.030633776964));
#1627 = CARTESIAN_POINT('',(-13.5050389284,-16.81085671351,
    9.945036566342));
#1628 = CARTESIAN_POINT('',(-13.48720313319,-16.77663567779,
    9.86040747993));
#1629 = CARTESIAN_POINT('',(-13.435078884,-16.66870825059,9.618700278462
    ));
#1630 = CARTESIAN_POINT('',(-13.40026009239,-16.5869106813,
    9.464119460903));
#1631 = CARTESIAN_POINT('',(-13.3668337975,-16.49366373548,
    9.313284621025));
#1632 = CARTESIAN_POINT('',(-13.33710682878,-16.3885657752,9.16673033304
    ));
#1633 = CARTESIAN_POINT('',(-13.31375788631,-16.27125976573,
    9.025382253786));
#1634 = CARTESIAN_POINT('',(-13.3,-16.14159024453,8.890574187189));
#1635 = CARTESIAN_POINT('',(-13.3,-16.,8.7639320225));
#1636 = CYLINDRICAL_SURFACE('',#1637,3.);
#1637 = AXIS2_PLACEMENT_3D('',#1638,#1639,#1640);
#1638 = CARTESIAN_POINT('',(-22.,-14.,11.));
#1639 = DIRECTION('',(1.,0.,0.));
#1640 = DIRECTION('',(0.,0.,1.));
#1641 = ADVANCED_FACE('',(#1642),#1648,.T.);
#1642 = FACE_BOUND('',#1643,.T.);
#1643 = EDGE_LOOP('',(#1644,#1645,#1646,#1647));
#1644 = ORIENTED_EDGE('',*,*,#100,.F.);
#1645 = ORIENTED_EDGE('',*,*,#213,.T.);
#1646 = ORIENTED_EDGE('',*,*,#304,.T.);
#1647 = ORIENTED_EDGE('',*,*,#116,.F.);
#1648 = PLANE('',#1649);
#1649 = AXIS2_PLACEMENT_3D('',#1650,#1651,#1652);
#1650 = CARTESIAN_POINT('',(44.,-21.,0.));
#1651 = DIRECTION('',(1.,0.,0.));
#1652 = DIRECTION('',(0.,0.,1.));
#1653 = ADVANCED_FACE('',(#1654),#1674,.F.);
#1654 = FACE_BOUND('',#1655,.F.);
#1655 = EDGE_LOOP('',(#1656,#1657,#1663,#1664,#1670,#1671,#1672,#1673));
#1656 = ORIENTED_EDGE('',*,*,#132,.F.);
#1657 = ORIENTED_EDGE('',*,*,#1658,.F.);
#1658 = EDGE_CURVE('',#1398,#133,#1659,.T.);
#1659 = LINE('',#1660,#1661);
#1660 = CARTESIAN_POINT('',(-13.3,-16.,-1.));
#1661 = VECTOR('',#1662,1.);
#1662 = DIRECTION('',(0.,0.,1.));
#1663 = ORIENTED_EDGE('',*,*,#1395,.F.);
#1664 = ORIENTED_EDGE('',*,*,#1665,.F.);
#1665 = EDGE_CURVE('',#230,#1396,#1666,.T.);
#1666 = LINE('',#1667,#1668);
#1667 = CARTESIAN_POINT('',(-13.3,-16.,-1.));
#1668 = VECTOR('',#1669,1.);
#1669 = DIRECTION('',(0.,0.,1.));
#1670 = ORIENTED_EDGE('',*,*,#229,.T.);
#1671 = ORIENTED_EDGE('',*,*,#1665,.T.);
#1672 = ORIENTED_EDGE('',*,*,#1590,.F.);
#1673 = ORIENTED_EDGE('',*,*,#1658,.T.);
#1674 = CYLINDRICAL_SURFACE('',#1675,1.7);
#1675 = AXIS2_PLACEMENT_3D('',#1676,#1677,#1678);
#1676 = CARTESIAN_POINT('',(-15.,-16.,-1.));
#1677 = DIRECTION('',(0.,0.,1.));
#1678 = DIRECTION('',(1.,0.,0.));
#1679 = ADVANCED_FACE('',(#1680,#1706,#1710),#1714,.F.);
#1680 = FACE_BOUND('',#1681,.F.);
#1681 = EDGE_LOOP('',(#1682,#1683,#1691,#1700));
#1682 = ORIENTED_EDGE('',*,*,#143,.F.);
#1683 = ORIENTED_EDGE('',*,*,#1684,.F.);
#1684 = EDGE_CURVE('',#1685,#144,#1687,.T.);
#1685 = VERTEX_POINT('',#1686);
#1686 = CARTESIAN_POINT('',(12.,8.13941029805,5.));
#1687 = LINE('',#1688,#1689);
#1688 = CARTESIAN_POINT('',(12.,8.13941029805,5.));
#1689 = VECTOR('',#1690,1.);
#1690 = DIRECTION('',(0.,0.,1.));
#1691 = ORIENTED_EDGE('',*,*,#1692,.T.);
#1692 = EDGE_CURVE('',#1685,#1693,#1695,.T.);
#1693 = VERTEX_POINT('',#1694);
#1694 = CARTESIAN_POINT('',(12.,-8.13941029805,5.));
#1695 = CIRCLE('',#1696,14.5);
#1696 = AXIS2_PLACEMENT_3D('',#1697,#1698,#1699);
#1697 = CARTESIAN_POINT('',(0.,0.,5.));
#1698 = DIRECTION('',(0.,0.,1.));
#1699 = DIRECTION('',(1.,0.,0.));
#1700 = ORIENTED_EDGE('',*,*,#1701,.T.);
#1701 = EDGE_CURVE('',#1693,#146,#1702,.T.);
#1702 = LINE('',#1703,#1704);
#1703 = CARTESIAN_POINT('',(12.,-8.13941029805,5.));
#1704 = VECTOR('',#1705,1.);
#1705 = DIRECTION('',(0.,0.,1.));
#1706 = FACE_BOUND('',#1707,.F.);
#1707 = EDGE_LOOP('',(#1708,#1709));
#1708 = ORIENTED_EDGE('',*,*,#496,.F.);
#1709 = ORIENTED_EDGE('',*,*,#707,.F.);
#1710 = FACE_BOUND('',#1711,.F.);
#1711 = EDGE_LOOP('',(#1712,#1713));
#1712 = ORIENTED_EDGE('',*,*,#1074,.F.);
#1713 = ORIENTED_EDGE('',*,*,#1039,.F.);
#1714 = CYLINDRICAL_SURFACE('',#1715,14.5);
#1715 = AXIS2_PLACEMENT_3D('',#1716,#1717,#1718);
#1716 = CARTESIAN_POINT('',(0.,0.,5.));
#1717 = DIRECTION('',(0.,0.,1.));
#1718 = DIRECTION('',(1.,0.,0.));
#1719 = ADVANCED_FACE('',(#1720,#1739),#1759,.F.);
#1720 = FACE_BOUND('',#1721,.F.);
#1721 = EDGE_LOOP('',(#1722,#1723,#1731,#1738));
#1722 = ORIENTED_EDGE('',*,*,#154,.F.);
#1723 = ORIENTED_EDGE('',*,*,#1724,.F.);
#1724 = EDGE_CURVE('',#1725,#155,#1727,.T.);
#1725 = VERTEX_POINT('',#1726);
#1726 = CARTESIAN_POINT('',(38.5,-3.551475717527E-15,5.));
#1727 = LINE('',#1728,#1729);
#1728 = CARTESIAN_POINT('',(38.5,-3.551475717527E-15,5.));
#1729 = VECTOR('',#1730,1.);
#1730 = DIRECTION('',(0.,0.,1.));
#1731 = ORIENTED_EDGE('',*,*,#1732,.T.);
#1732 = EDGE_CURVE('',#1725,#1685,#1733,.T.);
#1733 = CIRCLE('',#1734,14.5);
#1734 = AXIS2_PLACEMENT_3D('',#1735,#1736,#1737);
#1735 = CARTESIAN_POINT('',(24.,0.,5.));
#1736 = DIRECTION('',(0.,0.,1.));
#1737 = DIRECTION('',(1.,0.,0.));
#1738 = ORIENTED_EDGE('',*,*,#1684,.T.);
#1739 = FACE_BOUND('',#1740,.F.);
#1740 = EDGE_LOOP('',(#1741,#1742,#1750,#1758));
#1741 = ORIENTED_EDGE('',*,*,#364,.F.);
#1742 = ORIENTED_EDGE('',*,*,#1743,.T.);
#1743 = EDGE_CURVE('',#356,#1744,#1746,.T.);
#1744 = VERTEX_POINT('',#1745);
#1745 = CARTESIAN_POINT('',(28.,13.937359864766,13.999345964283));
#1746 = LINE('',#1747,#1748);
#1747 = CARTESIAN_POINT('',(28.,13.937359864766,5.));
#1748 = VECTOR('',#1749,1.);
#1749 = DIRECTION('',(0.,0.,1.));
#1750 = ORIENTED_EDGE('',*,*,#1751,.F.);
#1751 = EDGE_CURVE('',#321,#1744,#1752,.T.);
#1752 = B_SPLINE_CURVE_WITH_KNOTS('',4,(#1753,#1754,#1755,#1756,#1757),
  .UNSPECIFIED.,.F.,.F.,(5,5),(0.,1.),.PIECEWISE_BEZIER_KNOTS.);
#1753 = CARTESIAN_POINT('',(27.774917217635,14.,14.));
#1754 = CARTESIAN_POINT('',(27.831260136296,13.98480786759,14.));
#1755 = CARTESIAN_POINT('',(27.887556272592,13.969304032995,
    13.999897421099));
#1756 = CARTESIAN_POINT('',(27.943803778548,13.953488093103,
    13.999682796777));
#1757 = CARTESIAN_POINT('',(28.0000006,13.937359692567,13.999345960686)
  );
#1758 = ORIENTED_EDGE('',*,*,#318,.F.);
#1759 = CYLINDRICAL_SURFACE('',#1760,14.5);
#1760 = AXIS2_PLACEMENT_3D('',#1761,#1762,#1763);
#1761 = CARTESIAN_POINT('',(24.,0.,5.));
#1762 = DIRECTION('',(0.,0.,1.));
#1763 = DIRECTION('',(1.,0.,0.));
#1764 = ADVANCED_FACE('',(#1765,#1777),#1797,.F.);
#1765 = FACE_BOUND('',#1766,.F.);
#1766 = EDGE_LOOP('',(#1767,#1768,#1769,#1770));
#1767 = ORIENTED_EDGE('',*,*,#1724,.T.);
#1768 = ORIENTED_EDGE('',*,*,#163,.F.);
#1769 = ORIENTED_EDGE('',*,*,#1701,.F.);
#1770 = ORIENTED_EDGE('',*,*,#1771,.T.);
#1771 = EDGE_CURVE('',#1693,#1725,#1772,.T.);
#1772 = CIRCLE('',#1773,14.5);
#1773 = AXIS2_PLACEMENT_3D('',#1774,#1775,#1776);
#1774 = CARTESIAN_POINT('',(24.,0.,5.));
#1775 = DIRECTION('',(0.,0.,1.));
#1776 = DIRECTION('',(1.,0.,0.));
#1777 = FACE_BOUND('',#1778,.F.);
#1778 = EDGE_LOOP('',(#1779,#1780,#1781,#1791));
#1779 = ORIENTED_EDGE('',*,*,#1276,.F.);
#1780 = ORIENTED_EDGE('',*,*,#1004,.F.);
#1781 = ORIENTED_EDGE('',*,*,#1782,.F.);
#1782 = EDGE_CURVE('',#1783,#997,#1785,.T.);
#1783 = VERTEX_POINT('',#1784);
#1784 = CARTESIAN_POINT('',(28.,-13.93735986476,13.999345964283));
#1785 = B_SPLINE_CURVE_WITH_KNOTS('',4,(#1786,#1787,#1788,#1789,#1790),
  .UNSPECIFIED.,.F.,.F.,(5,5),(0.,1.),.PIECEWISE_BEZIER_KNOTS.);
#1786 = CARTESIAN_POINT('',(28.0000006,-13.93735969256,13.999345960686)
  );
#1787 = CARTESIAN_POINT('',(27.943803778553,-13.9534880931,
    13.999682796777));
#1788 = CARTESIAN_POINT('',(27.887556272587,-13.96930403299,
    13.999897421097));
#1789 = CARTESIAN_POINT('',(27.831260136299,-13.98480786758,14.));
#1790 = CARTESIAN_POINT('',(27.774917217635,-14.,14.));
#1791 = ORIENTED_EDGE('',*,*,#1792,.F.);
#1792 = EDGE_CURVE('',#988,#1783,#1793,.T.);
#1793 = LINE('',#1794,#1795);
#1794 = CARTESIAN_POINT('',(28.,-13.93735986476,5.));
#1795 = VECTOR('',#1796,1.);
#1796 = DIRECTION('',(0.,0.,1.));
#1797 = CYLINDRICAL_SURFACE('',#1798,14.5);
#1798 = AXIS2_PLACEMENT_3D('',#1799,#1800,#1801);
#1799 = CARTESIAN_POINT('',(24.,0.,5.));
#1800 = DIRECTION('',(0.,0.,1.));
#1801 = DIRECTION('',(1.,0.,0.));
#1802 = ADVANCED_FACE('',(#1803),#1814,.F.);
#1803 = FACE_BOUND('',#1804,.F.);
#1804 = EDGE_LOOP('',(#1805,#1806,#1812,#1813));
#1805 = ORIENTED_EDGE('',*,*,#172,.F.);
#1806 = ORIENTED_EDGE('',*,*,#1807,.F.);
#1807 = EDGE_CURVE('',#252,#173,#1808,.T.);
#1808 = LINE('',#1809,#1810);
#1809 = CARTESIAN_POINT('',(40.7,-16.,-1.));
#1810 = VECTOR('',#1811,1.);
#1811 = DIRECTION('',(0.,0.,1.));
#1812 = ORIENTED_EDGE('',*,*,#251,.T.);
#1813 = ORIENTED_EDGE('',*,*,#1807,.T.);
#1814 = CYLINDRICAL_SURFACE('',#1815,1.7);
#1815 = AXIS2_PLACEMENT_3D('',#1816,#1817,#1818);
#1816 = CARTESIAN_POINT('',(39.,-16.,-1.));
#1817 = DIRECTION('',(0.,0.,1.));
#1818 = DIRECTION('',(1.,0.,0.));
#1819 = ADVANCED_FACE('',(#1820),#1840,.F.);
#1820 = FACE_BOUND('',#1821,.F.);
#1821 = EDGE_LOOP('',(#1822,#1823,#1829,#1830,#1836,#1837,#1838,#1839));
#1822 = ORIENTED_EDGE('',*,*,#183,.F.);
#1823 = ORIENTED_EDGE('',*,*,#1824,.F.);
#1824 = EDGE_CURVE('',#738,#184,#1825,.T.);
#1825 = LINE('',#1826,#1827);
#1826 = CARTESIAN_POINT('',(-13.3,16.,-1.));
#1827 = VECTOR('',#1828,1.);
#1828 = DIRECTION('',(0.,0.,1.));
#1829 = ORIENTED_EDGE('',*,*,#735,.F.);
#1830 = ORIENTED_EDGE('',*,*,#1831,.F.);
#1831 = EDGE_CURVE('',#274,#736,#1832,.T.);
#1832 = LINE('',#1833,#1834);
#1833 = CARTESIAN_POINT('',(-13.3,16.,-1.));
#1834 = VECTOR('',#1835,1.);
#1835 = DIRECTION('',(0.,0.,1.));
#1836 = ORIENTED_EDGE('',*,*,#273,.T.);
#1837 = ORIENTED_EDGE('',*,*,#1831,.T.);
#1838 = ORIENTED_EDGE('',*,*,#786,.F.);
#1839 = ORIENTED_EDGE('',*,*,#1824,.T.);
#1840 = CYLINDRICAL_SURFACE('',#1841,1.7);
#1841 = AXIS2_PLACEMENT_3D('',#1842,#1843,#1844);
#1842 = CARTESIAN_POINT('',(-15.,16.,-1.));
#1843 = DIRECTION('',(0.,0.,1.));
#1844 = DIRECTION('',(1.,0.,0.));
#1845 = ADVANCED_FACE('',(#1846),#1857,.F.);
#1846 = FACE_BOUND('',#1847,.F.);
#1847 = EDGE_LOOP('',(#1848,#1849,#1855,#1856));
#1848 = ORIENTED_EDGE('',*,*,#194,.F.);
#1849 = ORIENTED_EDGE('',*,*,#1850,.F.);
#1850 = EDGE_CURVE('',#285,#195,#1851,.T.);
#1851 = LINE('',#1852,#1853);
#1852 = CARTESIAN_POINT('',(40.7,16.,-1.));
#1853 = VECTOR('',#1854,1.);
#1854 = DIRECTION('',(0.,0.,1.));
#1855 = ORIENTED_EDGE('',*,*,#284,.T.);
#1856 = ORIENTED_EDGE('',*,*,#1850,.T.);
#1857 = CYLINDRICAL_SURFACE('',#1858,1.7);
#1858 = AXIS2_PLACEMENT_3D('',#1859,#1860,#1861);
#1859 = CARTESIAN_POINT('',(39.,16.,-1.));
#1860 = DIRECTION('',(0.,0.,1.));
#1861 = DIRECTION('',(1.,0.,0.));
#1862 = ADVANCED_FACE('',(#1863),#1882,.F.);
#1863 = FACE_BOUND('',#1864,.F.);
#1864 = EDGE_LOOP('',(#1865,#1874,#1880,#1881));
#1865 = ORIENTED_EDGE('',*,*,#1866,.F.);
#1866 = EDGE_CURVE('',#1867,#1867,#1869,.T.);
#1867 = VERTEX_POINT('',#1868);
#1868 = CARTESIAN_POINT('',(3.1,-7.592810154714E-16,5.));
#1869 = CIRCLE('',#1870,3.1);
#1870 = AXIS2_PLACEMENT_3D('',#1871,#1872,#1873);
#1871 = CARTESIAN_POINT('',(0.,0.,5.));
#1872 = DIRECTION('',(0.,0.,1.));
#1873 = DIRECTION('',(1.,0.,0.));
#1874 = ORIENTED_EDGE('',*,*,#1875,.F.);
#1875 = EDGE_CURVE('',#241,#1867,#1876,.T.);
#1876 = LINE('',#1877,#1878);
#1877 = CARTESIAN_POINT('',(3.1,-7.592810154714E-16,-5.));
#1878 = VECTOR('',#1879,1.);
#1879 = DIRECTION('',(0.,0.,1.));
#1880 = ORIENTED_EDGE('',*,*,#240,.T.);
#1881 = ORIENTED_EDGE('',*,*,#1875,.T.);
#1882 = CYLINDRICAL_SURFACE('',#1883,3.1);
#1883 = AXIS2_PLACEMENT_3D('',#1884,#1885,#1886);
#1884 = CARTESIAN_POINT('',(0.,0.,-5.));
#1885 = DIRECTION('',(0.,0.,1.));
#1886 = DIRECTION('',(1.,0.,0.));
#1887 = ADVANCED_FACE('',(#1888),#1907,.F.);
#1888 = FACE_BOUND('',#1889,.F.);
#1889 = EDGE_LOOP('',(#1890,#1899,#1905,#1906));
#1890 = ORIENTED_EDGE('',*,*,#1891,.F.);
#1891 = EDGE_CURVE('',#1892,#1892,#1894,.T.);
#1892 = VERTEX_POINT('',#1893);
#1893 = CARTESIAN_POINT('',(27.1,-7.592810154714E-16,5.));
#1894 = CIRCLE('',#1895,3.1);
#1895 = AXIS2_PLACEMENT_3D('',#1896,#1897,#1898);
#1896 = CARTESIAN_POINT('',(24.,0.,5.));
#1897 = DIRECTION('',(0.,0.,1.));
#1898 = DIRECTION('',(1.,0.,0.));
#1899 = ORIENTED_EDGE('',*,*,#1900,.F.);
#1900 = EDGE_CURVE('',#263,#1892,#1901,.T.);
#1901 = LINE('',#1902,#1903);
#1902 = CARTESIAN_POINT('',(27.1,-7.592810154714E-16,-5.));
#1903 = VECTOR('',#1904,1.);
#1904 = DIRECTION('',(0.,0.,1.));
#1905 = ORIENTED_EDGE('',*,*,#262,.T.);
#1906 = ORIENTED_EDGE('',*,*,#1900,.T.);
#1907 = CYLINDRICAL_SURFACE('',#1908,3.1);
#1908 = AXIS2_PLACEMENT_3D('',#1909,#1910,#1911);
#1909 = CARTESIAN_POINT('',(24.,0.,-5.));
#1910 = DIRECTION('',(0.,0.,1.));
#1911 = DIRECTION('',(1.,0.,0.));
#1912 = ADVANCED_FACE('',(#1913),#1924,.F.);
#1913 = FACE_BOUND('',#1914,.F.);
#1914 = EDGE_LOOP('',(#1915,#1916,#1923));
#1915 = ORIENTED_EDGE('',*,*,#355,.T.);
#1916 = ORIENTED_EDGE('',*,*,#1917,.T.);
#1917 = EDGE_CURVE('',#348,#1744,#1918,.T.);
#1918 = CIRCLE('',#1919,3.);
#1919 = AXIS2_PLACEMENT_3D('',#1920,#1921,#1922);
#1920 = CARTESIAN_POINT('',(28.,14.,11.));
#1921 = DIRECTION('',(1.,0.,-0.));
#1922 = DIRECTION('',(0.,0.,1.));
#1923 = ORIENTED_EDGE('',*,*,#1743,.F.);
#1924 = PLANE('',#1925);
#1925 = AXIS2_PLACEMENT_3D('',#1926,#1927,#1928);
#1926 = CARTESIAN_POINT('',(28.,14.,11.));
#1927 = DIRECTION('',(1.,0.,0.));
#1928 = DIRECTION('',(0.,0.,1.));
#1929 = ADVANCED_FACE('',(#1930),#1935,.F.);
#1930 = FACE_BOUND('',#1931,.F.);
#1931 = EDGE_LOOP('',(#1932,#1933,#1934));
#1932 = ORIENTED_EDGE('',*,*,#1917,.F.);
#1933 = ORIENTED_EDGE('',*,*,#347,.F.);
#1934 = ORIENTED_EDGE('',*,*,#1751,.T.);
#1935 = CYLINDRICAL_SURFACE('',#1936,3.);
#1936 = AXIS2_PLACEMENT_3D('',#1937,#1938,#1939);
#1937 = CARTESIAN_POINT('',(-22.,14.,11.));
#1938 = DIRECTION('',(1.,0.,0.));
#1939 = DIRECTION('',(0.,0.,1.));
#1940 = ADVANCED_FACE('',(#1941),#1952,.F.);
#1941 = FACE_BOUND('',#1942,.F.);
#1942 = EDGE_LOOP('',(#1943,#1950,#1951));
#1943 = ORIENTED_EDGE('',*,*,#1944,.T.);
#1944 = EDGE_CURVE('',#1783,#986,#1945,.T.);
#1945 = CIRCLE('',#1946,3.);
#1946 = AXIS2_PLACEMENT_3D('',#1947,#1948,#1949);
#1947 = CARTESIAN_POINT('',(28.,-14.,11.));
#1948 = DIRECTION('',(1.,0.,-0.));
#1949 = DIRECTION('',(0.,0.,1.));
#1950 = ORIENTED_EDGE('',*,*,#985,.T.);
#1951 = ORIENTED_EDGE('',*,*,#1792,.T.);
#1952 = PLANE('',#1953);
#1953 = AXIS2_PLACEMENT_3D('',#1954,#1955,#1956);
#1954 = CARTESIAN_POINT('',(28.,-14.,11.));
#1955 = DIRECTION('',(1.,0.,0.));
#1956 = DIRECTION('',(0.,0.,1.));
#1957 = ADVANCED_FACE('',(#1958),#1963,.F.);
#1958 = FACE_BOUND('',#1959,.F.);
#1959 = EDGE_LOOP('',(#1960,#1961,#1962));
#1960 = ORIENTED_EDGE('',*,*,#996,.T.);
#1961 = ORIENTED_EDGE('',*,*,#1944,.F.);
#1962 = ORIENTED_EDGE('',*,*,#1782,.T.);
#1963 = CYLINDRICAL_SURFACE('',#1964,3.);
#1964 = AXIS2_PLACEMENT_3D('',#1965,#1966,#1967);
#1965 = CARTESIAN_POINT('',(-22.,-14.,11.));
#1966 = DIRECTION('',(1.,0.,0.));
#1967 = DIRECTION('',(0.,0.,1.));
#1968 = ADVANCED_FACE('',(#1969,#1979),#1982,.T.);
#1969 = FACE_BOUND('',#1970,.T.);
#1970 = EDGE_LOOP('',(#1971,#1978));
#1971 = ORIENTED_EDGE('',*,*,#1972,.F.);
#1972 = EDGE_CURVE('',#1685,#1693,#1973,.T.);
#1973 = CIRCLE('',#1974,14.5);
#1974 = AXIS2_PLACEMENT_3D('',#1975,#1976,#1977);
#1975 = CARTESIAN_POINT('',(24.,0.,5.));
#1976 = DIRECTION('',(0.,0.,1.));
#1977 = DIRECTION('',(1.,0.,0.));
#1978 = ORIENTED_EDGE('',*,*,#1692,.T.);
#1979 = FACE_BOUND('',#1980,.T.);
#1980 = EDGE_LOOP('',(#1981));
#1981 = ORIENTED_EDGE('',*,*,#1866,.F.);
#1982 = PLANE('',#1983);
#1983 = AXIS2_PLACEMENT_3D('',#1984,#1985,#1986);
#1984 = CARTESIAN_POINT('',(0.,0.,5.));
#1985 = DIRECTION('',(0.,0.,1.));
#1986 = DIRECTION('',(1.,0.,0.));
#1987 = ADVANCED_FACE('',(#1988,#2008),#2011,.T.);
#1988 = FACE_BOUND('',#1989,.T.);
#1989 = EDGE_LOOP('',(#1990,#1991,#1992,#2001));
#1990 = ORIENTED_EDGE('',*,*,#1771,.T.);
#1991 = ORIENTED_EDGE('',*,*,#1732,.T.);
#1992 = ORIENTED_EDGE('',*,*,#1993,.F.);
#1993 = EDGE_CURVE('',#1994,#1685,#1996,.T.);
#1994 = VERTEX_POINT('',#1995);
#1995 = CARTESIAN_POINT('',(14.5,-3.551475717527E-15,5.));
#1996 = CIRCLE('',#1997,14.5);
#1997 = AXIS2_PLACEMENT_3D('',#1998,#1999,#2000);
#1998 = CARTESIAN_POINT('',(0.,0.,5.));
#1999 = DIRECTION('',(0.,0.,1.));
#2000 = DIRECTION('',(1.,0.,0.));
#2001 = ORIENTED_EDGE('',*,*,#2002,.F.);
#2002 = EDGE_CURVE('',#1693,#1994,#2003,.T.);
#2003 = CIRCLE('',#2004,14.5);
#2004 = AXIS2_PLACEMENT_3D('',#2005,#2006,#2007);
#2005 = CARTESIAN_POINT('',(0.,0.,5.));
#2006 = DIRECTION('',(0.,0.,1.));
#2007 = DIRECTION('',(1.,0.,0.));
#2008 = FACE_BOUND('',#2009,.T.);
#2009 = EDGE_LOOP('',(#2010));
#2010 = ORIENTED_EDGE('',*,*,#1891,.F.);
#2011 = PLANE('',#2012);
#2012 = AXIS2_PLACEMENT_3D('',#2013,#2014,#2015);
#2013 = CARTESIAN_POINT('',(24.,0.,5.));
#2014 = DIRECTION('',(0.,0.,1.));
#2015 = DIRECTION('',(1.,0.,0.));
#2016 = ADVANCED_FACE('',(#2017),#2022,.T.);
#2017 = FACE_BOUND('',#2018,.T.);
#2018 = EDGE_LOOP('',(#2019,#2020,#2021));
#2019 = ORIENTED_EDGE('',*,*,#2002,.T.);
#2020 = ORIENTED_EDGE('',*,*,#1993,.T.);
#2021 = ORIENTED_EDGE('',*,*,#1972,.T.);
#2022 = PLANE('',#2023);
#2023 = AXIS2_PLACEMENT_3D('',#2024,#2025,#2026);
#2024 = CARTESIAN_POINT('',(0.,0.,5.));
#2025 = DIRECTION('',(0.,0.,1.));
#2026 = DIRECTION('',(1.,0.,0.));
#2027 = MANIFOLD_SOLID_BREP('',#2028);
#2028 = CLOSED_SHELL('',(#2029,#2069,#2100,#2131,#2895,#3659,#3676,#3693
    ,#3710,#3727,#3744,#3761,#3778,#3795,#3812,#3829,#3846,#3863,#3880,
    #3897,#3914,#3931,#3948,#3965,#3982,#3999,#4016,#4033,#4050,#4067,
    #4084,#4101,#4118,#4135,#4152,#4169,#4186,#4203,#4220,#4237,#4254,
    #4271,#4288,#4305,#4322,#4339,#4356,#4373,#4390,#4407,#4424,#4441,
    #4458,#4475,#4492,#4509,#4526,#4543,#4560,#4577,#4594,#4611,#4628,
    #4645,#4662,#4679,#4696,#4713,#4730,#4747,#4764,#4781,#4798,#4815,
    #4832,#4849,#4866,#4883,#4900,#4917,#4934,#4951,#4968,#4985,#5002,
    #5019,#5036,#5053,#5070,#5087,#5104,#5121,#5138,#5155,#5172,#5189,
    #5206,#5223,#5235));
#2029 = ADVANCED_FACE('',(#2030),#2064,.F.);
#2030 = FACE_BOUND('',#2031,.F.);
#2031 = EDGE_LOOP('',(#2032,#2042,#2050,#2058));
#2032 = ORIENTED_EDGE('',*,*,#2033,.T.);
#2033 = EDGE_CURVE('',#2034,#2036,#2038,.T.);
#2034 = VERTEX_POINT('',#2035);
#2035 = CARTESIAN_POINT('',(10.3,0.,7.));
#2036 = VERTEX_POINT('',#2037);
#2037 = CARTESIAN_POINT('',(10.3,0.,15.));
#2038 = LINE('',#2039,#2040);
#2039 = CARTESIAN_POINT('',(10.3,0.,7.));
#2040 = VECTOR('',#2041,1.);
#2041 = DIRECTION('',(0.,0.,1.));
#2042 = ORIENTED_EDGE('',*,*,#2043,.T.);
#2043 = EDGE_CURVE('',#2036,#2044,#2046,.T.);
#2044 = VERTEX_POINT('',#2045);
#2045 = CARTESIAN_POINT('',(10.277946909358,0.67365223107,15.));
#2046 = LINE('',#2047,#2048);
#2047 = CARTESIAN_POINT('',(10.3,0.,15.));
#2048 = VECTOR('',#2049,1.);
#2049 = DIRECTION('',(-3.271908282178E-02,0.999464587476,0.));
#2050 = ORIENTED_EDGE('',*,*,#2051,.F.);
#2051 = EDGE_CURVE('',#2052,#2044,#2054,.T.);
#2052 = VERTEX_POINT('',#2053);
#2053 = CARTESIAN_POINT('',(10.277946909358,0.67365223107,7.));
#2054 = LINE('',#2055,#2056);
#2055 = CARTESIAN_POINT('',(10.277946909358,0.67365223107,7.));
#2056 = VECTOR('',#2057,1.);
#2057 = DIRECTION('',(0.,0.,1.));
#2058 = ORIENTED_EDGE('',*,*,#2059,.F.);
#2059 = EDGE_CURVE('',#2034,#2052,#2060,.T.);
#2060 = LINE('',#2061,#2062);
#2061 = CARTESIAN_POINT('',(10.3,0.,7.));
#2062 = VECTOR('',#2063,1.);
#2063 = DIRECTION('',(-3.271908282178E-02,0.999464587476,0.));
#2064 = PLANE('',#2065);
#2065 = AXIS2_PLACEMENT_3D('',#2066,#2067,#2068);
#2066 = CARTESIAN_POINT('',(10.3,0.,7.));
#2067 = DIRECTION('',(-0.999464587476,-3.271908282178E-02,0.));
#2068 = DIRECTION('',(-3.271908282178E-02,0.999464587476,0.));
#2069 = ADVANCED_FACE('',(#2070),#2095,.F.);
#2070 = FACE_BOUND('',#2071,.F.);
#2071 = EDGE_LOOP('',(#2072,#2082,#2088,#2089));
#2072 = ORIENTED_EDGE('',*,*,#2073,.T.);
#2073 = EDGE_CURVE('',#2074,#2076,#2078,.T.);
#2074 = VERTEX_POINT('',#2075);
#2075 = CARTESIAN_POINT('',(10.277946909358,-0.67365223107,7.));
#2076 = VERTEX_POINT('',#2077);
#2077 = CARTESIAN_POINT('',(10.277946909358,-0.67365223107,15.));
#2078 = LINE('',#2079,#2080);
#2079 = CARTESIAN_POINT('',(10.277946909358,-0.67365223107,7.));
#2080 = VECTOR('',#2081,1.);
#2081 = DIRECTION('',(0.,0.,1.));
#2082 = ORIENTED_EDGE('',*,*,#2083,.T.);
#2083 = EDGE_CURVE('',#2076,#2036,#2084,.T.);
#2084 = LINE('',#2085,#2086);
#2085 = CARTESIAN_POINT('',(10.277946909358,-0.67365223107,15.));
#2086 = VECTOR('',#2087,1.);
#2087 = DIRECTION('',(3.271908282178E-02,0.999464587476,0.));
#2088 = ORIENTED_EDGE('',*,*,#2033,.F.);
#2089 = ORIENTED_EDGE('',*,*,#2090,.F.);
#2090 = EDGE_CURVE('',#2074,#2034,#2091,.T.);
#2091 = LINE('',#2092,#2093);
#2092 = CARTESIAN_POINT('',(10.277946909358,-0.67365223107,7.));
#2093 = VECTOR('',#2094,1.);
#2094 = DIRECTION('',(3.271908282178E-02,0.999464587476,0.));
#2095 = PLANE('',#2096);
#2096 = AXIS2_PLACEMENT_3D('',#2097,#2098,#2099);
#2097 = CARTESIAN_POINT('',(10.277946909358,-0.67365223107,7.));
#2098 = DIRECTION('',(-0.999464587476,3.271908282178E-02,0.));
#2099 = DIRECTION('',(3.271908282178E-02,0.999464587476,0.));
#2100 = ADVANCED_FACE('',(#2101),#2126,.F.);
#2101 = FACE_BOUND('',#2102,.F.);
#2102 = EDGE_LOOP('',(#2103,#2104,#2112,#2120));
#2103 = ORIENTED_EDGE('',*,*,#2051,.T.);
#2104 = ORIENTED_EDGE('',*,*,#2105,.T.);
#2105 = EDGE_CURVE('',#2044,#2106,#2108,.T.);
#2106 = VERTEX_POINT('',#2107);
#2107 = CARTESIAN_POINT('',(13.681939086959,1.801261452637,15.));
#2108 = LINE('',#2109,#2110);
#2109 = CARTESIAN_POINT('',(10.277946909358,0.67365223107,15.));
#2110 = VECTOR('',#2111,1.);
#2111 = DIRECTION('',(0.949271860782,0.314456569858,0.));
#2112 = ORIENTED_EDGE('',*,*,#2113,.F.);
#2113 = EDGE_CURVE('',#2114,#2106,#2116,.T.);
#2114 = VERTEX_POINT('',#2115);
#2115 = CARTESIAN_POINT('',(13.681939086959,1.801261452637,7.));
#2116 = LINE('',#2117,#2118);
#2117 = CARTESIAN_POINT('',(13.681939086959,1.801261452637,7.));
#2118 = VECTOR('',#2119,1.);
#2119 = DIRECTION('',(0.,0.,1.));
#2120 = ORIENTED_EDGE('',*,*,#2121,.F.);
#2121 = EDGE_CURVE('',#2052,#2114,#2122,.T.);
#2122 = LINE('',#2123,#2124);
#2123 = CARTESIAN_POINT('',(10.277946909358,0.67365223107,7.));
#2124 = VECTOR('',#2125,1.);
#2125 = DIRECTION('',(0.949271860782,0.314456569858,0.));
#2126 = PLANE('',#2127);
#2127 = AXIS2_PLACEMENT_3D('',#2128,#2129,#2130);
#2128 = CARTESIAN_POINT('',(10.277946909358,0.67365223107,7.));
#2129 = DIRECTION('',(-0.314456569858,0.949271860782,0.));
#2130 = DIRECTION('',(0.949271860782,0.314456569858,0.));
#2131 = ADVANCED_FACE('',(#2132,#2879),#2890,.F.);
#2132 = FACE_BOUND('',#2133,.F.);
#2133 = EDGE_LOOP('',(#2134,#2135,#2136,#2144,#2152,#2160,#2168,#2176,
    #2184,#2192,#2200,#2208,#2216,#2224,#2232,#2240,#2248,#2256,#2264,
    #2272,#2280,#2288,#2296,#2304,#2312,#2320,#2328,#2336,#2344,#2352,
    #2360,#2368,#2376,#2384,#2392,#2400,#2408,#2416,#2424,#2432,#2440,
    #2448,#2456,#2464,#2472,#2480,#2488,#2496,#2504,#2512,#2520,#2528,
    #2536,#2544,#2552,#2560,#2568,#2576,#2584,#2592,#2600,#2608,#2616,
    #2624,#2632,#2640,#2648,#2656,#2664,#2672,#2680,#2688,#2696,#2704,
    #2712,#2720,#2728,#2736,#2744,#2752,#2760,#2768,#2776,#2784,#2792,
    #2800,#2808,#2816,#2824,#2832,#2840,#2848,#2856,#2864,#2872,#2878));
#2134 = ORIENTED_EDGE('',*,*,#2059,.T.);
#2135 = ORIENTED_EDGE('',*,*,#2121,.T.);
#2136 = ORIENTED_EDGE('',*,*,#2137,.T.);
#2137 = EDGE_CURVE('',#2114,#2138,#2140,.T.);
#2138 = VERTEX_POINT('',#2139);
#2139 = CARTESIAN_POINT('',(13.534836869565,2.692246443823,7.));
#2140 = LINE('',#2141,#2142);
#2141 = CARTESIAN_POINT('',(13.681939086959,1.801261452637,7.));
#2142 = VECTOR('',#2143,1.);
#2143 = DIRECTION('',(-0.162895473395,0.986643332085,0.));
#2144 = ORIENTED_EDGE('',*,*,#2145,.T.);
#2145 = EDGE_CURVE('',#2138,#2146,#2148,.T.);
#2146 = VERTEX_POINT('',#2147);
#2147 = CARTESIAN_POINT('',(13.329776402789,3.571702822415,7.));
#2148 = LINE('',#2149,#2150);
#2149 = CARTESIAN_POINT('',(13.534836869565,2.692246443823,7.));
#2150 = VECTOR('',#2151,1.);
#2151 = DIRECTION('',(-0.227076263034,0.973876979277,0.));
#2152 = ORIENTED_EDGE('',*,*,#2153,.T.);
#2153 = EDGE_CURVE('',#2146,#2154,#2156,.T.);
#2154 = VERTEX_POINT('',#2155);
#2155 = CARTESIAN_POINT('',(13.067635787032,4.435864621184,7.));
#2156 = LINE('',#2157,#2158);
#2157 = CARTESIAN_POINT('',(13.329776402789,3.571702822415,7.));
#2158 = VECTOR('',#2159,1.);
#2159 = DIRECTION('',(-0.290284677254,0.956940335732,0.));
#2160 = ORIENTED_EDGE('',*,*,#2161,.T.);
#2161 = EDGE_CURVE('',#2154,#2162,#2164,.T.);
#2162 = VERTEX_POINT('',#2163);
#2163 = CARTESIAN_POINT('',(9.515959184866,3.94163935336,7.));
#2164 = LINE('',#2165,#2166);
#2165 = CARTESIAN_POINT('',(13.067635787032,4.435864621184,7.));
#2166 = VECTOR('',#2167,1.);
#2167 = DIRECTION('',(-0.990456640653,-0.137824682066,0.));
#2168 = ORIENTED_EDGE('',*,*,#2169,.T.);
#2169 = EDGE_CURVE('',#2162,#2170,#2172,.T.);
#2170 = VERTEX_POINT('',#2171);
#2171 = CARTESIAN_POINT('',(9.237789237787,4.555573509256,7.));
#2172 = LINE('',#2173,#2174);
#2173 = CARTESIAN_POINT('',(9.515959184866,3.94163935336,7.));
#2174 = VECTOR('',#2175,1.);
#2175 = DIRECTION('',(-0.412707029804,0.910863824921,0.));
#2176 = ORIENTED_EDGE('',*,*,#2177,.T.);
#2177 = EDGE_CURVE('',#2170,#2178,#2180,.T.);
#2178 = VERTEX_POINT('',#2179);
#2179 = CARTESIAN_POINT('',(8.92006165898,5.15,7.));
#2180 = LINE('',#2181,#2182);
#2181 = CARTESIAN_POINT('',(9.237789237787,4.555573509256,7.));
#2182 = VECTOR('',#2183,1.);
#2183 = DIRECTION('',(-0.471396736826,0.881921264348,0.));
#2184 = ORIENTED_EDGE('',*,*,#2185,.T.);
#2185 = EDGE_CURVE('',#2178,#2186,#2188,.T.);
#2186 = VERTEX_POINT('',#2187);
#2187 = CARTESIAN_POINT('',(8.564137006716,5.722373400102,7.));
#2188 = LINE('',#2189,#2190);
#2189 = CARTESIAN_POINT('',(8.92006165898,5.15,7.));
#2190 = VECTOR('',#2191,1.);
#2191 = DIRECTION('',(-0.52806785065,0.849202181527,0.));
#2192 = ORIENTED_EDGE('',*,*,#2193,.T.);
#2193 = EDGE_CURVE('',#2186,#2194,#2196,.T.);
#2194 = VERTEX_POINT('',#2195);
#2195 = CARTESIAN_POINT('',(10.948276096019,8.40090772032,7.));
#2196 = LINE('',#2197,#2198);
#2197 = CARTESIAN_POINT('',(8.564137006716,5.722373400102,7.));
#2198 = VECTOR('',#2199,1.);
#2199 = DIRECTION('',(0.664865261606,0.746963308275,0.));
#2200 = ORIENTED_EDGE('',*,*,#2201,.T.);
#2201 = EDGE_CURVE('',#2194,#2202,#2204,.T.);
#2202 = VERTEX_POINT('',#2203);
#2203 = CARTESIAN_POINT('',(10.37538934321,9.098972248381,7.));
#2204 = LINE('',#2205,#2206);
#2205 = CARTESIAN_POINT('',(10.948276096019,8.40090772032,7.));
#2206 = VECTOR('',#2207,1.);
#2207 = DIRECTION('',(-0.634393284164,0.773010453363,0.));
#2208 = ORIENTED_EDGE('',*,*,#2209,.T.);
#2209 = EDGE_CURVE('',#2202,#2210,#2212,.T.);
#2210 = VERTEX_POINT('',#2211);
#2211 = CARTESIAN_POINT('',(9.758073580374,9.758073580374,7.));
#2212 = LINE('',#2213,#2214);
#2213 = CARTESIAN_POINT('',(10.37538934321,9.098972248381,7.));
#2214 = VECTOR('',#2215,1.);
#2215 = DIRECTION('',(-0.683592302023,0.729864072698,0.));
#2216 = ORIENTED_EDGE('',*,*,#2217,.T.);
#2217 = EDGE_CURVE('',#2210,#2218,#2220,.T.);
#2218 = VERTEX_POINT('',#2219);
#2219 = CARTESIAN_POINT('',(9.098972248381,10.37538934321,7.));
#2220 = LINE('',#2221,#2222);
#2221 = CARTESIAN_POINT('',(9.758073580374,9.758073580374,7.));
#2222 = VECTOR('',#2223,1.);
#2223 = DIRECTION('',(-0.729864072698,0.683592302023,0.));
#2224 = ORIENTED_EDGE('',*,*,#2225,.T.);
#2225 = EDGE_CURVE('',#2218,#2226,#2228,.T.);
#2226 = VERTEX_POINT('',#2227);
#2227 = CARTESIAN_POINT('',(6.27024271879,8.171539405,7.));
#2228 = LINE('',#2229,#2230);
#2229 = CARTESIAN_POINT('',(9.098972248381,10.37538934321,7.));
#2230 = VECTOR('',#2231,1.);
#2231 = DIRECTION('',(-0.78884827112,-0.614587996264,0.));
#2232 = ORIENTED_EDGE('',*,*,#2233,.T.);
#2233 = EDGE_CURVE('',#2226,#2234,#2236,.T.);
#2234 = VERTEX_POINT('',#2235);
#2235 = CARTESIAN_POINT('',(5.722373400102,8.564137006716,7.));
#2236 = LINE('',#2237,#2238);
#2237 = CARTESIAN_POINT('',(6.27024271879,8.171539405,7.));
#2238 = VECTOR('',#2239,1.);
#2239 = DIRECTION('',(-0.812846684592,0.582477696868,0.));
#2240 = ORIENTED_EDGE('',*,*,#2241,.T.);
#2241 = EDGE_CURVE('',#2234,#2242,#2244,.T.);
#2242 = VERTEX_POINT('',#2243);
#2243 = CARTESIAN_POINT('',(5.15,8.92006165898,7.));
#2244 = LINE('',#2245,#2246);
#2245 = CARTESIAN_POINT('',(5.722373400102,8.564137006716,7.));
#2246 = VECTOR('',#2247,1.);
#2247 = DIRECTION('',(-0.849202181527,0.52806785065,0.));
#2248 = ORIENTED_EDGE('',*,*,#2249,.T.);
#2249 = EDGE_CURVE('',#2242,#2250,#2252,.T.);
#2250 = VERTEX_POINT('',#2251);
#2251 = CARTESIAN_POINT('',(4.555573509256,9.237789237787,7.));
#2252 = LINE('',#2253,#2254);
#2253 = CARTESIAN_POINT('',(5.15,8.92006165898,7.));
#2254 = VECTOR('',#2255,1.);
#2255 = DIRECTION('',(-0.881921264348,0.471396736826,0.));
#2256 = ORIENTED_EDGE('',*,*,#2257,.T.);
#2257 = EDGE_CURVE('',#2250,#2258,#2260,.T.);
#2258 = VERTEX_POINT('',#2259);
#2259 = CARTESIAN_POINT('',(5.281031366638,12.749537548656,7.));
#2260 = LINE('',#2261,#2262);
#2261 = CARTESIAN_POINT('',(4.555573509256,9.237789237787,7.));
#2262 = VECTOR('',#2263,1.);
#2263 = DIRECTION('',(0.202308552507,0.979321831464,0.));
#2264 = ORIENTED_EDGE('',*,*,#2265,.T.);
#2265 = EDGE_CURVE('',#2258,#2266,#2268,.T.);
#2266 = VERTEX_POINT('',#2267);
#2267 = CARTESIAN_POINT('',(4.435864621184,13.067635787032,7.));
#2268 = LINE('',#2269,#2270);
#2269 = CARTESIAN_POINT('',(5.281031366638,12.749537548656,7.));
#2270 = VECTOR('',#2271,1.);
#2271 = DIRECTION('',(-0.935905926757,0.352250047921,0.));
#2272 = ORIENTED_EDGE('',*,*,#2273,.T.);
#2273 = EDGE_CURVE('',#2266,#2274,#2276,.T.);
#2274 = VERTEX_POINT('',#2275);
#2275 = CARTESIAN_POINT('',(3.571702822415,13.329776402789,7.));
#2276 = LINE('',#2277,#2278);
#2277 = CARTESIAN_POINT('',(4.435864621184,13.067635787032,7.));
#2278 = VECTOR('',#2279,1.);
#2279 = DIRECTION('',(-0.956940335732,0.290284677254,0.));
#2280 = ORIENTED_EDGE('',*,*,#2281,.T.);
#2281 = EDGE_CURVE('',#2274,#2282,#2284,.T.);
#2282 = VERTEX_POINT('',#2283);
#2283 = CARTESIAN_POINT('',(2.692246443823,13.534836869565,7.));
#2284 = LINE('',#2285,#2286);
#2285 = CARTESIAN_POINT('',(3.571702822415,13.329776402789,7.));
#2286 = VECTOR('',#2287,1.);
#2287 = DIRECTION('',(-0.973876979277,0.227076263034,0.));
#2288 = ORIENTED_EDGE('',*,*,#2289,.T.);
#2289 = EDGE_CURVE('',#2282,#2290,#2292,.T.);
#2290 = VERTEX_POINT('',#2291);
#2291 = CARTESIAN_POINT('',(1.344419779867,10.21188207215,7.));
#2292 = LINE('',#2293,#2294);
#2293 = CARTESIAN_POINT('',(2.692246443823,13.534836869565,7.));
#2294 = VECTOR('',#2295,1.);
#2295 = DIRECTION('',(-0.375868644389,-0.926672953185,0.));
#2296 = ORIENTED_EDGE('',*,*,#2297,.T.);
#2297 = EDGE_CURVE('',#2290,#2298,#2300,.T.);
#2298 = VERTEX_POINT('',#2299);
#2299 = CARTESIAN_POINT('',(0.67365223107,10.277946909358,7.));
#2300 = LINE('',#2301,#2302);
#2301 = CARTESIAN_POINT('',(1.344419779867,10.21188207215,7.));
#2302 = VECTOR('',#2303,1.);
#2303 = DIRECTION('',(-0.995184726672,9.801714032956E-02,0.));
#2304 = ORIENTED_EDGE('',*,*,#2305,.T.);
#2305 = EDGE_CURVE('',#2298,#2306,#2308,.T.);
#2306 = VERTEX_POINT('',#2307);
#2307 = CARTESIAN_POINT('',(6.306931015609E-16,10.3,7.));
#2308 = LINE('',#2309,#2310);
#2309 = CARTESIAN_POINT('',(0.67365223107,10.277946909358,7.));
#2310 = VECTOR('',#2311,1.);
#2311 = DIRECTION('',(-0.999464587476,3.271908282178E-02,0.));
#2312 = ORIENTED_EDGE('',*,*,#2313,.T.);
#2313 = EDGE_CURVE('',#2306,#2314,#2316,.T.);
#2314 = VERTEX_POINT('',#2315);
#2315 = CARTESIAN_POINT('',(-0.67365223107,10.277946909358,7.));
#2316 = LINE('',#2317,#2318);
#2317 = CARTESIAN_POINT('',(6.306931015609E-16,10.3,7.));
#2318 = VECTOR('',#2319,1.);
#2319 = DIRECTION('',(-0.999464587476,-3.271908282178E-02,0.));
#2320 = ORIENTED_EDGE('',*,*,#2321,.T.);
#2321 = EDGE_CURVE('',#2314,#2322,#2324,.T.);
#2322 = VERTEX_POINT('',#2323);
#2323 = CARTESIAN_POINT('',(-1.801261452637,13.681939086959,7.));
#2324 = LINE('',#2325,#2326);
#2325 = CARTESIAN_POINT('',(-0.67365223107,10.277946909358,7.));
#2326 = VECTOR('',#2327,1.);
#2327 = DIRECTION('',(-0.314456569858,0.949271860782,0.));
#2328 = ORIENTED_EDGE('',*,*,#2329,.T.);
#2329 = EDGE_CURVE('',#2322,#2330,#2332,.T.);
#2330 = VERTEX_POINT('',#2331);
#2331 = CARTESIAN_POINT('',(-2.692246443823,13.534836869565,7.));
#2332 = LINE('',#2333,#2334);
#2333 = CARTESIAN_POINT('',(-1.801261452637,13.681939086959,7.));
#2334 = VECTOR('',#2335,1.);
#2335 = DIRECTION('',(-0.986643332085,-0.162895473395,0.));
#2336 = ORIENTED_EDGE('',*,*,#2337,.T.);
#2337 = EDGE_CURVE('',#2330,#2338,#2340,.T.);
#2338 = VERTEX_POINT('',#2339);
#2339 = CARTESIAN_POINT('',(-3.571702822415,13.329776402789,7.));
#2340 = LINE('',#2341,#2342);
#2341 = CARTESIAN_POINT('',(-2.692246443823,13.534836869565,7.));
#2342 = VECTOR('',#2343,1.);
#2343 = DIRECTION('',(-0.973876979277,-0.227076263034,0.));
#2344 = ORIENTED_EDGE('',*,*,#2345,.T.);
#2345 = EDGE_CURVE('',#2338,#2346,#2348,.T.);
#2346 = VERTEX_POINT('',#2347);
#2347 = CARTESIAN_POINT('',(-4.435864621184,13.067635787032,7.));
#2348 = LINE('',#2349,#2350);
#2349 = CARTESIAN_POINT('',(-3.571702822415,13.329776402789,7.));
#2350 = VECTOR('',#2351,1.);
#2351 = DIRECTION('',(-0.956940335732,-0.290284677254,0.));
#2352 = ORIENTED_EDGE('',*,*,#2353,.T.);
#2353 = EDGE_CURVE('',#2346,#2354,#2356,.T.);
#2354 = VERTEX_POINT('',#2355);
#2355 = CARTESIAN_POINT('',(-3.94163935336,9.515959184866,7.));
#2356 = LINE('',#2357,#2358);
#2357 = CARTESIAN_POINT('',(-4.435864621184,13.067635787032,7.));
#2358 = VECTOR('',#2359,1.);
#2359 = DIRECTION('',(0.137824682066,-0.990456640653,0.));
#2360 = ORIENTED_EDGE('',*,*,#2361,.T.);
#2361 = EDGE_CURVE('',#2354,#2362,#2364,.T.);
#2362 = VERTEX_POINT('',#2363);
#2363 = CARTESIAN_POINT('',(-4.555573509256,9.237789237787,7.));
#2364 = LINE('',#2365,#2366);
#2365 = CARTESIAN_POINT('',(-3.94163935336,9.515959184866,7.));
#2366 = VECTOR('',#2367,1.);
#2367 = DIRECTION('',(-0.910863824921,-0.412707029804,0.));
#2368 = ORIENTED_EDGE('',*,*,#2369,.T.);
#2369 = EDGE_CURVE('',#2362,#2370,#2372,.T.);
#2370 = VERTEX_POINT('',#2371);
#2371 = CARTESIAN_POINT('',(-5.15,8.92006165898,7.));
#2372 = LINE('',#2373,#2374);
#2373 = CARTESIAN_POINT('',(-4.555573509256,9.237789237787,7.));
#2374 = VECTOR('',#2375,1.);
#2375 = DIRECTION('',(-0.881921264348,-0.471396736826,0.));
#2376 = ORIENTED_EDGE('',*,*,#2377,.T.);
#2377 = EDGE_CURVE('',#2370,#2378,#2380,.T.);
#2378 = VERTEX_POINT('',#2379);
#2379 = CARTESIAN_POINT('',(-5.722373400102,8.564137006716,7.));
#2380 = LINE('',#2381,#2382);
#2381 = CARTESIAN_POINT('',(-5.15,8.92006165898,7.));
#2382 = VECTOR('',#2383,1.);
#2383 = DIRECTION('',(-0.849202181527,-0.52806785065,0.));
#2384 = ORIENTED_EDGE('',*,*,#2385,.T.);
#2385 = EDGE_CURVE('',#2378,#2386,#2388,.T.);
#2386 = VERTEX_POINT('',#2387);
#2387 = CARTESIAN_POINT('',(-8.40090772032,10.948276096019,7.));
#2388 = LINE('',#2389,#2390);
#2389 = CARTESIAN_POINT('',(-5.722373400102,8.564137006716,7.));
#2390 = VECTOR('',#2391,1.);
#2391 = DIRECTION('',(-0.746963308275,0.664865261606,0.));
#2392 = ORIENTED_EDGE('',*,*,#2393,.T.);
#2393 = EDGE_CURVE('',#2386,#2394,#2396,.T.);
#2394 = VERTEX_POINT('',#2395);
#2395 = CARTESIAN_POINT('',(-9.098972248381,10.37538934321,7.));
#2396 = LINE('',#2397,#2398);
#2397 = CARTESIAN_POINT('',(-8.40090772032,10.948276096019,7.));
#2398 = VECTOR('',#2399,1.);
#2399 = DIRECTION('',(-0.773010453363,-0.634393284164,0.));
#2400 = ORIENTED_EDGE('',*,*,#2401,.T.);
#2401 = EDGE_CURVE('',#2394,#2402,#2404,.T.);
#2402 = VERTEX_POINT('',#2403);
#2403 = CARTESIAN_POINT('',(-9.758073580374,9.758073580374,7.));
#2404 = LINE('',#2405,#2406);
#2405 = CARTESIAN_POINT('',(-9.098972248381,10.37538934321,7.));
#2406 = VECTOR('',#2407,1.);
#2407 = DIRECTION('',(-0.729864072698,-0.683592302023,0.));
#2408 = ORIENTED_EDGE('',*,*,#2409,.T.);
#2409 = EDGE_CURVE('',#2402,#2410,#2412,.T.);
#2410 = VERTEX_POINT('',#2411);
#2411 = CARTESIAN_POINT('',(-10.37538934321,9.098972248381,7.));
#2412 = LINE('',#2413,#2414);
#2413 = CARTESIAN_POINT('',(-9.758073580374,9.758073580374,7.));
#2414 = VECTOR('',#2415,1.);
#2415 = DIRECTION('',(-0.683592302023,-0.729864072698,0.));
#2416 = ORIENTED_EDGE('',*,*,#2417,.T.);
#2417 = EDGE_CURVE('',#2410,#2418,#2420,.T.);
#2418 = VERTEX_POINT('',#2419);
#2419 = CARTESIAN_POINT('',(-8.171539405,6.27024271879,7.));
#2420 = LINE('',#2421,#2422);
#2421 = CARTESIAN_POINT('',(-10.37538934321,9.098972248381,7.));
#2422 = VECTOR('',#2423,1.);
#2423 = DIRECTION('',(0.614587996264,-0.78884827112,0.));
#2424 = ORIENTED_EDGE('',*,*,#2425,.T.);
#2425 = EDGE_CURVE('',#2418,#2426,#2428,.T.);
#2426 = VERTEX_POINT('',#2427);
#2427 = CARTESIAN_POINT('',(-8.564137006716,5.722373400102,7.));
#2428 = LINE('',#2429,#2430);
#2429 = CARTESIAN_POINT('',(-8.171539405,6.27024271879,7.));
#2430 = VECTOR('',#2431,1.);
#2431 = DIRECTION('',(-0.582477696868,-0.812846684592,0.));
#2432 = ORIENTED_EDGE('',*,*,#2433,.T.);
#2433 = EDGE_CURVE('',#2426,#2434,#2436,.T.);
#2434 = VERTEX_POINT('',#2435);
#2435 = CARTESIAN_POINT('',(-8.92006165898,5.15,7.));
#2436 = LINE('',#2437,#2438);
#2437 = CARTESIAN_POINT('',(-8.564137006716,5.722373400102,7.));
#2438 = VECTOR('',#2439,1.);
#2439 = DIRECTION('',(-0.52806785065,-0.849202181527,0.));
#2440 = ORIENTED_EDGE('',*,*,#2441,.T.);
#2441 = EDGE_CURVE('',#2434,#2442,#2444,.T.);
#2442 = VERTEX_POINT('',#2443);
#2443 = CARTESIAN_POINT('',(-9.237789237787,4.555573509256,7.));
#2444 = LINE('',#2445,#2446);
#2445 = CARTESIAN_POINT('',(-8.92006165898,5.15,7.));
#2446 = VECTOR('',#2447,1.);
#2447 = DIRECTION('',(-0.471396736826,-0.881921264348,0.));
#2448 = ORIENTED_EDGE('',*,*,#2449,.T.);
#2449 = EDGE_CURVE('',#2442,#2450,#2452,.T.);
#2450 = VERTEX_POINT('',#2451);
#2451 = CARTESIAN_POINT('',(-12.74953754865,5.281031366638,7.));
#2452 = LINE('',#2453,#2454);
#2453 = CARTESIAN_POINT('',(-9.237789237787,4.555573509256,7.));
#2454 = VECTOR('',#2455,1.);
#2455 = DIRECTION('',(-0.979321831464,0.202308552507,0.));
#2456 = ORIENTED_EDGE('',*,*,#2457,.T.);
#2457 = EDGE_CURVE('',#2450,#2458,#2460,.T.);
#2458 = VERTEX_POINT('',#2459);
#2459 = CARTESIAN_POINT('',(-13.06763578703,4.435864621184,7.));
#2460 = LINE('',#2461,#2462);
#2461 = CARTESIAN_POINT('',(-12.74953754865,5.281031366638,7.));
#2462 = VECTOR('',#2463,1.);
#2463 = DIRECTION('',(-0.352250047921,-0.935905926757,0.));
#2464 = ORIENTED_EDGE('',*,*,#2465,.T.);
#2465 = EDGE_CURVE('',#2458,#2466,#2468,.T.);
#2466 = VERTEX_POINT('',#2467);
#2467 = CARTESIAN_POINT('',(-13.32977640278,3.571702822415,7.));
#2468 = LINE('',#2469,#2470);
#2469 = CARTESIAN_POINT('',(-13.06763578703,4.435864621184,7.));
#2470 = VECTOR('',#2471,1.);
#2471 = DIRECTION('',(-0.290284677254,-0.956940335732,0.));
#2472 = ORIENTED_EDGE('',*,*,#2473,.T.);
#2473 = EDGE_CURVE('',#2466,#2474,#2476,.T.);
#2474 = VERTEX_POINT('',#2475);
#2475 = CARTESIAN_POINT('',(-13.53483686956,2.692246443823,7.));
#2476 = LINE('',#2477,#2478);
#2477 = CARTESIAN_POINT('',(-13.32977640278,3.571702822415,7.));
#2478 = VECTOR('',#2479,1.);
#2479 = DIRECTION('',(-0.227076263034,-0.973876979277,0.));
#2480 = ORIENTED_EDGE('',*,*,#2481,.T.);
#2481 = EDGE_CURVE('',#2474,#2482,#2484,.T.);
#2482 = VERTEX_POINT('',#2483);
#2483 = CARTESIAN_POINT('',(-10.21188207215,1.344419779867,7.));
#2484 = LINE('',#2485,#2486);
#2485 = CARTESIAN_POINT('',(-13.53483686956,2.692246443823,7.));
#2486 = VECTOR('',#2487,1.);
#2487 = DIRECTION('',(0.926672953185,-0.375868644389,0.));
#2488 = ORIENTED_EDGE('',*,*,#2489,.T.);
#2489 = EDGE_CURVE('',#2482,#2490,#2492,.T.);
#2490 = VERTEX_POINT('',#2491);
#2491 = CARTESIAN_POINT('',(-10.27794690935,0.67365223107,7.));
#2492 = LINE('',#2493,#2494);
#2493 = CARTESIAN_POINT('',(-10.21188207215,1.344419779867,7.));
#2494 = VECTOR('',#2495,1.);
#2495 = DIRECTION('',(-9.801714032956E-02,-0.995184726672,0.));
#2496 = ORIENTED_EDGE('',*,*,#2497,.T.);
#2497 = EDGE_CURVE('',#2490,#2498,#2500,.T.);
#2498 = VERTEX_POINT('',#2499);
#2499 = CARTESIAN_POINT('',(-10.3,1.261386203122E-15,7.));
#2500 = LINE('',#2501,#2502);
#2501 = CARTESIAN_POINT('',(-10.27794690935,0.67365223107,7.));
#2502 = VECTOR('',#2503,1.);
#2503 = DIRECTION('',(-3.271908282178E-02,-0.999464587476,0.));
#2504 = ORIENTED_EDGE('',*,*,#2505,.T.);
#2505 = EDGE_CURVE('',#2498,#2506,#2508,.T.);
#2506 = VERTEX_POINT('',#2507);
#2507 = CARTESIAN_POINT('',(-10.27794690935,-0.67365223107,7.));
#2508 = LINE('',#2509,#2510);
#2509 = CARTESIAN_POINT('',(-10.3,1.261386203122E-15,7.));
#2510 = VECTOR('',#2511,1.);
#2511 = DIRECTION('',(3.271908282178E-02,-0.999464587476,0.));
#2512 = ORIENTED_EDGE('',*,*,#2513,.T.);
#2513 = EDGE_CURVE('',#2506,#2514,#2516,.T.);
#2514 = VERTEX_POINT('',#2515);
#2515 = CARTESIAN_POINT('',(-13.68193908695,-1.801261452637,7.));
#2516 = LINE('',#2517,#2518);
#2517 = CARTESIAN_POINT('',(-10.27794690935,-0.67365223107,7.));
#2518 = VECTOR('',#2519,1.);
#2519 = DIRECTION('',(-0.949271860782,-0.314456569858,0.));
#2520 = ORIENTED_EDGE('',*,*,#2521,.T.);
#2521 = EDGE_CURVE('',#2514,#2522,#2524,.T.);
#2522 = VERTEX_POINT('',#2523);
#2523 = CARTESIAN_POINT('',(-13.53483686956,-2.692246443823,7.));
#2524 = LINE('',#2525,#2526);
#2525 = CARTESIAN_POINT('',(-13.68193908695,-1.801261452637,7.));
#2526 = VECTOR('',#2527,1.);
#2527 = DIRECTION('',(0.162895473395,-0.986643332085,0.));
#2528 = ORIENTED_EDGE('',*,*,#2529,.T.);
#2529 = EDGE_CURVE('',#2522,#2530,#2532,.T.);
#2530 = VERTEX_POINT('',#2531);
#2531 = CARTESIAN_POINT('',(-13.32977640278,-3.571702822415,7.));
#2532 = LINE('',#2533,#2534);
#2533 = CARTESIAN_POINT('',(-13.53483686956,-2.692246443823,7.));
#2534 = VECTOR('',#2535,1.);
#2535 = DIRECTION('',(0.227076263034,-0.973876979277,0.));
#2536 = ORIENTED_EDGE('',*,*,#2537,.T.);
#2537 = EDGE_CURVE('',#2530,#2538,#2540,.T.);
#2538 = VERTEX_POINT('',#2539);
#2539 = CARTESIAN_POINT('',(-13.06763578703,-4.435864621184,7.));
#2540 = LINE('',#2541,#2542);
#2541 = CARTESIAN_POINT('',(-13.32977640278,-3.571702822415,7.));
#2542 = VECTOR('',#2543,1.);
#2543 = DIRECTION('',(0.290284677254,-0.956940335732,0.));
#2544 = ORIENTED_EDGE('',*,*,#2545,.T.);
#2545 = EDGE_CURVE('',#2538,#2546,#2548,.T.);
#2546 = VERTEX_POINT('',#2547);
#2547 = CARTESIAN_POINT('',(-9.515959184866,-3.94163935336,7.));
#2548 = LINE('',#2549,#2550);
#2549 = CARTESIAN_POINT('',(-13.06763578703,-4.435864621184,7.));
#2550 = VECTOR('',#2551,1.);
#2551 = DIRECTION('',(0.990456640653,0.137824682066,0.));
#2552 = ORIENTED_EDGE('',*,*,#2553,.T.);
#2553 = EDGE_CURVE('',#2546,#2554,#2556,.T.);
#2554 = VERTEX_POINT('',#2555);
#2555 = CARTESIAN_POINT('',(-9.237789237787,-4.555573509256,7.));
#2556 = LINE('',#2557,#2558);
#2557 = CARTESIAN_POINT('',(-9.515959184866,-3.94163935336,7.));
#2558 = VECTOR('',#2559,1.);
#2559 = DIRECTION('',(0.412707029804,-0.910863824921,0.));
#2560 = ORIENTED_EDGE('',*,*,#2561,.T.);
#2561 = EDGE_CURVE('',#2554,#2562,#2564,.T.);
#2562 = VERTEX_POINT('',#2563);
#2563 = CARTESIAN_POINT('',(-8.92006165898,-5.15,7.));
#2564 = LINE('',#2565,#2566);
#2565 = CARTESIAN_POINT('',(-9.237789237787,-4.555573509256,7.));
#2566 = VECTOR('',#2567,1.);
#2567 = DIRECTION('',(0.471396736826,-0.881921264348,0.));
#2568 = ORIENTED_EDGE('',*,*,#2569,.T.);
#2569 = EDGE_CURVE('',#2562,#2570,#2572,.T.);
#2570 = VERTEX_POINT('',#2571);
#2571 = CARTESIAN_POINT('',(-8.564137006716,-5.722373400102,7.));
#2572 = LINE('',#2573,#2574);
#2573 = CARTESIAN_POINT('',(-8.92006165898,-5.15,7.));
#2574 = VECTOR('',#2575,1.);
#2575 = DIRECTION('',(0.52806785065,-0.849202181527,0.));
#2576 = ORIENTED_EDGE('',*,*,#2577,.T.);
#2577 = EDGE_CURVE('',#2570,#2578,#2580,.T.);
#2578 = VERTEX_POINT('',#2579);
#2579 = CARTESIAN_POINT('',(-10.94827609601,-8.40090772032,7.));
#2580 = LINE('',#2581,#2582);
#2581 = CARTESIAN_POINT('',(-8.564137006716,-5.722373400102,7.));
#2582 = VECTOR('',#2583,1.);
#2583 = DIRECTION('',(-0.664865261606,-0.746963308275,0.));
#2584 = ORIENTED_EDGE('',*,*,#2585,.T.);
#2585 = EDGE_CURVE('',#2578,#2586,#2588,.T.);
#2586 = VERTEX_POINT('',#2587);
#2587 = CARTESIAN_POINT('',(-10.37538934321,-9.098972248381,7.));
#2588 = LINE('',#2589,#2590);
#2589 = CARTESIAN_POINT('',(-10.94827609601,-8.40090772032,7.));
#2590 = VECTOR('',#2591,1.);
#2591 = DIRECTION('',(0.634393284164,-0.773010453363,0.));
#2592 = ORIENTED_EDGE('',*,*,#2593,.T.);
#2593 = EDGE_CURVE('',#2586,#2594,#2596,.T.);
#2594 = VERTEX_POINT('',#2595);
#2595 = CARTESIAN_POINT('',(-9.758073580374,-9.758073580374,7.));
#2596 = LINE('',#2597,#2598);
#2597 = CARTESIAN_POINT('',(-10.37538934321,-9.098972248381,7.));
#2598 = VECTOR('',#2599,1.);
#2599 = DIRECTION('',(0.683592302023,-0.729864072698,0.));
#2600 = ORIENTED_EDGE('',*,*,#2601,.T.);
#2601 = EDGE_CURVE('',#2594,#2602,#2604,.T.);
#2602 = VERTEX_POINT('',#2603);
#2603 = CARTESIAN_POINT('',(-9.098972248381,-10.37538934321,7.));
#2604 = LINE('',#2605,#2606);
#2605 = CARTESIAN_POINT('',(-9.758073580374,-9.758073580374,7.));
#2606 = VECTOR('',#2607,1.);
#2607 = DIRECTION('',(0.729864072698,-0.683592302023,0.));
#2608 = ORIENTED_EDGE('',*,*,#2609,.T.);
#2609 = EDGE_CURVE('',#2602,#2610,#2612,.T.);
#2610 = VERTEX_POINT('',#2611);
#2611 = CARTESIAN_POINT('',(-6.27024271879,-8.171539405,7.));
#2612 = LINE('',#2613,#2614);
#2613 = CARTESIAN_POINT('',(-9.098972248381,-10.37538934321,7.));
#2614 = VECTOR('',#2615,1.);
#2615 = DIRECTION('',(0.78884827112,0.614587996264,0.));
#2616 = ORIENTED_EDGE('',*,*,#2617,.T.);
#2617 = EDGE_CURVE('',#2610,#2618,#2620,.T.);
#2618 = VERTEX_POINT('',#2619);
#2619 = CARTESIAN_POINT('',(-5.722373400102,-8.564137006716,7.));
#2620 = LINE('',#2621,#2622);
#2621 = CARTESIAN_POINT('',(-6.27024271879,-8.171539405,7.));
#2622 = VECTOR('',#2623,1.);
#2623 = DIRECTION('',(0.812846684592,-0.582477696868,0.));
#2624 = ORIENTED_EDGE('',*,*,#2625,.T.);
#2625 = EDGE_CURVE('',#2618,#2626,#2628,.T.);
#2626 = VERTEX_POINT('',#2627);
#2627 = CARTESIAN_POINT('',(-5.15,-8.92006165898,7.));
#2628 = LINE('',#2629,#2630);
#2629 = CARTESIAN_POINT('',(-5.722373400102,-8.564137006716,7.));
#2630 = VECTOR('',#2631,1.);
#2631 = DIRECTION('',(0.849202181527,-0.52806785065,0.));
#2632 = ORIENTED_EDGE('',*,*,#2633,.T.);
#2633 = EDGE_CURVE('',#2626,#2634,#2636,.T.);
#2634 = VERTEX_POINT('',#2635);
#2635 = CARTESIAN_POINT('',(-4.555573509256,-9.237789237787,7.));
#2636 = LINE('',#2637,#2638);
#2637 = CARTESIAN_POINT('',(-5.15,-8.92006165898,7.));
#2638 = VECTOR('',#2639,1.);
#2639 = DIRECTION('',(0.881921264348,-0.471396736826,0.));
#2640 = ORIENTED_EDGE('',*,*,#2641,.T.);
#2641 = EDGE_CURVE('',#2634,#2642,#2644,.T.);
#2642 = VERTEX_POINT('',#2643);
#2643 = CARTESIAN_POINT('',(-5.281031366638,-12.74953754865,7.));
#2644 = LINE('',#2645,#2646);
#2645 = CARTESIAN_POINT('',(-4.555573509256,-9.237789237787,7.));
#2646 = VECTOR('',#2647,1.);
#2647 = DIRECTION('',(-0.202308552507,-0.979321831464,0.));
#2648 = ORIENTED_EDGE('',*,*,#2649,.T.);
#2649 = EDGE_CURVE('',#2642,#2650,#2652,.T.);
#2650 = VERTEX_POINT('',#2651);
#2651 = CARTESIAN_POINT('',(-4.435864621184,-13.06763578703,7.));
#2652 = LINE('',#2653,#2654);
#2653 = CARTESIAN_POINT('',(-5.281031366638,-12.74953754865,7.));
#2654 = VECTOR('',#2655,1.);
#2655 = DIRECTION('',(0.935905926757,-0.352250047921,0.));
#2656 = ORIENTED_EDGE('',*,*,#2657,.T.);
#2657 = EDGE_CURVE('',#2650,#2658,#2660,.T.);
#2658 = VERTEX_POINT('',#2659);
#2659 = CARTESIAN_POINT('',(-3.571702822415,-13.32977640278,7.));
#2660 = LINE('',#2661,#2662);
#2661 = CARTESIAN_POINT('',(-4.435864621184,-13.06763578703,7.));
#2662 = VECTOR('',#2663,1.);
#2663 = DIRECTION('',(0.956940335732,-0.290284677254,0.));
#2664 = ORIENTED_EDGE('',*,*,#2665,.T.);
#2665 = EDGE_CURVE('',#2658,#2666,#2668,.T.);
#2666 = VERTEX_POINT('',#2667);
#2667 = CARTESIAN_POINT('',(-2.692246443823,-13.53483686956,7.));
#2668 = LINE('',#2669,#2670);
#2669 = CARTESIAN_POINT('',(-3.571702822415,-13.32977640278,7.));
#2670 = VECTOR('',#2671,1.);
#2671 = DIRECTION('',(0.973876979277,-0.227076263034,0.));
#2672 = ORIENTED_EDGE('',*,*,#2673,.T.);
#2673 = EDGE_CURVE('',#2666,#2674,#2676,.T.);
#2674 = VERTEX_POINT('',#2675);
#2675 = CARTESIAN_POINT('',(-1.344419779867,-10.21188207215,7.));
#2676 = LINE('',#2677,#2678);
#2677 = CARTESIAN_POINT('',(-2.692246443823,-13.53483686956,7.));
#2678 = VECTOR('',#2679,1.);
#2679 = DIRECTION('',(0.375868644389,0.926672953185,0.));
#2680 = ORIENTED_EDGE('',*,*,#2681,.T.);
#2681 = EDGE_CURVE('',#2674,#2682,#2684,.T.);
#2682 = VERTEX_POINT('',#2683);
#2683 = CARTESIAN_POINT('',(-0.67365223107,-10.27794690935,7.));
#2684 = LINE('',#2685,#2686);
#2685 = CARTESIAN_POINT('',(-1.344419779867,-10.21188207215,7.));
#2686 = VECTOR('',#2687,1.);
#2687 = DIRECTION('',(0.995184726672,-9.801714032956E-02,0.));
#2688 = ORIENTED_EDGE('',*,*,#2689,.T.);
#2689 = EDGE_CURVE('',#2682,#2690,#2692,.T.);
#2690 = VERTEX_POINT('',#2691);
#2691 = CARTESIAN_POINT('',(-1.892079304683E-15,-10.3,7.));
#2692 = LINE('',#2693,#2694);
#2693 = CARTESIAN_POINT('',(-0.67365223107,-10.27794690935,7.));
#2694 = VECTOR('',#2695,1.);
#2695 = DIRECTION('',(0.999464587476,-3.271908282178E-02,0.));
#2696 = ORIENTED_EDGE('',*,*,#2697,.T.);
#2697 = EDGE_CURVE('',#2690,#2698,#2700,.T.);
#2698 = VERTEX_POINT('',#2699);
#2699 = CARTESIAN_POINT('',(0.67365223107,-10.27794690935,7.));
#2700 = LINE('',#2701,#2702);
#2701 = CARTESIAN_POINT('',(-1.892079304683E-15,-10.3,7.));
#2702 = VECTOR('',#2703,1.);
#2703 = DIRECTION('',(0.999464587476,3.271908282177E-02,0.));
#2704 = ORIENTED_EDGE('',*,*,#2705,.T.);
#2705 = EDGE_CURVE('',#2698,#2706,#2708,.T.);
#2706 = VERTEX_POINT('',#2707);
#2707 = CARTESIAN_POINT('',(1.801261452637,-13.68193908695,7.));
#2708 = LINE('',#2709,#2710);
#2709 = CARTESIAN_POINT('',(0.67365223107,-10.27794690935,7.));
#2710 = VECTOR('',#2711,1.);
#2711 = DIRECTION('',(0.314456569858,-0.949271860782,0.));
#2712 = ORIENTED_EDGE('',*,*,#2713,.T.);
#2713 = EDGE_CURVE('',#2706,#2714,#2716,.T.);
#2714 = VERTEX_POINT('',#2715);
#2715 = CARTESIAN_POINT('',(2.692246443823,-13.53483686956,7.));
#2716 = LINE('',#2717,#2718);
#2717 = CARTESIAN_POINT('',(1.801261452637,-13.68193908695,7.));
#2718 = VECTOR('',#2719,1.);
#2719 = DIRECTION('',(0.986643332085,0.162895473395,0.));
#2720 = ORIENTED_EDGE('',*,*,#2721,.T.);
#2721 = EDGE_CURVE('',#2714,#2722,#2724,.T.);
#2722 = VERTEX_POINT('',#2723);
#2723 = CARTESIAN_POINT('',(3.571702822415,-13.32977640278,7.));
#2724 = LINE('',#2725,#2726);
#2725 = CARTESIAN_POINT('',(2.692246443823,-13.53483686956,7.));
#2726 = VECTOR('',#2727,1.);
#2727 = DIRECTION('',(0.973876979277,0.227076263034,0.));
#2728 = ORIENTED_EDGE('',*,*,#2729,.T.);
#2729 = EDGE_CURVE('',#2722,#2730,#2732,.T.);
#2730 = VERTEX_POINT('',#2731);
#2731 = CARTESIAN_POINT('',(4.435864621184,-13.06763578703,7.));
#2732 = LINE('',#2733,#2734);
#2733 = CARTESIAN_POINT('',(3.571702822415,-13.32977640278,7.));
#2734 = VECTOR('',#2735,1.);
#2735 = DIRECTION('',(0.956940335732,0.290284677254,0.));
#2736 = ORIENTED_EDGE('',*,*,#2737,.T.);
#2737 = EDGE_CURVE('',#2730,#2738,#2740,.T.);
#2738 = VERTEX_POINT('',#2739);
#2739 = CARTESIAN_POINT('',(3.94163935336,-9.515959184866,7.));
#2740 = LINE('',#2741,#2742);
#2741 = CARTESIAN_POINT('',(4.435864621184,-13.06763578703,7.));
#2742 = VECTOR('',#2743,1.);
#2743 = DIRECTION('',(-0.137824682066,0.990456640653,0.));
#2744 = ORIENTED_EDGE('',*,*,#2745,.T.);
#2745 = EDGE_CURVE('',#2738,#2746,#2748,.T.);
#2746 = VERTEX_POINT('',#2747);
#2747 = CARTESIAN_POINT('',(4.555573509256,-9.237789237787,7.));
#2748 = LINE('',#2749,#2750);
#2749 = CARTESIAN_POINT('',(3.94163935336,-9.515959184866,7.));
#2750 = VECTOR('',#2751,1.);
#2751 = DIRECTION('',(0.910863824921,0.412707029804,0.));
#2752 = ORIENTED_EDGE('',*,*,#2753,.T.);
#2753 = EDGE_CURVE('',#2746,#2754,#2756,.T.);
#2754 = VERTEX_POINT('',#2755);
#2755 = CARTESIAN_POINT('',(5.15,-8.92006165898,7.));
#2756 = LINE('',#2757,#2758);
#2757 = CARTESIAN_POINT('',(4.555573509256,-9.237789237787,7.));
#2758 = VECTOR('',#2759,1.);
#2759 = DIRECTION('',(0.881921264348,0.471396736826,0.));
#2760 = ORIENTED_EDGE('',*,*,#2761,.T.);
#2761 = EDGE_CURVE('',#2754,#2762,#2764,.T.);
#2762 = VERTEX_POINT('',#2763);
#2763 = CARTESIAN_POINT('',(5.722373400102,-8.564137006716,7.));
#2764 = LINE('',#2765,#2766);
#2765 = CARTESIAN_POINT('',(5.15,-8.92006165898,7.));
#2766 = VECTOR('',#2767,1.);
#2767 = DIRECTION('',(0.849202181527,0.52806785065,0.));
#2768 = ORIENTED_EDGE('',*,*,#2769,.T.);
#2769 = EDGE_CURVE('',#2762,#2770,#2772,.T.);
#2770 = VERTEX_POINT('',#2771);
#2771 = CARTESIAN_POINT('',(8.40090772032,-10.94827609601,7.));
#2772 = LINE('',#2773,#2774);
#2773 = CARTESIAN_POINT('',(5.722373400102,-8.564137006716,7.));
#2774 = VECTOR('',#2775,1.);
#2775 = DIRECTION('',(0.746963308275,-0.664865261606,0.));
#2776 = ORIENTED_EDGE('',*,*,#2777,.T.);
#2777 = EDGE_CURVE('',#2770,#2778,#2780,.T.);
#2778 = VERTEX_POINT('',#2779);
#2779 = CARTESIAN_POINT('',(9.098972248381,-10.37538934321,7.));
#2780 = LINE('',#2781,#2782);
#2781 = CARTESIAN_POINT('',(8.40090772032,-10.94827609601,7.));
#2782 = VECTOR('',#2783,1.);
#2783 = DIRECTION('',(0.773010453363,0.634393284164,0.));
#2784 = ORIENTED_EDGE('',*,*,#2785,.T.);
#2785 = EDGE_CURVE('',#2778,#2786,#2788,.T.);
#2786 = VERTEX_POINT('',#2787);
#2787 = CARTESIAN_POINT('',(9.758073580374,-9.758073580374,7.));
#2788 = LINE('',#2789,#2790);
#2789 = CARTESIAN_POINT('',(9.098972248381,-10.37538934321,7.));
#2790 = VECTOR('',#2791,1.);
#2791 = DIRECTION('',(0.729864072698,0.683592302023,0.));
#2792 = ORIENTED_EDGE('',*,*,#2793,.T.);
#2793 = EDGE_CURVE('',#2786,#2794,#2796,.T.);
#2794 = VERTEX_POINT('',#2795);
#2795 = CARTESIAN_POINT('',(10.37538934321,-9.098972248381,7.));
#2796 = LINE('',#2797,#2798);
#2797 = CARTESIAN_POINT('',(9.758073580374,-9.758073580374,7.));
#2798 = VECTOR('',#2799,1.);
#2799 = DIRECTION('',(0.683592302023,0.729864072698,0.));
#2800 = ORIENTED_EDGE('',*,*,#2801,.T.);
#2801 = EDGE_CURVE('',#2794,#2802,#2804,.T.);
#2802 = VERTEX_POINT('',#2803);
#2803 = CARTESIAN_POINT('',(8.171539405,-6.27024271879,7.));
#2804 = LINE('',#2805,#2806);
#2805 = CARTESIAN_POINT('',(10.37538934321,-9.098972248381,7.));
#2806 = VECTOR('',#2807,1.);
#2807 = DIRECTION('',(-0.614587996264,0.78884827112,0.));
#2808 = ORIENTED_EDGE('',*,*,#2809,.T.);
#2809 = EDGE_CURVE('',#2802,#2810,#2812,.T.);
#2810 = VERTEX_POINT('',#2811);
#2811 = CARTESIAN_POINT('',(8.564137006716,-5.722373400102,7.));
#2812 = LINE('',#2813,#2814);
#2813 = CARTESIAN_POINT('',(8.171539405,-6.27024271879,7.));
#2814 = VECTOR('',#2815,1.);
#2815 = DIRECTION('',(0.582477696868,0.812846684592,0.));
#2816 = ORIENTED_EDGE('',*,*,#2817,.T.);
#2817 = EDGE_CURVE('',#2810,#2818,#2820,.T.);
#2818 = VERTEX_POINT('',#2819);
#2819 = CARTESIAN_POINT('',(8.92006165898,-5.15,7.));
#2820 = LINE('',#2821,#2822);
#2821 = CARTESIAN_POINT('',(8.564137006716,-5.722373400102,7.));
#2822 = VECTOR('',#2823,1.);
#2823 = DIRECTION('',(0.52806785065,0.849202181527,0.));
#2824 = ORIENTED_EDGE('',*,*,#2825,.T.);
#2825 = EDGE_CURVE('',#2818,#2826,#2828,.T.);
#2826 = VERTEX_POINT('',#2827);
#2827 = CARTESIAN_POINT('',(9.237789237787,-4.555573509256,7.));
#2828 = LINE('',#2829,#2830);
#2829 = CARTESIAN_POINT('',(8.92006165898,-5.15,7.));
#2830 = VECTOR('',#2831,1.);
#2831 = DIRECTION('',(0.471396736826,0.881921264348,0.));
#2832 = ORIENTED_EDGE('',*,*,#2833,.T.);
#2833 = EDGE_CURVE('',#2826,#2834,#2836,.T.);
#2834 = VERTEX_POINT('',#2835);
#2835 = CARTESIAN_POINT('',(12.749537548656,-5.281031366638,7.));
#2836 = LINE('',#2837,#2838);
#2837 = CARTESIAN_POINT('',(9.237789237787,-4.555573509256,7.));
#2838 = VECTOR('',#2839,1.);
#2839 = DIRECTION('',(0.979321831464,-0.202308552507,0.));
#2840 = ORIENTED_EDGE('',*,*,#2841,.T.);
#2841 = EDGE_CURVE('',#2834,#2842,#2844,.T.);
#2842 = VERTEX_POINT('',#2843);
#2843 = CARTESIAN_POINT('',(13.067635787032,-4.435864621184,7.));
#2844 = LINE('',#2845,#2846);
#2845 = CARTESIAN_POINT('',(12.749537548656,-5.281031366638,7.));
#2846 = VECTOR('',#2847,1.);
#2847 = DIRECTION('',(0.352250047921,0.935905926757,0.));
#2848 = ORIENTED_EDGE('',*,*,#2849,.T.);
#2849 = EDGE_CURVE('',#2842,#2850,#2852,.T.);
#2850 = VERTEX_POINT('',#2851);
#2851 = CARTESIAN_POINT('',(13.329776402789,-3.571702822415,7.));
#2852 = LINE('',#2853,#2854);
#2853 = CARTESIAN_POINT('',(13.067635787032,-4.435864621184,7.));
#2854 = VECTOR('',#2855,1.);
#2855 = DIRECTION('',(0.290284677254,0.956940335732,0.));
#2856 = ORIENTED_EDGE('',*,*,#2857,.T.);
#2857 = EDGE_CURVE('',#2850,#2858,#2860,.T.);
#2858 = VERTEX_POINT('',#2859);
#2859 = CARTESIAN_POINT('',(13.534836869565,-2.692246443823,7.));
#2860 = LINE('',#2861,#2862);
#2861 = CARTESIAN_POINT('',(13.329776402789,-3.571702822415,7.));
#2862 = VECTOR('',#2863,1.);
#2863 = DIRECTION('',(0.227076263034,0.973876979277,0.));
#2864 = ORIENTED_EDGE('',*,*,#2865,.T.);
#2865 = EDGE_CURVE('',#2858,#2866,#2868,.T.);
#2866 = VERTEX_POINT('',#2867);
#2867 = CARTESIAN_POINT('',(10.21188207215,-1.344419779867,7.));
#2868 = LINE('',#2869,#2870);
#2869 = CARTESIAN_POINT('',(13.534836869565,-2.692246443823,7.));
#2870 = VECTOR('',#2871,1.);
#2871 = DIRECTION('',(-0.926672953185,0.375868644389,0.));
#2872 = ORIENTED_EDGE('',*,*,#2873,.T.);
#2873 = EDGE_CURVE('',#2866,#2074,#2874,.T.);
#2874 = LINE('',#2875,#2876);
#2875 = CARTESIAN_POINT('',(10.21188207215,-1.344419779867,7.));
#2876 = VECTOR('',#2877,1.);
#2877 = DIRECTION('',(9.801714032956E-02,0.995184726672,0.));
#2878 = ORIENTED_EDGE('',*,*,#2090,.T.);
#2879 = FACE_BOUND('',#2880,.F.);
#2880 = EDGE_LOOP('',(#2881));
#2881 = ORIENTED_EDGE('',*,*,#2882,.F.);
#2882 = EDGE_CURVE('',#2883,#2883,#2885,.T.);
#2883 = VERTEX_POINT('',#2884);
#2884 = CARTESIAN_POINT('',(3.05,-7.470345474799E-16,7.));
#2885 = CIRCLE('',#2886,3.05);
#2886 = AXIS2_PLACEMENT_3D('',#2887,#2888,#2889);
#2887 = CARTESIAN_POINT('',(0.,0.,7.));
#2888 = DIRECTION('',(0.,0.,1.));
#2889 = DIRECTION('',(1.,0.,0.));
#2890 = PLANE('',#2891);
#2891 = AXIS2_PLACEMENT_3D('',#2892,#2893,#2894);
#2892 = CARTESIAN_POINT('',(5.223272853901E-16,1.179122755858E-15,7.));
#2893 = DIRECTION('',(0.,0.,1.));
#2894 = DIRECTION('',(1.,0.,0.));
#2895 = ADVANCED_FACE('',(#2896,#3643),#3654,.T.);
#2896 = FACE_BOUND('',#2897,.T.);
#2897 = EDGE_LOOP('',(#2898,#2899,#2900,#2908,#2916,#2924,#2932,#2940,
    #2948,#2956,#2964,#2972,#2980,#2988,#2996,#3004,#3012,#3020,#3028,
    #3036,#3044,#3052,#3060,#3068,#3076,#3084,#3092,#3100,#3108,#3116,
    #3124,#3132,#3140,#3148,#3156,#3164,#3172,#3180,#3188,#3196,#3204,
    #3212,#3220,#3228,#3236,#3244,#3252,#3260,#3268,#3276,#3284,#3292,
    #3300,#3308,#3316,#3324,#3332,#3340,#3348,#3356,#3364,#3372,#3380,
    #3388,#3396,#3404,#3412,#3420,#3428,#3436,#3444,#3452,#3460,#3468,
    #3476,#3484,#3492,#3500,#3508,#3516,#3524,#3532,#3540,#3548,#3556,
    #3564,#3572,#3580,#3588,#3596,#3604,#3612,#3620,#3628,#3636,#3642));
#2898 = ORIENTED_EDGE('',*,*,#2043,.T.);
#2899 = ORIENTED_EDGE('',*,*,#2105,.T.);
#2900 = ORIENTED_EDGE('',*,*,#2901,.T.);
#2901 = EDGE_CURVE('',#2106,#2902,#2904,.T.);
#2902 = VERTEX_POINT('',#2903);
#2903 = CARTESIAN_POINT('',(13.534836869565,2.692246443823,15.));
#2904 = LINE('',#2905,#2906);
#2905 = CARTESIAN_POINT('',(13.681939086959,1.801261452637,15.));
#2906 = VECTOR('',#2907,1.);
#2907 = DIRECTION('',(-0.162895473395,0.986643332085,0.));
#2908 = ORIENTED_EDGE('',*,*,#2909,.T.);
#2909 = EDGE_CURVE('',#2902,#2910,#2912,.T.);
#2910 = VERTEX_POINT('',#2911);
#2911 = CARTESIAN_POINT('',(13.329776402789,3.571702822415,15.));
#2912 = LINE('',#2913,#2914);
#2913 = CARTESIAN_POINT('',(13.534836869565,2.692246443823,15.));
#2914 = VECTOR('',#2915,1.);
#2915 = DIRECTION('',(-0.227076263034,0.973876979277,0.));
#2916 = ORIENTED_EDGE('',*,*,#2917,.T.);
#2917 = EDGE_CURVE('',#2910,#2918,#2920,.T.);
#2918 = VERTEX_POINT('',#2919);
#2919 = CARTESIAN_POINT('',(13.067635787032,4.435864621184,15.));
#2920 = LINE('',#2921,#2922);
#2921 = CARTESIAN_POINT('',(13.329776402789,3.571702822415,15.));
#2922 = VECTOR('',#2923,1.);
#2923 = DIRECTION('',(-0.290284677254,0.956940335732,0.));
#2924 = ORIENTED_EDGE('',*,*,#2925,.T.);
#2925 = EDGE_CURVE('',#2918,#2926,#2928,.T.);
#2926 = VERTEX_POINT('',#2927);
#2927 = CARTESIAN_POINT('',(9.515959184866,3.94163935336,15.));
#2928 = LINE('',#2929,#2930);
#2929 = CARTESIAN_POINT('',(13.067635787032,4.435864621184,15.));
#2930 = VECTOR('',#2931,1.);
#2931 = DIRECTION('',(-0.990456640653,-0.137824682066,0.));
#2932 = ORIENTED_EDGE('',*,*,#2933,.T.);
#2933 = EDGE_CURVE('',#2926,#2934,#2936,.T.);
#2934 = VERTEX_POINT('',#2935);
#2935 = CARTESIAN_POINT('',(9.237789237787,4.555573509256,15.));
#2936 = LINE('',#2937,#2938);
#2937 = CARTESIAN_POINT('',(9.515959184866,3.94163935336,15.));
#2938 = VECTOR('',#2939,1.);
#2939 = DIRECTION('',(-0.412707029804,0.910863824921,0.));
#2940 = ORIENTED_EDGE('',*,*,#2941,.T.);
#2941 = EDGE_CURVE('',#2934,#2942,#2944,.T.);
#2942 = VERTEX_POINT('',#2943);
#2943 = CARTESIAN_POINT('',(8.92006165898,5.15,15.));
#2944 = LINE('',#2945,#2946);
#2945 = CARTESIAN_POINT('',(9.237789237787,4.555573509256,15.));
#2946 = VECTOR('',#2947,1.);
#2947 = DIRECTION('',(-0.471396736826,0.881921264348,0.));
#2948 = ORIENTED_EDGE('',*,*,#2949,.T.);
#2949 = EDGE_CURVE('',#2942,#2950,#2952,.T.);
#2950 = VERTEX_POINT('',#2951);
#2951 = CARTESIAN_POINT('',(8.564137006716,5.722373400102,15.));
#2952 = LINE('',#2953,#2954);
#2953 = CARTESIAN_POINT('',(8.92006165898,5.15,15.));
#2954 = VECTOR('',#2955,1.);
#2955 = DIRECTION('',(-0.52806785065,0.849202181527,0.));
#2956 = ORIENTED_EDGE('',*,*,#2957,.T.);
#2957 = EDGE_CURVE('',#2950,#2958,#2960,.T.);
#2958 = VERTEX_POINT('',#2959);
#2959 = CARTESIAN_POINT('',(10.948276096019,8.40090772032,15.));
#2960 = LINE('',#2961,#2962);
#2961 = CARTESIAN_POINT('',(8.564137006716,5.722373400102,15.));
#2962 = VECTOR('',#2963,1.);
#2963 = DIRECTION('',(0.664865261606,0.746963308275,0.));
#2964 = ORIENTED_EDGE('',*,*,#2965,.T.);
#2965 = EDGE_CURVE('',#2958,#2966,#2968,.T.);
#2966 = VERTEX_POINT('',#2967);
#2967 = CARTESIAN_POINT('',(10.37538934321,9.098972248381,15.));
#2968 = LINE('',#2969,#2970);
#2969 = CARTESIAN_POINT('',(10.948276096019,8.40090772032,15.));
#2970 = VECTOR('',#2971,1.);
#2971 = DIRECTION('',(-0.634393284164,0.773010453363,0.));
#2972 = ORIENTED_EDGE('',*,*,#2973,.T.);
#2973 = EDGE_CURVE('',#2966,#2974,#2976,.T.);
#2974 = VERTEX_POINT('',#2975);
#2975 = CARTESIAN_POINT('',(9.758073580374,9.758073580374,15.));
#2976 = LINE('',#2977,#2978);
#2977 = CARTESIAN_POINT('',(10.37538934321,9.098972248381,15.));
#2978 = VECTOR('',#2979,1.);
#2979 = DIRECTION('',(-0.683592302023,0.729864072698,0.));
#2980 = ORIENTED_EDGE('',*,*,#2981,.T.);
#2981 = EDGE_CURVE('',#2974,#2982,#2984,.T.);
#2982 = VERTEX_POINT('',#2983);
#2983 = CARTESIAN_POINT('',(9.098972248381,10.37538934321,15.));
#2984 = LINE('',#2985,#2986);
#2985 = CARTESIAN_POINT('',(9.758073580374,9.758073580374,15.));
#2986 = VECTOR('',#2987,1.);
#2987 = DIRECTION('',(-0.729864072698,0.683592302023,0.));
#2988 = ORIENTED_EDGE('',*,*,#2989,.T.);
#2989 = EDGE_CURVE('',#2982,#2990,#2992,.T.);
#2990 = VERTEX_POINT('',#2991);
#2991 = CARTESIAN_POINT('',(6.27024271879,8.171539405,15.));
#2992 = LINE('',#2993,#2994);
#2993 = CARTESIAN_POINT('',(9.098972248381,10.37538934321,15.));
#2994 = VECTOR('',#2995,1.);
#2995 = DIRECTION('',(-0.78884827112,-0.614587996264,0.));
#2996 = ORIENTED_EDGE('',*,*,#2997,.T.);
#2997 = EDGE_CURVE('',#2990,#2998,#3000,.T.);
#2998 = VERTEX_POINT('',#2999);
#2999 = CARTESIAN_POINT('',(5.722373400102,8.564137006716,15.));
#3000 = LINE('',#3001,#3002);
#3001 = CARTESIAN_POINT('',(6.27024271879,8.171539405,15.));
#3002 = VECTOR('',#3003,1.);
#3003 = DIRECTION('',(-0.812846684592,0.582477696868,0.));
#3004 = ORIENTED_EDGE('',*,*,#3005,.T.);
#3005 = EDGE_CURVE('',#2998,#3006,#3008,.T.);
#3006 = VERTEX_POINT('',#3007);
#3007 = CARTESIAN_POINT('',(5.15,8.92006165898,15.));
#3008 = LINE('',#3009,#3010);
#3009 = CARTESIAN_POINT('',(5.722373400102,8.564137006716,15.));
#3010 = VECTOR('',#3011,1.);
#3011 = DIRECTION('',(-0.849202181527,0.52806785065,0.));
#3012 = ORIENTED_EDGE('',*,*,#3013,.T.);
#3013 = EDGE_CURVE('',#3006,#3014,#3016,.T.);
#3014 = VERTEX_POINT('',#3015);
#3015 = CARTESIAN_POINT('',(4.555573509256,9.237789237787,15.));
#3016 = LINE('',#3017,#3018);
#3017 = CARTESIAN_POINT('',(5.15,8.92006165898,15.));
#3018 = VECTOR('',#3019,1.);
#3019 = DIRECTION('',(-0.881921264348,0.471396736826,0.));
#3020 = ORIENTED_EDGE('',*,*,#3021,.T.);
#3021 = EDGE_CURVE('',#3014,#3022,#3024,.T.);
#3022 = VERTEX_POINT('',#3023);
#3023 = CARTESIAN_POINT('',(5.281031366638,12.749537548656,15.));
#3024 = LINE('',#3025,#3026);
#3025 = CARTESIAN_POINT('',(4.555573509256,9.237789237787,15.));
#3026 = VECTOR('',#3027,1.);
#3027 = DIRECTION('',(0.202308552507,0.979321831464,0.));
#3028 = ORIENTED_EDGE('',*,*,#3029,.T.);
#3029 = EDGE_CURVE('',#3022,#3030,#3032,.T.);
#3030 = VERTEX_POINT('',#3031);
#3031 = CARTESIAN_POINT('',(4.435864621184,13.067635787032,15.));
#3032 = LINE('',#3033,#3034);
#3033 = CARTESIAN_POINT('',(5.281031366638,12.749537548656,15.));
#3034 = VECTOR('',#3035,1.);
#3035 = DIRECTION('',(-0.935905926757,0.352250047921,0.));
#3036 = ORIENTED_EDGE('',*,*,#3037,.T.);
#3037 = EDGE_CURVE('',#3030,#3038,#3040,.T.);
#3038 = VERTEX_POINT('',#3039);
#3039 = CARTESIAN_POINT('',(3.571702822415,13.329776402789,15.));
#3040 = LINE('',#3041,#3042);
#3041 = CARTESIAN_POINT('',(4.435864621184,13.067635787032,15.));
#3042 = VECTOR('',#3043,1.);
#3043 = DIRECTION('',(-0.956940335732,0.290284677254,0.));
#3044 = ORIENTED_EDGE('',*,*,#3045,.T.);
#3045 = EDGE_CURVE('',#3038,#3046,#3048,.T.);
#3046 = VERTEX_POINT('',#3047);
#3047 = CARTESIAN_POINT('',(2.692246443823,13.534836869565,15.));
#3048 = LINE('',#3049,#3050);
#3049 = CARTESIAN_POINT('',(3.571702822415,13.329776402789,15.));
#3050 = VECTOR('',#3051,1.);
#3051 = DIRECTION('',(-0.973876979277,0.227076263034,0.));
#3052 = ORIENTED_EDGE('',*,*,#3053,.T.);
#3053 = EDGE_CURVE('',#3046,#3054,#3056,.T.);
#3054 = VERTEX_POINT('',#3055);
#3055 = CARTESIAN_POINT('',(1.344419779867,10.21188207215,15.));
#3056 = LINE('',#3057,#3058);
#3057 = CARTESIAN_POINT('',(2.692246443823,13.534836869565,15.));
#3058 = VECTOR('',#3059,1.);
#3059 = DIRECTION('',(-0.375868644389,-0.926672953185,0.));
#3060 = ORIENTED_EDGE('',*,*,#3061,.T.);
#3061 = EDGE_CURVE('',#3054,#3062,#3064,.T.);
#3062 = VERTEX_POINT('',#3063);
#3063 = CARTESIAN_POINT('',(0.67365223107,10.277946909358,15.));
#3064 = LINE('',#3065,#3066);
#3065 = CARTESIAN_POINT('',(1.344419779867,10.21188207215,15.));
#3066 = VECTOR('',#3067,1.);
#3067 = DIRECTION('',(-0.995184726672,9.801714032956E-02,0.));
#3068 = ORIENTED_EDGE('',*,*,#3069,.T.);
#3069 = EDGE_CURVE('',#3062,#3070,#3072,.T.);
#3070 = VERTEX_POINT('',#3071);
#3071 = CARTESIAN_POINT('',(6.306931015609E-16,10.3,15.));
#3072 = LINE('',#3073,#3074);
#3073 = CARTESIAN_POINT('',(0.67365223107,10.277946909358,15.));
#3074 = VECTOR('',#3075,1.);
#3075 = DIRECTION('',(-0.999464587476,3.271908282178E-02,0.));
#3076 = ORIENTED_EDGE('',*,*,#3077,.T.);
#3077 = EDGE_CURVE('',#3070,#3078,#3080,.T.);
#3078 = VERTEX_POINT('',#3079);
#3079 = CARTESIAN_POINT('',(-0.67365223107,10.277946909358,15.));
#3080 = LINE('',#3081,#3082);
#3081 = CARTESIAN_POINT('',(6.306931015609E-16,10.3,15.));
#3082 = VECTOR('',#3083,1.);
#3083 = DIRECTION('',(-0.999464587476,-3.271908282178E-02,0.));
#3084 = ORIENTED_EDGE('',*,*,#3085,.T.);
#3085 = EDGE_CURVE('',#3078,#3086,#3088,.T.);
#3086 = VERTEX_POINT('',#3087);
#3087 = CARTESIAN_POINT('',(-1.801261452637,13.681939086959,15.));
#3088 = LINE('',#3089,#3090);
#3089 = CARTESIAN_POINT('',(-0.67365223107,10.277946909358,15.));
#3090 = VECTOR('',#3091,1.);
#3091 = DIRECTION('',(-0.314456569858,0.949271860782,0.));
#3092 = ORIENTED_EDGE('',*,*,#3093,.T.);
#3093 = EDGE_CURVE('',#3086,#3094,#3096,.T.);
#3094 = VERTEX_POINT('',#3095);
#3095 = CARTESIAN_POINT('',(-2.692246443823,13.534836869565,15.));
#3096 = LINE('',#3097,#3098);
#3097 = CARTESIAN_POINT('',(-1.801261452637,13.681939086959,15.));
#3098 = VECTOR('',#3099,1.);
#3099 = DIRECTION('',(-0.986643332085,-0.162895473395,0.));
#3100 = ORIENTED_EDGE('',*,*,#3101,.T.);
#3101 = EDGE_CURVE('',#3094,#3102,#3104,.T.);
#3102 = VERTEX_POINT('',#3103);
#3103 = CARTESIAN_POINT('',(-3.571702822415,13.329776402789,15.));
#3104 = LINE('',#3105,#3106);
#3105 = CARTESIAN_POINT('',(-2.692246443823,13.534836869565,15.));
#3106 = VECTOR('',#3107,1.);
#3107 = DIRECTION('',(-0.973876979277,-0.227076263034,0.));
#3108 = ORIENTED_EDGE('',*,*,#3109,.T.);
#3109 = EDGE_CURVE('',#3102,#3110,#3112,.T.);
#3110 = VERTEX_POINT('',#3111);
#3111 = CARTESIAN_POINT('',(-4.435864621184,13.067635787032,15.));
#3112 = LINE('',#3113,#3114);
#3113 = CARTESIAN_POINT('',(-3.571702822415,13.329776402789,15.));
#3114 = VECTOR('',#3115,1.);
#3115 = DIRECTION('',(-0.956940335732,-0.290284677254,0.));
#3116 = ORIENTED_EDGE('',*,*,#3117,.T.);
#3117 = EDGE_CURVE('',#3110,#3118,#3120,.T.);
#3118 = VERTEX_POINT('',#3119);
#3119 = CARTESIAN_POINT('',(-3.94163935336,9.515959184866,15.));
#3120 = LINE('',#3121,#3122);
#3121 = CARTESIAN_POINT('',(-4.435864621184,13.067635787032,15.));
#3122 = VECTOR('',#3123,1.);
#3123 = DIRECTION('',(0.137824682066,-0.990456640653,0.));
#3124 = ORIENTED_EDGE('',*,*,#3125,.T.);
#3125 = EDGE_CURVE('',#3118,#3126,#3128,.T.);
#3126 = VERTEX_POINT('',#3127);
#3127 = CARTESIAN_POINT('',(-4.555573509256,9.237789237787,15.));
#3128 = LINE('',#3129,#3130);
#3129 = CARTESIAN_POINT('',(-3.94163935336,9.515959184866,15.));
#3130 = VECTOR('',#3131,1.);
#3131 = DIRECTION('',(-0.910863824921,-0.412707029804,0.));
#3132 = ORIENTED_EDGE('',*,*,#3133,.T.);
#3133 = EDGE_CURVE('',#3126,#3134,#3136,.T.);
#3134 = VERTEX_POINT('',#3135);
#3135 = CARTESIAN_POINT('',(-5.15,8.92006165898,15.));
#3136 = LINE('',#3137,#3138);
#3137 = CARTESIAN_POINT('',(-4.555573509256,9.237789237787,15.));
#3138 = VECTOR('',#3139,1.);
#3139 = DIRECTION('',(-0.881921264348,-0.471396736826,0.));
#3140 = ORIENTED_EDGE('',*,*,#3141,.T.);
#3141 = EDGE_CURVE('',#3134,#3142,#3144,.T.);
#3142 = VERTEX_POINT('',#3143);
#3143 = CARTESIAN_POINT('',(-5.722373400102,8.564137006716,15.));
#3144 = LINE('',#3145,#3146);
#3145 = CARTESIAN_POINT('',(-5.15,8.92006165898,15.));
#3146 = VECTOR('',#3147,1.);
#3147 = DIRECTION('',(-0.849202181527,-0.52806785065,0.));
#3148 = ORIENTED_EDGE('',*,*,#3149,.T.);
#3149 = EDGE_CURVE('',#3142,#3150,#3152,.T.);
#3150 = VERTEX_POINT('',#3151);
#3151 = CARTESIAN_POINT('',(-8.40090772032,10.948276096019,15.));
#3152 = LINE('',#3153,#3154);
#3153 = CARTESIAN_POINT('',(-5.722373400102,8.564137006716,15.));
#3154 = VECTOR('',#3155,1.);
#3155 = DIRECTION('',(-0.746963308275,0.664865261606,0.));
#3156 = ORIENTED_EDGE('',*,*,#3157,.T.);
#3157 = EDGE_CURVE('',#3150,#3158,#3160,.T.);
#3158 = VERTEX_POINT('',#3159);
#3159 = CARTESIAN_POINT('',(-9.098972248381,10.37538934321,15.));
#3160 = LINE('',#3161,#3162);
#3161 = CARTESIAN_POINT('',(-8.40090772032,10.948276096019,15.));
#3162 = VECTOR('',#3163,1.);
#3163 = DIRECTION('',(-0.773010453363,-0.634393284164,0.));
#3164 = ORIENTED_EDGE('',*,*,#3165,.T.);
#3165 = EDGE_CURVE('',#3158,#3166,#3168,.T.);
#3166 = VERTEX_POINT('',#3167);
#3167 = CARTESIAN_POINT('',(-9.758073580374,9.758073580374,15.));
#3168 = LINE('',#3169,#3170);
#3169 = CARTESIAN_POINT('',(-9.098972248381,10.37538934321,15.));
#3170 = VECTOR('',#3171,1.);
#3171 = DIRECTION('',(-0.729864072698,-0.683592302023,0.));
#3172 = ORIENTED_EDGE('',*,*,#3173,.T.);
#3173 = EDGE_CURVE('',#3166,#3174,#3176,.T.);
#3174 = VERTEX_POINT('',#3175);
#3175 = CARTESIAN_POINT('',(-10.37538934321,9.098972248381,15.));
#3176 = LINE('',#3177,#3178);
#3177 = CARTESIAN_POINT('',(-9.758073580374,9.758073580374,15.));
#3178 = VECTOR('',#3179,1.);
#3179 = DIRECTION('',(-0.683592302023,-0.729864072698,0.));
#3180 = ORIENTED_EDGE('',*,*,#3181,.T.);
#3181 = EDGE_CURVE('',#3174,#3182,#3184,.T.);
#3182 = VERTEX_POINT('',#3183);
#3183 = CARTESIAN_POINT('',(-8.171539405,6.27024271879,15.));
#3184 = LINE('',#3185,#3186);
#3185 = CARTESIAN_POINT('',(-10.37538934321,9.098972248381,15.));
#3186 = VECTOR('',#3187,1.);
#3187 = DIRECTION('',(0.614587996264,-0.78884827112,0.));
#3188 = ORIENTED_EDGE('',*,*,#3189,.T.);
#3189 = EDGE_CURVE('',#3182,#3190,#3192,.T.);
#3190 = VERTEX_POINT('',#3191);
#3191 = CARTESIAN_POINT('',(-8.564137006716,5.722373400102,15.));
#3192 = LINE('',#3193,#3194);
#3193 = CARTESIAN_POINT('',(-8.171539405,6.27024271879,15.));
#3194 = VECTOR('',#3195,1.);
#3195 = DIRECTION('',(-0.582477696868,-0.812846684592,0.));
#3196 = ORIENTED_EDGE('',*,*,#3197,.T.);
#3197 = EDGE_CURVE('',#3190,#3198,#3200,.T.);
#3198 = VERTEX_POINT('',#3199);
#3199 = CARTESIAN_POINT('',(-8.92006165898,5.15,15.));
#3200 = LINE('',#3201,#3202);
#3201 = CARTESIAN_POINT('',(-8.564137006716,5.722373400102,15.));
#3202 = VECTOR('',#3203,1.);
#3203 = DIRECTION('',(-0.52806785065,-0.849202181527,0.));
#3204 = ORIENTED_EDGE('',*,*,#3205,.T.);
#3205 = EDGE_CURVE('',#3198,#3206,#3208,.T.);
#3206 = VERTEX_POINT('',#3207);
#3207 = CARTESIAN_POINT('',(-9.237789237787,4.555573509256,15.));
#3208 = LINE('',#3209,#3210);
#3209 = CARTESIAN_POINT('',(-8.92006165898,5.15,15.));
#3210 = VECTOR('',#3211,1.);
#3211 = DIRECTION('',(-0.471396736826,-0.881921264348,0.));
#3212 = ORIENTED_EDGE('',*,*,#3213,.T.);
#3213 = EDGE_CURVE('',#3206,#3214,#3216,.T.);
#3214 = VERTEX_POINT('',#3215);
#3215 = CARTESIAN_POINT('',(-12.74953754865,5.281031366638,15.));
#3216 = LINE('',#3217,#3218);
#3217 = CARTESIAN_POINT('',(-9.237789237787,4.555573509256,15.));
#3218 = VECTOR('',#3219,1.);
#3219 = DIRECTION('',(-0.979321831464,0.202308552507,0.));
#3220 = ORIENTED_EDGE('',*,*,#3221,.T.);
#3221 = EDGE_CURVE('',#3214,#3222,#3224,.T.);
#3222 = VERTEX_POINT('',#3223);
#3223 = CARTESIAN_POINT('',(-13.06763578703,4.435864621184,15.));
#3224 = LINE('',#3225,#3226);
#3225 = CARTESIAN_POINT('',(-12.74953754865,5.281031366638,15.));
#3226 = VECTOR('',#3227,1.);
#3227 = DIRECTION('',(-0.352250047921,-0.935905926757,0.));
#3228 = ORIENTED_EDGE('',*,*,#3229,.T.);
#3229 = EDGE_CURVE('',#3222,#3230,#3232,.T.);
#3230 = VERTEX_POINT('',#3231);
#3231 = CARTESIAN_POINT('',(-13.32977640278,3.571702822415,15.));
#3232 = LINE('',#3233,#3234);
#3233 = CARTESIAN_POINT('',(-13.06763578703,4.435864621184,15.));
#3234 = VECTOR('',#3235,1.);
#3235 = DIRECTION('',(-0.290284677254,-0.956940335732,0.));
#3236 = ORIENTED_EDGE('',*,*,#3237,.T.);
#3237 = EDGE_CURVE('',#3230,#3238,#3240,.T.);
#3238 = VERTEX_POINT('',#3239);
#3239 = CARTESIAN_POINT('',(-13.53483686956,2.692246443823,15.));
#3240 = LINE('',#3241,#3242);
#3241 = CARTESIAN_POINT('',(-13.32977640278,3.571702822415,15.));
#3242 = VECTOR('',#3243,1.);
#3243 = DIRECTION('',(-0.227076263034,-0.973876979277,0.));
#3244 = ORIENTED_EDGE('',*,*,#3245,.T.);
#3245 = EDGE_CURVE('',#3238,#3246,#3248,.T.);
#3246 = VERTEX_POINT('',#3247);
#3247 = CARTESIAN_POINT('',(-10.21188207215,1.344419779867,15.));
#3248 = LINE('',#3249,#3250);
#3249 = CARTESIAN_POINT('',(-13.53483686956,2.692246443823,15.));
#3250 = VECTOR('',#3251,1.);
#3251 = DIRECTION('',(0.926672953185,-0.375868644389,0.));
#3252 = ORIENTED_EDGE('',*,*,#3253,.T.);
#3253 = EDGE_CURVE('',#3246,#3254,#3256,.T.);
#3254 = VERTEX_POINT('',#3255);
#3255 = CARTESIAN_POINT('',(-10.27794690935,0.67365223107,15.));
#3256 = LINE('',#3257,#3258);
#3257 = CARTESIAN_POINT('',(-10.21188207215,1.344419779867,15.));
#3258 = VECTOR('',#3259,1.);
#3259 = DIRECTION('',(-9.801714032956E-02,-0.995184726672,0.));
#3260 = ORIENTED_EDGE('',*,*,#3261,.T.);
#3261 = EDGE_CURVE('',#3254,#3262,#3264,.T.);
#3262 = VERTEX_POINT('',#3263);
#3263 = CARTESIAN_POINT('',(-10.3,1.261386203122E-15,15.));
#3264 = LINE('',#3265,#3266);
#3265 = CARTESIAN_POINT('',(-10.27794690935,0.67365223107,15.));
#3266 = VECTOR('',#3267,1.);
#3267 = DIRECTION('',(-3.271908282178E-02,-0.999464587476,0.));
#3268 = ORIENTED_EDGE('',*,*,#3269,.T.);
#3269 = EDGE_CURVE('',#3262,#3270,#3272,.T.);
#3270 = VERTEX_POINT('',#3271);
#3271 = CARTESIAN_POINT('',(-10.27794690935,-0.67365223107,15.));
#3272 = LINE('',#3273,#3274);
#3273 = CARTESIAN_POINT('',(-10.3,1.261386203122E-15,15.));
#3274 = VECTOR('',#3275,1.);
#3275 = DIRECTION('',(3.271908282178E-02,-0.999464587476,0.));
#3276 = ORIENTED_EDGE('',*,*,#3277,.T.);
#3277 = EDGE_CURVE('',#3270,#3278,#3280,.T.);
#3278 = VERTEX_POINT('',#3279);
#3279 = CARTESIAN_POINT('',(-13.68193908695,-1.801261452637,15.));
#3280 = LINE('',#3281,#3282);
#3281 = CARTESIAN_POINT('',(-10.27794690935,-0.67365223107,15.));
#3282 = VECTOR('',#3283,1.);
#3283 = DIRECTION('',(-0.949271860782,-0.314456569858,0.));
#3284 = ORIENTED_EDGE('',*,*,#3285,.T.);
#3285 = EDGE_CURVE('',#3278,#3286,#3288,.T.);
#3286 = VERTEX_POINT('',#3287);
#3287 = CARTESIAN_POINT('',(-13.53483686956,-2.692246443823,15.));
#3288 = LINE('',#3289,#3290);
#3289 = CARTESIAN_POINT('',(-13.68193908695,-1.801261452637,15.));
#3290 = VECTOR('',#3291,1.);
#3291 = DIRECTION('',(0.162895473395,-0.986643332085,0.));
#3292 = ORIENTED_EDGE('',*,*,#3293,.T.);
#3293 = EDGE_CURVE('',#3286,#3294,#3296,.T.);
#3294 = VERTEX_POINT('',#3295);
#3295 = CARTESIAN_POINT('',(-13.32977640278,-3.571702822415,15.));
#3296 = LINE('',#3297,#3298);
#3297 = CARTESIAN_POINT('',(-13.53483686956,-2.692246443823,15.));
#3298 = VECTOR('',#3299,1.);
#3299 = DIRECTION('',(0.227076263034,-0.973876979277,0.));
#3300 = ORIENTED_EDGE('',*,*,#3301,.T.);
#3301 = EDGE_CURVE('',#3294,#3302,#3304,.T.);
#3302 = VERTEX_POINT('',#3303);
#3303 = CARTESIAN_POINT('',(-13.06763578703,-4.435864621184,15.));
#3304 = LINE('',#3305,#3306);
#3305 = CARTESIAN_POINT('',(-13.32977640278,-3.571702822415,15.));
#3306 = VECTOR('',#3307,1.);
#3307 = DIRECTION('',(0.290284677254,-0.956940335732,0.));
#3308 = ORIENTED_EDGE('',*,*,#3309,.T.);
#3309 = EDGE_CURVE('',#3302,#3310,#3312,.T.);
#3310 = VERTEX_POINT('',#3311);
#3311 = CARTESIAN_POINT('',(-9.515959184866,-3.94163935336,15.));
#3312 = LINE('',#3313,#3314);
#3313 = CARTESIAN_POINT('',(-13.06763578703,-4.435864621184,15.));
#3314 = VECTOR('',#3315,1.);
#3315 = DIRECTION('',(0.990456640653,0.137824682066,0.));
#3316 = ORIENTED_EDGE('',*,*,#3317,.T.);
#3317 = EDGE_CURVE('',#3310,#3318,#3320,.T.);
#3318 = VERTEX_POINT('',#3319);
#3319 = CARTESIAN_POINT('',(-9.237789237787,-4.555573509256,15.));
#3320 = LINE('',#3321,#3322);
#3321 = CARTESIAN_POINT('',(-9.515959184866,-3.94163935336,15.));
#3322 = VECTOR('',#3323,1.);
#3323 = DIRECTION('',(0.412707029804,-0.910863824921,0.));
#3324 = ORIENTED_EDGE('',*,*,#3325,.T.);
#3325 = EDGE_CURVE('',#3318,#3326,#3328,.T.);
#3326 = VERTEX_POINT('',#3327);
#3327 = CARTESIAN_POINT('',(-8.92006165898,-5.15,15.));
#3328 = LINE('',#3329,#3330);
#3329 = CARTESIAN_POINT('',(-9.237789237787,-4.555573509256,15.));
#3330 = VECTOR('',#3331,1.);
#3331 = DIRECTION('',(0.471396736826,-0.881921264348,0.));
#3332 = ORIENTED_EDGE('',*,*,#3333,.T.);
#3333 = EDGE_CURVE('',#3326,#3334,#3336,.T.);
#3334 = VERTEX_POINT('',#3335);
#3335 = CARTESIAN_POINT('',(-8.564137006716,-5.722373400102,15.));
#3336 = LINE('',#3337,#3338);
#3337 = CARTESIAN_POINT('',(-8.92006165898,-5.15,15.));
#3338 = VECTOR('',#3339,1.);
#3339 = DIRECTION('',(0.52806785065,-0.849202181527,0.));
#3340 = ORIENTED_EDGE('',*,*,#3341,.T.);
#3341 = EDGE_CURVE('',#3334,#3342,#3344,.T.);
#3342 = VERTEX_POINT('',#3343);
#3343 = CARTESIAN_POINT('',(-10.94827609601,-8.40090772032,15.));
#3344 = LINE('',#3345,#3346);
#3345 = CARTESIAN_POINT('',(-8.564137006716,-5.722373400102,15.));
#3346 = VECTOR('',#3347,1.);
#3347 = DIRECTION('',(-0.664865261606,-0.746963308275,0.));
#3348 = ORIENTED_EDGE('',*,*,#3349,.T.);
#3349 = EDGE_CURVE('',#3342,#3350,#3352,.T.);
#3350 = VERTEX_POINT('',#3351);
#3351 = CARTESIAN_POINT('',(-10.37538934321,-9.098972248381,15.));
#3352 = LINE('',#3353,#3354);
#3353 = CARTESIAN_POINT('',(-10.94827609601,-8.40090772032,15.));
#3354 = VECTOR('',#3355,1.);
#3355 = DIRECTION('',(0.634393284164,-0.773010453363,0.));
#3356 = ORIENTED_EDGE('',*,*,#3357,.T.);
#3357 = EDGE_CURVE('',#3350,#3358,#3360,.T.);
#3358 = VERTEX_POINT('',#3359);
#3359 = CARTESIAN_POINT('',(-9.758073580374,-9.758073580374,15.));
#3360 = LINE('',#3361,#3362);
#3361 = CARTESIAN_POINT('',(-10.37538934321,-9.098972248381,15.));
#3362 = VECTOR('',#3363,1.);
#3363 = DIRECTION('',(0.683592302023,-0.729864072698,0.));
#3364 = ORIENTED_EDGE('',*,*,#3365,.T.);
#3365 = EDGE_CURVE('',#3358,#3366,#3368,.T.);
#3366 = VERTEX_POINT('',#3367);
#3367 = CARTESIAN_POINT('',(-9.098972248381,-10.37538934321,15.));
#3368 = LINE('',#3369,#3370);
#3369 = CARTESIAN_POINT('',(-9.758073580374,-9.758073580374,15.));
#3370 = VECTOR('',#3371,1.);
#3371 = DIRECTION('',(0.729864072698,-0.683592302023,0.));
#3372 = ORIENTED_EDGE('',*,*,#3373,.T.);
#3373 = EDGE_CURVE('',#3366,#3374,#3376,.T.);
#3374 = VERTEX_POINT('',#3375);
#3375 = CARTESIAN_POINT('',(-6.27024271879,-8.171539405,15.));
#3376 = LINE('',#3377,#3378);
#3377 = CARTESIAN_POINT('',(-9.098972248381,-10.37538934321,15.));
#3378 = VECTOR('',#3379,1.);
#3379 = DIRECTION('',(0.78884827112,0.614587996264,0.));
#3380 = ORIENTED_EDGE('',*,*,#3381,.T.);
#3381 = EDGE_CURVE('',#3374,#3382,#3384,.T.);
#3382 = VERTEX_POINT('',#3383);
#3383 = CARTESIAN_POINT('',(-5.722373400102,-8.564137006716,15.));
#3384 = LINE('',#3385,#3386);
#3385 = CARTESIAN_POINT('',(-6.27024271879,-8.171539405,15.));
#3386 = VECTOR('',#3387,1.);
#3387 = DIRECTION('',(0.812846684592,-0.582477696868,0.));
#3388 = ORIENTED_EDGE('',*,*,#3389,.T.);
#3389 = EDGE_CURVE('',#3382,#3390,#3392,.T.);
#3390 = VERTEX_POINT('',#3391);
#3391 = CARTESIAN_POINT('',(-5.15,-8.92006165898,15.));
#3392 = LINE('',#3393,#3394);
#3393 = CARTESIAN_POINT('',(-5.722373400102,-8.564137006716,15.));
#3394 = VECTOR('',#3395,1.);
#3395 = DIRECTION('',(0.849202181527,-0.52806785065,0.));
#3396 = ORIENTED_EDGE('',*,*,#3397,.T.);
#3397 = EDGE_CURVE('',#3390,#3398,#3400,.T.);
#3398 = VERTEX_POINT('',#3399);
#3399 = CARTESIAN_POINT('',(-4.555573509256,-9.237789237787,15.));
#3400 = LINE('',#3401,#3402);
#3401 = CARTESIAN_POINT('',(-5.15,-8.92006165898,15.));
#3402 = VECTOR('',#3403,1.);
#3403 = DIRECTION('',(0.881921264348,-0.471396736826,0.));
#3404 = ORIENTED_EDGE('',*,*,#3405,.T.);
#3405 = EDGE_CURVE('',#3398,#3406,#3408,.T.);
#3406 = VERTEX_POINT('',#3407);
#3407 = CARTESIAN_POINT('',(-5.281031366638,-12.74953754865,15.));
#3408 = LINE('',#3409,#3410);
#3409 = CARTESIAN_POINT('',(-4.555573509256,-9.237789237787,15.));
#3410 = VECTOR('',#3411,1.);
#3411 = DIRECTION('',(-0.202308552507,-0.979321831464,0.));
#3412 = ORIENTED_EDGE('',*,*,#3413,.T.);
#3413 = EDGE_CURVE('',#3406,#3414,#3416,.T.);
#3414 = VERTEX_POINT('',#3415);
#3415 = CARTESIAN_POINT('',(-4.435864621184,-13.06763578703,15.));
#3416 = LINE('',#3417,#3418);
#3417 = CARTESIAN_POINT('',(-5.281031366638,-12.74953754865,15.));
#3418 = VECTOR('',#3419,1.);
#3419 = DIRECTION('',(0.935905926757,-0.352250047921,0.));
#3420 = ORIENTED_EDGE('',*,*,#3421,.T.);
#3421 = EDGE_CURVE('',#3414,#3422,#3424,.T.);
#3422 = VERTEX_POINT('',#3423);
#3423 = CARTESIAN_POINT('',(-3.571702822415,-13.32977640278,15.));
#3424 = LINE('',#3425,#3426);
#3425 = CARTESIAN_POINT('',(-4.435864621184,-13.06763578703,15.));
#3426 = VECTOR('',#3427,1.);
#3427 = DIRECTION('',(0.956940335732,-0.290284677254,0.));
#3428 = ORIENTED_EDGE('',*,*,#3429,.T.);
#3429 = EDGE_CURVE('',#3422,#3430,#3432,.T.);
#3430 = VERTEX_POINT('',#3431);
#3431 = CARTESIAN_POINT('',(-2.692246443823,-13.53483686956,15.));
#3432 = LINE('',#3433,#3434);
#3433 = CARTESIAN_POINT('',(-3.571702822415,-13.32977640278,15.));
#3434 = VECTOR('',#3435,1.);
#3435 = DIRECTION('',(0.973876979277,-0.227076263034,0.));
#3436 = ORIENTED_EDGE('',*,*,#3437,.T.);
#3437 = EDGE_CURVE('',#3430,#3438,#3440,.T.);
#3438 = VERTEX_POINT('',#3439);
#3439 = CARTESIAN_POINT('',(-1.344419779867,-10.21188207215,15.));
#3440 = LINE('',#3441,#3442);
#3441 = CARTESIAN_POINT('',(-2.692246443823,-13.53483686956,15.));
#3442 = VECTOR('',#3443,1.);
#3443 = DIRECTION('',(0.375868644389,0.926672953185,0.));
#3444 = ORIENTED_EDGE('',*,*,#3445,.T.);
#3445 = EDGE_CURVE('',#3438,#3446,#3448,.T.);
#3446 = VERTEX_POINT('',#3447);
#3447 = CARTESIAN_POINT('',(-0.67365223107,-10.27794690935,15.));
#3448 = LINE('',#3449,#3450);
#3449 = CARTESIAN_POINT('',(-1.344419779867,-10.21188207215,15.));
#3450 = VECTOR('',#3451,1.);
#3451 = DIRECTION('',(0.995184726672,-9.801714032956E-02,0.));
#3452 = ORIENTED_EDGE('',*,*,#3453,.T.);
#3453 = EDGE_CURVE('',#3446,#3454,#3456,.T.);
#3454 = VERTEX_POINT('',#3455);
#3455 = CARTESIAN_POINT('',(-1.892079304683E-15,-10.3,15.));
#3456 = LINE('',#3457,#3458);
#3457 = CARTESIAN_POINT('',(-0.67365223107,-10.27794690935,15.));
#3458 = VECTOR('',#3459,1.);
#3459 = DIRECTION('',(0.999464587476,-3.271908282178E-02,0.));
#3460 = ORIENTED_EDGE('',*,*,#3461,.T.);
#3461 = EDGE_CURVE('',#3454,#3462,#3464,.T.);
#3462 = VERTEX_POINT('',#3463);
#3463 = CARTESIAN_POINT('',(0.67365223107,-10.27794690935,15.));
#3464 = LINE('',#3465,#3466);
#3465 = CARTESIAN_POINT('',(-1.892079304683E-15,-10.3,15.));
#3466 = VECTOR('',#3467,1.);
#3467 = DIRECTION('',(0.999464587476,3.271908282177E-02,0.));
#3468 = ORIENTED_EDGE('',*,*,#3469,.T.);
#3469 = EDGE_CURVE('',#3462,#3470,#3472,.T.);
#3470 = VERTEX_POINT('',#3471);
#3471 = CARTESIAN_POINT('',(1.801261452637,-13.68193908695,15.));
#3472 = LINE('',#3473,#3474);
#3473 = CARTESIAN_POINT('',(0.67365223107,-10.27794690935,15.));
#3474 = VECTOR('',#3475,1.);
#3475 = DIRECTION('',(0.314456569858,-0.949271860782,0.));
#3476 = ORIENTED_EDGE('',*,*,#3477,.T.);
#3477 = EDGE_CURVE('',#3470,#3478,#3480,.T.);
#3478 = VERTEX_POINT('',#3479);
#3479 = CARTESIAN_POINT('',(2.692246443823,-13.53483686956,15.));
#3480 = LINE('',#3481,#3482);
#3481 = CARTESIAN_POINT('',(1.801261452637,-13.68193908695,15.));
#3482 = VECTOR('',#3483,1.);
#3483 = DIRECTION('',(0.986643332085,0.162895473395,0.));
#3484 = ORIENTED_EDGE('',*,*,#3485,.T.);
#3485 = EDGE_CURVE('',#3478,#3486,#3488,.T.);
#3486 = VERTEX_POINT('',#3487);
#3487 = CARTESIAN_POINT('',(3.571702822415,-13.32977640278,15.));
#3488 = LINE('',#3489,#3490);
#3489 = CARTESIAN_POINT('',(2.692246443823,-13.53483686956,15.));
#3490 = VECTOR('',#3491,1.);
#3491 = DIRECTION('',(0.973876979277,0.227076263034,0.));
#3492 = ORIENTED_EDGE('',*,*,#3493,.T.);
#3493 = EDGE_CURVE('',#3486,#3494,#3496,.T.);
#3494 = VERTEX_POINT('',#3495);
#3495 = CARTESIAN_POINT('',(4.435864621184,-13.06763578703,15.));
#3496 = LINE('',#3497,#3498);
#3497 = CARTESIAN_POINT('',(3.571702822415,-13.32977640278,15.));
#3498 = VECTOR('',#3499,1.);
#3499 = DIRECTION('',(0.956940335732,0.290284677254,0.));
#3500 = ORIENTED_EDGE('',*,*,#3501,.T.);
#3501 = EDGE_CURVE('',#3494,#3502,#3504,.T.);
#3502 = VERTEX_POINT('',#3503);
#3503 = CARTESIAN_POINT('',(3.94163935336,-9.515959184866,15.));
#3504 = LINE('',#3505,#3506);
#3505 = CARTESIAN_POINT('',(4.435864621184,-13.06763578703,15.));
#3506 = VECTOR('',#3507,1.);
#3507 = DIRECTION('',(-0.137824682066,0.990456640653,0.));
#3508 = ORIENTED_EDGE('',*,*,#3509,.T.);
#3509 = EDGE_CURVE('',#3502,#3510,#3512,.T.);
#3510 = VERTEX_POINT('',#3511);
#3511 = CARTESIAN_POINT('',(4.555573509256,-9.237789237787,15.));
#3512 = LINE('',#3513,#3514);
#3513 = CARTESIAN_POINT('',(3.94163935336,-9.515959184866,15.));
#3514 = VECTOR('',#3515,1.);
#3515 = DIRECTION('',(0.910863824921,0.412707029804,0.));
#3516 = ORIENTED_EDGE('',*,*,#3517,.T.);
#3517 = EDGE_CURVE('',#3510,#3518,#3520,.T.);
#3518 = VERTEX_POINT('',#3519);
#3519 = CARTESIAN_POINT('',(5.15,-8.92006165898,15.));
#3520 = LINE('',#3521,#3522);
#3521 = CARTESIAN_POINT('',(4.555573509256,-9.237789237787,15.));
#3522 = VECTOR('',#3523,1.);
#3523 = DIRECTION('',(0.881921264348,0.471396736826,0.));
#3524 = ORIENTED_EDGE('',*,*,#3525,.T.);
#3525 = EDGE_CURVE('',#3518,#3526,#3528,.T.);
#3526 = VERTEX_POINT('',#3527);
#3527 = CARTESIAN_POINT('',(5.722373400102,-8.564137006716,15.));
#3528 = LINE('',#3529,#3530);
#3529 = CARTESIAN_POINT('',(5.15,-8.92006165898,15.));
#3530 = VECTOR('',#3531,1.);
#3531 = DIRECTION('',(0.849202181527,0.52806785065,0.));
#3532 = ORIENTED_EDGE('',*,*,#3533,.T.);
#3533 = EDGE_CURVE('',#3526,#3534,#3536,.T.);
#3534 = VERTEX_POINT('',#3535);
#3535 = CARTESIAN_POINT('',(8.40090772032,-10.94827609601,15.));
#3536 = LINE('',#3537,#3538);
#3537 = CARTESIAN_POINT('',(5.722373400102,-8.564137006716,15.));
#3538 = VECTOR('',#3539,1.);
#3539 = DIRECTION('',(0.746963308275,-0.664865261606,0.));
#3540 = ORIENTED_EDGE('',*,*,#3541,.T.);
#3541 = EDGE_CURVE('',#3534,#3542,#3544,.T.);
#3542 = VERTEX_POINT('',#3543);
#3543 = CARTESIAN_POINT('',(9.098972248381,-10.37538934321,15.));
#3544 = LINE('',#3545,#3546);
#3545 = CARTESIAN_POINT('',(8.40090772032,-10.94827609601,15.));
#3546 = VECTOR('',#3547,1.);
#3547 = DIRECTION('',(0.773010453363,0.634393284164,0.));
#3548 = ORIENTED_EDGE('',*,*,#3549,.T.);
#3549 = EDGE_CURVE('',#3542,#3550,#3552,.T.);
#3550 = VERTEX_POINT('',#3551);
#3551 = CARTESIAN_POINT('',(9.758073580374,-9.758073580374,15.));
#3552 = LINE('',#3553,#3554);
#3553 = CARTESIAN_POINT('',(9.098972248381,-10.37538934321,15.));
#3554 = VECTOR('',#3555,1.);
#3555 = DIRECTION('',(0.729864072698,0.683592302023,0.));
#3556 = ORIENTED_EDGE('',*,*,#3557,.T.);
#3557 = EDGE_CURVE('',#3550,#3558,#3560,.T.);
#3558 = VERTEX_POINT('',#3559);
#3559 = CARTESIAN_POINT('',(10.37538934321,-9.098972248381,15.));
#3560 = LINE('',#3561,#3562);
#3561 = CARTESIAN_POINT('',(9.758073580374,-9.758073580374,15.));
#3562 = VECTOR('',#3563,1.);
#3563 = DIRECTION('',(0.683592302023,0.729864072698,0.));
#3564 = ORIENTED_EDGE('',*,*,#3565,.T.);
#3565 = EDGE_CURVE('',#3558,#3566,#3568,.T.);
#3566 = VERTEX_POINT('',#3567);
#3567 = CARTESIAN_POINT('',(8.171539405,-6.27024271879,15.));
#3568 = LINE('',#3569,#3570);
#3569 = CARTESIAN_POINT('',(10.37538934321,-9.098972248381,15.));
#3570 = VECTOR('',#3571,1.);
#3571 = DIRECTION('',(-0.614587996264,0.78884827112,0.));
#3572 = ORIENTED_EDGE('',*,*,#3573,.T.);
#3573 = EDGE_CURVE('',#3566,#3574,#3576,.T.);
#3574 = VERTEX_POINT('',#3575);
#3575 = CARTESIAN_POINT('',(8.564137006716,-5.722373400102,15.));
#3576 = LINE('',#3577,#3578);
#3577 = CARTESIAN_POINT('',(8.171539405,-6.27024271879,15.));
#3578 = VECTOR('',#3579,1.);
#3579 = DIRECTION('',(0.582477696868,0.812846684592,0.));
#3580 = ORIENTED_EDGE('',*,*,#3581,.T.);
#3581 = EDGE_CURVE('',#3574,#3582,#3584,.T.);
#3582 = VERTEX_POINT('',#3583);
#3583 = CARTESIAN_POINT('',(8.92006165898,-5.15,15.));
#3584 = LINE('',#3585,#3586);
#3585 = CARTESIAN_POINT('',(8.564137006716,-5.722373400102,15.));
#3586 = VECTOR('',#3587,1.);
#3587 = DIRECTION('',(0.52806785065,0.849202181527,0.));
#3588 = ORIENTED_EDGE('',*,*,#3589,.T.);
#3589 = EDGE_CURVE('',#3582,#3590,#3592,.T.);
#3590 = VERTEX_POINT('',#3591);
#3591 = CARTESIAN_POINT('',(9.237789237787,-4.555573509256,15.));
#3592 = LINE('',#3593,#3594);
#3593 = CARTESIAN_POINT('',(8.92006165898,-5.15,15.));
#3594 = VECTOR('',#3595,1.);
#3595 = DIRECTION('',(0.471396736826,0.881921264348,0.));
#3596 = ORIENTED_EDGE('',*,*,#3597,.T.);
#3597 = EDGE_CURVE('',#3590,#3598,#3600,.T.);
#3598 = VERTEX_POINT('',#3599);
#3599 = CARTESIAN_POINT('',(12.749537548656,-5.281031366638,15.));
#3600 = LINE('',#3601,#3602);
#3601 = CARTESIAN_POINT('',(9.237789237787,-4.555573509256,15.));
#3602 = VECTOR('',#3603,1.);
#3603 = DIRECTION('',(0.979321831464,-0.202308552507,0.));
#3604 = ORIENTED_EDGE('',*,*,#3605,.T.);
#3605 = EDGE_CURVE('',#3598,#3606,#3608,.T.);
#3606 = VERTEX_POINT('',#3607);
#3607 = CARTESIAN_POINT('',(13.067635787032,-4.435864621184,15.));
#3608 = LINE('',#3609,#3610);
#3609 = CARTESIAN_POINT('',(12.749537548656,-5.281031366638,15.));
#3610 = VECTOR('',#3611,1.);
#3611 = DIRECTION('',(0.352250047921,0.935905926757,0.));
#3612 = ORIENTED_EDGE('',*,*,#3613,.T.);
#3613 = EDGE_CURVE('',#3606,#3614,#3616,.T.);
#3614 = VERTEX_POINT('',#3615);
#3615 = CARTESIAN_POINT('',(13.329776402789,-3.571702822415,15.));
#3616 = LINE('',#3617,#3618);
#3617 = CARTESIAN_POINT('',(13.067635787032,-4.435864621184,15.));
#3618 = VECTOR('',#3619,1.);
#3619 = DIRECTION('',(0.290284677254,0.956940335732,0.));
#3620 = ORIENTED_EDGE('',*,*,#3621,.T.);
#3621 = EDGE_CURVE('',#3614,#3622,#3624,.T.);
#3622 = VERTEX_POINT('',#3623);
#3623 = CARTESIAN_POINT('',(13.534836869565,-2.692246443823,15.));
#3624 = LINE('',#3625,#3626);
#3625 = CARTESIAN_POINT('',(13.329776402789,-3.571702822415,15.));
#3626 = VECTOR('',#3627,1.);
#3627 = DIRECTION('',(0.227076263034,0.973876979277,0.));
#3628 = ORIENTED_EDGE('',*,*,#3629,.T.);
#3629 = EDGE_CURVE('',#3622,#3630,#3632,.T.);
#3630 = VERTEX_POINT('',#3631);
#3631 = CARTESIAN_POINT('',(10.21188207215,-1.344419779867,15.));
#3632 = LINE('',#3633,#3634);
#3633 = CARTESIAN_POINT('',(13.534836869565,-2.692246443823,15.));
#3634 = VECTOR('',#3635,1.);
#3635 = DIRECTION('',(-0.926672953185,0.375868644389,0.));
#3636 = ORIENTED_EDGE('',*,*,#3637,.T.);
#3637 = EDGE_CURVE('',#3630,#2076,#3638,.T.);
#3638 = LINE('',#3639,#3640);
#3639 = CARTESIAN_POINT('',(10.21188207215,-1.344419779867,15.));
#3640 = VECTOR('',#3641,1.);
#3641 = DIRECTION('',(9.801714032956E-02,0.995184726672,0.));
#3642 = ORIENTED_EDGE('',*,*,#2083,.T.);
#3643 = FACE_BOUND('',#3644,.T.);
#3644 = EDGE_LOOP('',(#3645));
#3645 = ORIENTED_EDGE('',*,*,#3646,.F.);
#3646 = EDGE_CURVE('',#3647,#3647,#3649,.T.);
#3647 = VERTEX_POINT('',#3648);
#3648 = CARTESIAN_POINT('',(3.05,-7.470345474799E-16,15.));
#3649 = CIRCLE('',#3650,3.05);
#3650 = AXIS2_PLACEMENT_3D('',#3651,#3652,#3653);
#3651 = CARTESIAN_POINT('',(0.,0.,15.));
#3652 = DIRECTION('',(0.,0.,1.));
#3653 = DIRECTION('',(1.,0.,0.));
#3654 = PLANE('',#3655);
#3655 = AXIS2_PLACEMENT_3D('',#3656,#3657,#3658);
#3656 = CARTESIAN_POINT('',(5.223272853901E-16,1.179122755858E-15,15.));
#3657 = DIRECTION('',(0.,0.,1.));
#3658 = DIRECTION('',(1.,0.,0.));
#3659 = ADVANCED_FACE('',(#3660),#3671,.F.);
#3660 = FACE_BOUND('',#3661,.F.);
#3661 = EDGE_LOOP('',(#3662,#3668,#3669,#3670));
#3662 = ORIENTED_EDGE('',*,*,#3663,.T.);
#3663 = EDGE_CURVE('',#2866,#3630,#3664,.T.);
#3664 = LINE('',#3665,#3666);
#3665 = CARTESIAN_POINT('',(10.21188207215,-1.344419779867,7.));
#3666 = VECTOR('',#3667,1.);
#3667 = DIRECTION('',(0.,0.,1.));
#3668 = ORIENTED_EDGE('',*,*,#3637,.T.);
#3669 = ORIENTED_EDGE('',*,*,#2073,.F.);
#3670 = ORIENTED_EDGE('',*,*,#2873,.F.);
#3671 = PLANE('',#3672);
#3672 = AXIS2_PLACEMENT_3D('',#3673,#3674,#3675);
#3673 = CARTESIAN_POINT('',(10.21188207215,-1.344419779867,7.));
#3674 = DIRECTION('',(-0.995184726672,9.801714032956E-02,0.));
#3675 = DIRECTION('',(9.801714032956E-02,0.995184726672,0.));
#3676 = ADVANCED_FACE('',(#3677),#3688,.F.);
#3677 = FACE_BOUND('',#3678,.F.);
#3678 = EDGE_LOOP('',(#3679,#3680,#3681,#3687));
#3679 = ORIENTED_EDGE('',*,*,#2113,.T.);
#3680 = ORIENTED_EDGE('',*,*,#2901,.T.);
#3681 = ORIENTED_EDGE('',*,*,#3682,.F.);
#3682 = EDGE_CURVE('',#2138,#2902,#3683,.T.);
#3683 = LINE('',#3684,#3685);
#3684 = CARTESIAN_POINT('',(13.534836869565,2.692246443823,7.));
#3685 = VECTOR('',#3686,1.);
#3686 = DIRECTION('',(0.,0.,1.));
#3687 = ORIENTED_EDGE('',*,*,#2137,.F.);
#3688 = PLANE('',#3689);
#3689 = AXIS2_PLACEMENT_3D('',#3690,#3691,#3692);
#3690 = CARTESIAN_POINT('',(13.681939086959,1.801261452637,7.));
#3691 = DIRECTION('',(-0.986643332085,-0.162895473395,0.));
#3692 = DIRECTION('',(-0.162895473395,0.986643332085,0.));
#3693 = ADVANCED_FACE('',(#3694),#3705,.F.);
#3694 = FACE_BOUND('',#3695,.F.);
#3695 = EDGE_LOOP('',(#3696,#3702,#3703,#3704));
#3696 = ORIENTED_EDGE('',*,*,#3697,.T.);
#3697 = EDGE_CURVE('',#2858,#3622,#3698,.T.);
#3698 = LINE('',#3699,#3700);
#3699 = CARTESIAN_POINT('',(13.534836869565,-2.692246443823,7.));
#3700 = VECTOR('',#3701,1.);
#3701 = DIRECTION('',(0.,0.,1.));
#3702 = ORIENTED_EDGE('',*,*,#3629,.T.);
#3703 = ORIENTED_EDGE('',*,*,#3663,.F.);
#3704 = ORIENTED_EDGE('',*,*,#2865,.F.);
#3705 = PLANE('',#3706);
#3706 = AXIS2_PLACEMENT_3D('',#3707,#3708,#3709);
#3707 = CARTESIAN_POINT('',(13.534836869565,-2.692246443823,7.));
#3708 = DIRECTION('',(-0.375868644389,-0.926672953185,0.));
#3709 = DIRECTION('',(-0.926672953185,0.375868644389,0.));
#3710 = ADVANCED_FACE('',(#3711),#3722,.F.);
#3711 = FACE_BOUND('',#3712,.F.);
#3712 = EDGE_LOOP('',(#3713,#3714,#3715,#3721));
#3713 = ORIENTED_EDGE('',*,*,#3682,.T.);
#3714 = ORIENTED_EDGE('',*,*,#2909,.T.);
#3715 = ORIENTED_EDGE('',*,*,#3716,.F.);
#3716 = EDGE_CURVE('',#2146,#2910,#3717,.T.);
#3717 = LINE('',#3718,#3719);
#3718 = CARTESIAN_POINT('',(13.329776402789,3.571702822415,7.));
#3719 = VECTOR('',#3720,1.);
#3720 = DIRECTION('',(0.,0.,1.));
#3721 = ORIENTED_EDGE('',*,*,#2145,.F.);
#3722 = PLANE('',#3723);
#3723 = AXIS2_PLACEMENT_3D('',#3724,#3725,#3726);
#3724 = CARTESIAN_POINT('',(13.534836869565,2.692246443823,7.));
#3725 = DIRECTION('',(-0.973876979277,-0.227076263034,0.));
#3726 = DIRECTION('',(-0.227076263034,0.973876979277,0.));
#3727 = ADVANCED_FACE('',(#3728),#3739,.F.);
#3728 = FACE_BOUND('',#3729,.F.);
#3729 = EDGE_LOOP('',(#3730,#3736,#3737,#3738));
#3730 = ORIENTED_EDGE('',*,*,#3731,.T.);
#3731 = EDGE_CURVE('',#2850,#3614,#3732,.T.);
#3732 = LINE('',#3733,#3734);
#3733 = CARTESIAN_POINT('',(13.329776402789,-3.571702822415,7.));
#3734 = VECTOR('',#3735,1.);
#3735 = DIRECTION('',(0.,0.,1.));
#3736 = ORIENTED_EDGE('',*,*,#3621,.T.);
#3737 = ORIENTED_EDGE('',*,*,#3697,.F.);
#3738 = ORIENTED_EDGE('',*,*,#2857,.F.);
#3739 = PLANE('',#3740);
#3740 = AXIS2_PLACEMENT_3D('',#3741,#3742,#3743);
#3741 = CARTESIAN_POINT('',(13.329776402789,-3.571702822415,7.));
#3742 = DIRECTION('',(-0.973876979277,0.227076263034,0.));
#3743 = DIRECTION('',(0.227076263034,0.973876979277,0.));
#3744 = ADVANCED_FACE('',(#3745),#3756,.F.);
#3745 = FACE_BOUND('',#3746,.F.);
#3746 = EDGE_LOOP('',(#3747,#3748,#3749,#3755));
#3747 = ORIENTED_EDGE('',*,*,#3716,.T.);
#3748 = ORIENTED_EDGE('',*,*,#2917,.T.);
#3749 = ORIENTED_EDGE('',*,*,#3750,.F.);
#3750 = EDGE_CURVE('',#2154,#2918,#3751,.T.);
#3751 = LINE('',#3752,#3753);
#3752 = CARTESIAN_POINT('',(13.067635787032,4.435864621184,7.));
#3753 = VECTOR('',#3754,1.);
#3754 = DIRECTION('',(0.,0.,1.));
#3755 = ORIENTED_EDGE('',*,*,#2153,.F.);
#3756 = PLANE('',#3757);
#3757 = AXIS2_PLACEMENT_3D('',#3758,#3759,#3760);
#3758 = CARTESIAN_POINT('',(13.329776402789,3.571702822415,7.));
#3759 = DIRECTION('',(-0.956940335732,-0.290284677254,0.));
#3760 = DIRECTION('',(-0.290284677254,0.956940335732,0.));
#3761 = ADVANCED_FACE('',(#3762),#3773,.F.);
#3762 = FACE_BOUND('',#3763,.F.);
#3763 = EDGE_LOOP('',(#3764,#3770,#3771,#3772));
#3764 = ORIENTED_EDGE('',*,*,#3765,.T.);
#3765 = EDGE_CURVE('',#2842,#3606,#3766,.T.);
#3766 = LINE('',#3767,#3768);
#3767 = CARTESIAN_POINT('',(13.067635787032,-4.435864621184,7.));
#3768 = VECTOR('',#3769,1.);
#3769 = DIRECTION('',(0.,0.,1.));
#3770 = ORIENTED_EDGE('',*,*,#3613,.T.);
#3771 = ORIENTED_EDGE('',*,*,#3731,.F.);
#3772 = ORIENTED_EDGE('',*,*,#2849,.F.);
#3773 = PLANE('',#3774);
#3774 = AXIS2_PLACEMENT_3D('',#3775,#3776,#3777);
#3775 = CARTESIAN_POINT('',(13.067635787032,-4.435864621184,7.));
#3776 = DIRECTION('',(-0.956940335732,0.290284677254,0.));
#3777 = DIRECTION('',(0.290284677254,0.956940335732,0.));
#3778 = ADVANCED_FACE('',(#3779),#3790,.F.);
#3779 = FACE_BOUND('',#3780,.F.);
#3780 = EDGE_LOOP('',(#3781,#3782,#3783,#3789));
#3781 = ORIENTED_EDGE('',*,*,#3750,.T.);
#3782 = ORIENTED_EDGE('',*,*,#2925,.T.);
#3783 = ORIENTED_EDGE('',*,*,#3784,.F.);
#3784 = EDGE_CURVE('',#2162,#2926,#3785,.T.);
#3785 = LINE('',#3786,#3787);
#3786 = CARTESIAN_POINT('',(9.515959184866,3.94163935336,7.));
#3787 = VECTOR('',#3788,1.);
#3788 = DIRECTION('',(0.,0.,1.));
#3789 = ORIENTED_EDGE('',*,*,#2161,.F.);
#3790 = PLANE('',#3791);
#3791 = AXIS2_PLACEMENT_3D('',#3792,#3793,#3794);
#3792 = CARTESIAN_POINT('',(13.067635787032,4.435864621184,7.));
#3793 = DIRECTION('',(0.137824682066,-0.990456640653,0.));
#3794 = DIRECTION('',(-0.990456640653,-0.137824682066,0.));
#3795 = ADVANCED_FACE('',(#3796),#3807,.F.);
#3796 = FACE_BOUND('',#3797,.F.);
#3797 = EDGE_LOOP('',(#3798,#3804,#3805,#3806));
#3798 = ORIENTED_EDGE('',*,*,#3799,.T.);
#3799 = EDGE_CURVE('',#2834,#3598,#3800,.T.);
#3800 = LINE('',#3801,#3802);
#3801 = CARTESIAN_POINT('',(12.749537548656,-5.281031366638,7.));
#3802 = VECTOR('',#3803,1.);
#3803 = DIRECTION('',(0.,0.,1.));
#3804 = ORIENTED_EDGE('',*,*,#3605,.T.);
#3805 = ORIENTED_EDGE('',*,*,#3765,.F.);
#3806 = ORIENTED_EDGE('',*,*,#2841,.F.);
#3807 = PLANE('',#3808);
#3808 = AXIS2_PLACEMENT_3D('',#3809,#3810,#3811);
#3809 = CARTESIAN_POINT('',(12.749537548656,-5.281031366638,7.));
#3810 = DIRECTION('',(-0.935905926757,0.352250047921,0.));
#3811 = DIRECTION('',(0.352250047921,0.935905926757,0.));
#3812 = ADVANCED_FACE('',(#3813),#3824,.F.);
#3813 = FACE_BOUND('',#3814,.F.);
#3814 = EDGE_LOOP('',(#3815,#3816,#3817,#3823));
#3815 = ORIENTED_EDGE('',*,*,#3784,.T.);
#3816 = ORIENTED_EDGE('',*,*,#2933,.T.);
#3817 = ORIENTED_EDGE('',*,*,#3818,.F.);
#3818 = EDGE_CURVE('',#2170,#2934,#3819,.T.);
#3819 = LINE('',#3820,#3821);
#3820 = CARTESIAN_POINT('',(9.237789237787,4.555573509256,7.));
#3821 = VECTOR('',#3822,1.);
#3822 = DIRECTION('',(0.,0.,1.));
#3823 = ORIENTED_EDGE('',*,*,#2169,.F.);
#3824 = PLANE('',#3825);
#3825 = AXIS2_PLACEMENT_3D('',#3826,#3827,#3828);
#3826 = CARTESIAN_POINT('',(9.515959184866,3.94163935336,7.));
#3827 = DIRECTION('',(-0.910863824921,-0.412707029804,0.));
#3828 = DIRECTION('',(-0.412707029804,0.910863824921,0.));
#3829 = ADVANCED_FACE('',(#3830),#3841,.F.);
#3830 = FACE_BOUND('',#3831,.F.);
#3831 = EDGE_LOOP('',(#3832,#3838,#3839,#3840));
#3832 = ORIENTED_EDGE('',*,*,#3833,.T.);
#3833 = EDGE_CURVE('',#2826,#3590,#3834,.T.);
#3834 = LINE('',#3835,#3836);
#3835 = CARTESIAN_POINT('',(9.237789237787,-4.555573509256,7.));
#3836 = VECTOR('',#3837,1.);
#3837 = DIRECTION('',(0.,0.,1.));
#3838 = ORIENTED_EDGE('',*,*,#3597,.T.);
#3839 = ORIENTED_EDGE('',*,*,#3799,.F.);
#3840 = ORIENTED_EDGE('',*,*,#2833,.F.);
#3841 = PLANE('',#3842);
#3842 = AXIS2_PLACEMENT_3D('',#3843,#3844,#3845);
#3843 = CARTESIAN_POINT('',(9.237789237787,-4.555573509256,7.));
#3844 = DIRECTION('',(0.202308552507,0.979321831464,0.));
#3845 = DIRECTION('',(0.979321831464,-0.202308552507,0.));
#3846 = ADVANCED_FACE('',(#3847),#3858,.F.);
#3847 = FACE_BOUND('',#3848,.F.);
#3848 = EDGE_LOOP('',(#3849,#3850,#3851,#3857));
#3849 = ORIENTED_EDGE('',*,*,#3818,.T.);
#3850 = ORIENTED_EDGE('',*,*,#2941,.T.);
#3851 = ORIENTED_EDGE('',*,*,#3852,.F.);
#3852 = EDGE_CURVE('',#2178,#2942,#3853,.T.);
#3853 = LINE('',#3854,#3855);
#3854 = CARTESIAN_POINT('',(8.92006165898,5.15,7.));
#3855 = VECTOR('',#3856,1.);
#3856 = DIRECTION('',(0.,0.,1.));
#3857 = ORIENTED_EDGE('',*,*,#2177,.F.);
#3858 = PLANE('',#3859);
#3859 = AXIS2_PLACEMENT_3D('',#3860,#3861,#3862);
#3860 = CARTESIAN_POINT('',(9.237789237787,4.555573509256,7.));
#3861 = DIRECTION('',(-0.881921264348,-0.471396736826,0.));
#3862 = DIRECTION('',(-0.471396736826,0.881921264348,0.));
#3863 = ADVANCED_FACE('',(#3864),#3875,.F.);
#3864 = FACE_BOUND('',#3865,.F.);
#3865 = EDGE_LOOP('',(#3866,#3872,#3873,#3874));
#3866 = ORIENTED_EDGE('',*,*,#3867,.T.);
#3867 = EDGE_CURVE('',#2818,#3582,#3868,.T.);
#3868 = LINE('',#3869,#3870);
#3869 = CARTESIAN_POINT('',(8.92006165898,-5.15,7.));
#3870 = VECTOR('',#3871,1.);
#3871 = DIRECTION('',(0.,0.,1.));
#3872 = ORIENTED_EDGE('',*,*,#3589,.T.);
#3873 = ORIENTED_EDGE('',*,*,#3833,.F.);
#3874 = ORIENTED_EDGE('',*,*,#2825,.F.);
#3875 = PLANE('',#3876);
#3876 = AXIS2_PLACEMENT_3D('',#3877,#3878,#3879);
#3877 = CARTESIAN_POINT('',(8.92006165898,-5.15,7.));
#3878 = DIRECTION('',(-0.881921264348,0.471396736826,0.));
#3879 = DIRECTION('',(0.471396736826,0.881921264348,0.));
#3880 = ADVANCED_FACE('',(#3881),#3892,.F.);
#3881 = FACE_BOUND('',#3882,.F.);
#3882 = EDGE_LOOP('',(#3883,#3884,#3885,#3891));
#3883 = ORIENTED_EDGE('',*,*,#3852,.T.);
#3884 = ORIENTED_EDGE('',*,*,#2949,.T.);
#3885 = ORIENTED_EDGE('',*,*,#3886,.F.);
#3886 = EDGE_CURVE('',#2186,#2950,#3887,.T.);
#3887 = LINE('',#3888,#3889);
#3888 = CARTESIAN_POINT('',(8.564137006716,5.722373400102,7.));
#3889 = VECTOR('',#3890,1.);
#3890 = DIRECTION('',(0.,0.,1.));
#3891 = ORIENTED_EDGE('',*,*,#2185,.F.);
#3892 = PLANE('',#3893);
#3893 = AXIS2_PLACEMENT_3D('',#3894,#3895,#3896);
#3894 = CARTESIAN_POINT('',(8.92006165898,5.15,7.));
#3895 = DIRECTION('',(-0.849202181527,-0.52806785065,0.));
#3896 = DIRECTION('',(-0.52806785065,0.849202181527,0.));
#3897 = ADVANCED_FACE('',(#3898),#3909,.F.);
#3898 = FACE_BOUND('',#3899,.F.);
#3899 = EDGE_LOOP('',(#3900,#3906,#3907,#3908));
#3900 = ORIENTED_EDGE('',*,*,#3901,.T.);
#3901 = EDGE_CURVE('',#2810,#3574,#3902,.T.);
#3902 = LINE('',#3903,#3904);
#3903 = CARTESIAN_POINT('',(8.564137006716,-5.722373400102,7.));
#3904 = VECTOR('',#3905,1.);
#3905 = DIRECTION('',(0.,0.,1.));
#3906 = ORIENTED_EDGE('',*,*,#3581,.T.);
#3907 = ORIENTED_EDGE('',*,*,#3867,.F.);
#3908 = ORIENTED_EDGE('',*,*,#2817,.F.);
#3909 = PLANE('',#3910);
#3910 = AXIS2_PLACEMENT_3D('',#3911,#3912,#3913);
#3911 = CARTESIAN_POINT('',(8.564137006716,-5.722373400102,7.));
#3912 = DIRECTION('',(-0.849202181527,0.52806785065,0.));
#3913 = DIRECTION('',(0.52806785065,0.849202181527,0.));
#3914 = ADVANCED_FACE('',(#3915),#3926,.F.);
#3915 = FACE_BOUND('',#3916,.F.);
#3916 = EDGE_LOOP('',(#3917,#3918,#3919,#3925));
#3917 = ORIENTED_EDGE('',*,*,#3886,.T.);
#3918 = ORIENTED_EDGE('',*,*,#2957,.T.);
#3919 = ORIENTED_EDGE('',*,*,#3920,.F.);
#3920 = EDGE_CURVE('',#2194,#2958,#3921,.T.);
#3921 = LINE('',#3922,#3923);
#3922 = CARTESIAN_POINT('',(10.948276096019,8.40090772032,7.));
#3923 = VECTOR('',#3924,1.);
#3924 = DIRECTION('',(0.,0.,1.));
#3925 = ORIENTED_EDGE('',*,*,#2193,.F.);
#3926 = PLANE('',#3927);
#3927 = AXIS2_PLACEMENT_3D('',#3928,#3929,#3930);
#3928 = CARTESIAN_POINT('',(8.564137006716,5.722373400102,7.));
#3929 = DIRECTION('',(-0.746963308275,0.664865261606,0.));
#3930 = DIRECTION('',(0.664865261606,0.746963308275,0.));
#3931 = ADVANCED_FACE('',(#3932),#3943,.F.);
#3932 = FACE_BOUND('',#3933,.F.);
#3933 = EDGE_LOOP('',(#3934,#3940,#3941,#3942));
#3934 = ORIENTED_EDGE('',*,*,#3935,.T.);
#3935 = EDGE_CURVE('',#2802,#3566,#3936,.T.);
#3936 = LINE('',#3937,#3938);
#3937 = CARTESIAN_POINT('',(8.171539405,-6.27024271879,7.));
#3938 = VECTOR('',#3939,1.);
#3939 = DIRECTION('',(0.,0.,1.));
#3940 = ORIENTED_EDGE('',*,*,#3573,.T.);
#3941 = ORIENTED_EDGE('',*,*,#3901,.F.);
#3942 = ORIENTED_EDGE('',*,*,#2809,.F.);
#3943 = PLANE('',#3944);
#3944 = AXIS2_PLACEMENT_3D('',#3945,#3946,#3947);
#3945 = CARTESIAN_POINT('',(8.171539405,-6.27024271879,7.));
#3946 = DIRECTION('',(-0.812846684592,0.582477696868,0.));
#3947 = DIRECTION('',(0.582477696868,0.812846684592,0.));
#3948 = ADVANCED_FACE('',(#3949),#3960,.F.);
#3949 = FACE_BOUND('',#3950,.F.);
#3950 = EDGE_LOOP('',(#3951,#3952,#3953,#3959));
#3951 = ORIENTED_EDGE('',*,*,#3920,.T.);
#3952 = ORIENTED_EDGE('',*,*,#2965,.T.);
#3953 = ORIENTED_EDGE('',*,*,#3954,.F.);
#3954 = EDGE_CURVE('',#2202,#2966,#3955,.T.);
#3955 = LINE('',#3956,#3957);
#3956 = CARTESIAN_POINT('',(10.37538934321,9.098972248381,7.));
#3957 = VECTOR('',#3958,1.);
#3958 = DIRECTION('',(0.,0.,1.));
#3959 = ORIENTED_EDGE('',*,*,#2201,.F.);
#3960 = PLANE('',#3961);
#3961 = AXIS2_PLACEMENT_3D('',#3962,#3963,#3964);
#3962 = CARTESIAN_POINT('',(10.948276096019,8.40090772032,7.));
#3963 = DIRECTION('',(-0.773010453363,-0.634393284164,0.));
#3964 = DIRECTION('',(-0.634393284164,0.773010453363,0.));
#3965 = ADVANCED_FACE('',(#3966),#3977,.F.);
#3966 = FACE_BOUND('',#3967,.F.);
#3967 = EDGE_LOOP('',(#3968,#3974,#3975,#3976));
#3968 = ORIENTED_EDGE('',*,*,#3969,.T.);
#3969 = EDGE_CURVE('',#2794,#3558,#3970,.T.);
#3970 = LINE('',#3971,#3972);
#3971 = CARTESIAN_POINT('',(10.37538934321,-9.098972248381,7.));
#3972 = VECTOR('',#3973,1.);
#3973 = DIRECTION('',(0.,0.,1.));
#3974 = ORIENTED_EDGE('',*,*,#3565,.T.);
#3975 = ORIENTED_EDGE('',*,*,#3935,.F.);
#3976 = ORIENTED_EDGE('',*,*,#2801,.F.);
#3977 = PLANE('',#3978);
#3978 = AXIS2_PLACEMENT_3D('',#3979,#3980,#3981);
#3979 = CARTESIAN_POINT('',(10.37538934321,-9.098972248381,7.));
#3980 = DIRECTION('',(-0.78884827112,-0.614587996264,0.));
#3981 = DIRECTION('',(-0.614587996264,0.78884827112,0.));
#3982 = ADVANCED_FACE('',(#3983),#3994,.F.);
#3983 = FACE_BOUND('',#3984,.F.);
#3984 = EDGE_LOOP('',(#3985,#3986,#3987,#3993));
#3985 = ORIENTED_EDGE('',*,*,#3954,.T.);
#3986 = ORIENTED_EDGE('',*,*,#2973,.T.);
#3987 = ORIENTED_EDGE('',*,*,#3988,.F.);
#3988 = EDGE_CURVE('',#2210,#2974,#3989,.T.);
#3989 = LINE('',#3990,#3991);
#3990 = CARTESIAN_POINT('',(9.758073580374,9.758073580374,7.));
#3991 = VECTOR('',#3992,1.);
#3992 = DIRECTION('',(0.,0.,1.));
#3993 = ORIENTED_EDGE('',*,*,#2209,.F.);
#3994 = PLANE('',#3995);
#3995 = AXIS2_PLACEMENT_3D('',#3996,#3997,#3998);
#3996 = CARTESIAN_POINT('',(10.37538934321,9.098972248381,7.));
#3997 = DIRECTION('',(-0.729864072698,-0.683592302023,0.));
#3998 = DIRECTION('',(-0.683592302023,0.729864072698,0.));
#3999 = ADVANCED_FACE('',(#4000),#4011,.F.);
#4000 = FACE_BOUND('',#4001,.F.);
#4001 = EDGE_LOOP('',(#4002,#4008,#4009,#4010));
#4002 = ORIENTED_EDGE('',*,*,#4003,.T.);
#4003 = EDGE_CURVE('',#2786,#3550,#4004,.T.);
#4004 = LINE('',#4005,#4006);
#4005 = CARTESIAN_POINT('',(9.758073580374,-9.758073580374,7.));
#4006 = VECTOR('',#4007,1.);
#4007 = DIRECTION('',(0.,0.,1.));
#4008 = ORIENTED_EDGE('',*,*,#3557,.T.);
#4009 = ORIENTED_EDGE('',*,*,#3969,.F.);
#4010 = ORIENTED_EDGE('',*,*,#2793,.F.);
#4011 = PLANE('',#4012);
#4012 = AXIS2_PLACEMENT_3D('',#4013,#4014,#4015);
#4013 = CARTESIAN_POINT('',(9.758073580374,-9.758073580374,7.));
#4014 = DIRECTION('',(-0.729864072698,0.683592302023,0.));
#4015 = DIRECTION('',(0.683592302023,0.729864072698,0.));
#4016 = ADVANCED_FACE('',(#4017),#4028,.F.);
#4017 = FACE_BOUND('',#4018,.F.);
#4018 = EDGE_LOOP('',(#4019,#4020,#4021,#4027));
#4019 = ORIENTED_EDGE('',*,*,#3988,.T.);
#4020 = ORIENTED_EDGE('',*,*,#2981,.T.);
#4021 = ORIENTED_EDGE('',*,*,#4022,.F.);
#4022 = EDGE_CURVE('',#2218,#2982,#4023,.T.);
#4023 = LINE('',#4024,#4025);
#4024 = CARTESIAN_POINT('',(9.098972248381,10.37538934321,7.));
#4025 = VECTOR('',#4026,1.);
#4026 = DIRECTION('',(0.,0.,1.));
#4027 = ORIENTED_EDGE('',*,*,#2217,.F.);
#4028 = PLANE('',#4029);
#4029 = AXIS2_PLACEMENT_3D('',#4030,#4031,#4032);
#4030 = CARTESIAN_POINT('',(9.758073580374,9.758073580374,7.));
#4031 = DIRECTION('',(-0.683592302023,-0.729864072698,0.));
#4032 = DIRECTION('',(-0.729864072698,0.683592302023,0.));
#4033 = ADVANCED_FACE('',(#4034),#4045,.F.);
#4034 = FACE_BOUND('',#4035,.F.);
#4035 = EDGE_LOOP('',(#4036,#4042,#4043,#4044));
#4036 = ORIENTED_EDGE('',*,*,#4037,.T.);
#4037 = EDGE_CURVE('',#2778,#3542,#4038,.T.);
#4038 = LINE('',#4039,#4040);
#4039 = CARTESIAN_POINT('',(9.098972248381,-10.37538934321,7.));
#4040 = VECTOR('',#4041,1.);
#4041 = DIRECTION('',(0.,0.,1.));
#4042 = ORIENTED_EDGE('',*,*,#3549,.T.);
#4043 = ORIENTED_EDGE('',*,*,#4003,.F.);
#4044 = ORIENTED_EDGE('',*,*,#2785,.F.);
#4045 = PLANE('',#4046);
#4046 = AXIS2_PLACEMENT_3D('',#4047,#4048,#4049);
#4047 = CARTESIAN_POINT('',(9.098972248381,-10.37538934321,7.));
#4048 = DIRECTION('',(-0.683592302023,0.729864072698,0.));
#4049 = DIRECTION('',(0.729864072698,0.683592302023,0.));
#4050 = ADVANCED_FACE('',(#4051),#4062,.F.);
#4051 = FACE_BOUND('',#4052,.F.);
#4052 = EDGE_LOOP('',(#4053,#4054,#4055,#4061));
#4053 = ORIENTED_EDGE('',*,*,#4022,.T.);
#4054 = ORIENTED_EDGE('',*,*,#2989,.T.);
#4055 = ORIENTED_EDGE('',*,*,#4056,.F.);
#4056 = EDGE_CURVE('',#2226,#2990,#4057,.T.);
#4057 = LINE('',#4058,#4059);
#4058 = CARTESIAN_POINT('',(6.27024271879,8.171539405,7.));
#4059 = VECTOR('',#4060,1.);
#4060 = DIRECTION('',(0.,0.,1.));
#4061 = ORIENTED_EDGE('',*,*,#2225,.F.);
#4062 = PLANE('',#4063);
#4063 = AXIS2_PLACEMENT_3D('',#4064,#4065,#4066);
#4064 = CARTESIAN_POINT('',(9.098972248381,10.37538934321,7.));
#4065 = DIRECTION('',(0.614587996264,-0.78884827112,0.));
#4066 = DIRECTION('',(-0.78884827112,-0.614587996264,0.));
#4067 = ADVANCED_FACE('',(#4068),#4079,.F.);
#4068 = FACE_BOUND('',#4069,.F.);
#4069 = EDGE_LOOP('',(#4070,#4076,#4077,#4078));
#4070 = ORIENTED_EDGE('',*,*,#4071,.T.);
#4071 = EDGE_CURVE('',#2770,#3534,#4072,.T.);
#4072 = LINE('',#4073,#4074);
#4073 = CARTESIAN_POINT('',(8.40090772032,-10.94827609601,7.));
#4074 = VECTOR('',#4075,1.);
#4075 = DIRECTION('',(0.,0.,1.));
#4076 = ORIENTED_EDGE('',*,*,#3541,.T.);
#4077 = ORIENTED_EDGE('',*,*,#4037,.F.);
#4078 = ORIENTED_EDGE('',*,*,#2777,.F.);
#4079 = PLANE('',#4080);
#4080 = AXIS2_PLACEMENT_3D('',#4081,#4082,#4083);
#4081 = CARTESIAN_POINT('',(8.40090772032,-10.94827609601,7.));
#4082 = DIRECTION('',(-0.634393284164,0.773010453363,0.));
#4083 = DIRECTION('',(0.773010453363,0.634393284164,0.));
#4084 = ADVANCED_FACE('',(#4085),#4096,.F.);
#4085 = FACE_BOUND('',#4086,.F.);
#4086 = EDGE_LOOP('',(#4087,#4088,#4089,#4095));
#4087 = ORIENTED_EDGE('',*,*,#4056,.T.);
#4088 = ORIENTED_EDGE('',*,*,#2997,.T.);
#4089 = ORIENTED_EDGE('',*,*,#4090,.F.);
#4090 = EDGE_CURVE('',#2234,#2998,#4091,.T.);
#4091 = LINE('',#4092,#4093);
#4092 = CARTESIAN_POINT('',(5.722373400102,8.564137006716,7.));
#4093 = VECTOR('',#4094,1.);
#4094 = DIRECTION('',(0.,0.,1.));
#4095 = ORIENTED_EDGE('',*,*,#2233,.F.);
#4096 = PLANE('',#4097);
#4097 = AXIS2_PLACEMENT_3D('',#4098,#4099,#4100);
#4098 = CARTESIAN_POINT('',(6.27024271879,8.171539405,7.));
#4099 = DIRECTION('',(-0.582477696868,-0.812846684592,0.));
#4100 = DIRECTION('',(-0.812846684592,0.582477696868,0.));
#4101 = ADVANCED_FACE('',(#4102),#4113,.F.);
#4102 = FACE_BOUND('',#4103,.F.);
#4103 = EDGE_LOOP('',(#4104,#4110,#4111,#4112));
#4104 = ORIENTED_EDGE('',*,*,#4105,.T.);
#4105 = EDGE_CURVE('',#2762,#3526,#4106,.T.);
#4106 = LINE('',#4107,#4108);
#4107 = CARTESIAN_POINT('',(5.722373400102,-8.564137006716,7.));
#4108 = VECTOR('',#4109,1.);
#4109 = DIRECTION('',(0.,0.,1.));
#4110 = ORIENTED_EDGE('',*,*,#3533,.T.);
#4111 = ORIENTED_EDGE('',*,*,#4071,.F.);
#4112 = ORIENTED_EDGE('',*,*,#2769,.F.);
#4113 = PLANE('',#4114);
#4114 = AXIS2_PLACEMENT_3D('',#4115,#4116,#4117);
#4115 = CARTESIAN_POINT('',(5.722373400102,-8.564137006716,7.));
#4116 = DIRECTION('',(0.664865261606,0.746963308275,0.));
#4117 = DIRECTION('',(0.746963308275,-0.664865261606,0.));
#4118 = ADVANCED_FACE('',(#4119),#4130,.F.);
#4119 = FACE_BOUND('',#4120,.F.);
#4120 = EDGE_LOOP('',(#4121,#4122,#4123,#4129));
#4121 = ORIENTED_EDGE('',*,*,#4090,.T.);
#4122 = ORIENTED_EDGE('',*,*,#3005,.T.);
#4123 = ORIENTED_EDGE('',*,*,#4124,.F.);
#4124 = EDGE_CURVE('',#2242,#3006,#4125,.T.);
#4125 = LINE('',#4126,#4127);
#4126 = CARTESIAN_POINT('',(5.15,8.92006165898,7.));
#4127 = VECTOR('',#4128,1.);
#4128 = DIRECTION('',(0.,0.,1.));
#4129 = ORIENTED_EDGE('',*,*,#2241,.F.);
#4130 = PLANE('',#4131);
#4131 = AXIS2_PLACEMENT_3D('',#4132,#4133,#4134);
#4132 = CARTESIAN_POINT('',(5.722373400102,8.564137006716,7.));
#4133 = DIRECTION('',(-0.52806785065,-0.849202181527,0.));
#4134 = DIRECTION('',(-0.849202181527,0.52806785065,0.));
#4135 = ADVANCED_FACE('',(#4136),#4147,.F.);
#4136 = FACE_BOUND('',#4137,.F.);
#4137 = EDGE_LOOP('',(#4138,#4144,#4145,#4146));
#4138 = ORIENTED_EDGE('',*,*,#4139,.T.);
#4139 = EDGE_CURVE('',#2754,#3518,#4140,.T.);
#4140 = LINE('',#4141,#4142);
#4141 = CARTESIAN_POINT('',(5.15,-8.92006165898,7.));
#4142 = VECTOR('',#4143,1.);
#4143 = DIRECTION('',(0.,0.,1.));
#4144 = ORIENTED_EDGE('',*,*,#3525,.T.);
#4145 = ORIENTED_EDGE('',*,*,#4105,.F.);
#4146 = ORIENTED_EDGE('',*,*,#2761,.F.);
#4147 = PLANE('',#4148);
#4148 = AXIS2_PLACEMENT_3D('',#4149,#4150,#4151);
#4149 = CARTESIAN_POINT('',(5.15,-8.92006165898,7.));
#4150 = DIRECTION('',(-0.52806785065,0.849202181527,0.));
#4151 = DIRECTION('',(0.849202181527,0.52806785065,0.));
#4152 = ADVANCED_FACE('',(#4153),#4164,.F.);
#4153 = FACE_BOUND('',#4154,.F.);
#4154 = EDGE_LOOP('',(#4155,#4156,#4157,#4163));
#4155 = ORIENTED_EDGE('',*,*,#4124,.T.);
#4156 = ORIENTED_EDGE('',*,*,#3013,.T.);
#4157 = ORIENTED_EDGE('',*,*,#4158,.F.);
#4158 = EDGE_CURVE('',#2250,#3014,#4159,.T.);
#4159 = LINE('',#4160,#4161);
#4160 = CARTESIAN_POINT('',(4.555573509256,9.237789237787,7.));
#4161 = VECTOR('',#4162,1.);
#4162 = DIRECTION('',(0.,0.,1.));
#4163 = ORIENTED_EDGE('',*,*,#2249,.F.);
#4164 = PLANE('',#4165);
#4165 = AXIS2_PLACEMENT_3D('',#4166,#4167,#4168);
#4166 = CARTESIAN_POINT('',(5.15,8.92006165898,7.));
#4167 = DIRECTION('',(-0.471396736826,-0.881921264348,0.));
#4168 = DIRECTION('',(-0.881921264348,0.471396736826,0.));
#4169 = ADVANCED_FACE('',(#4170),#4181,.F.);
#4170 = FACE_BOUND('',#4171,.F.);
#4171 = EDGE_LOOP('',(#4172,#4178,#4179,#4180));
#4172 = ORIENTED_EDGE('',*,*,#4173,.T.);
#4173 = EDGE_CURVE('',#2746,#3510,#4174,.T.);
#4174 = LINE('',#4175,#4176);
#4175 = CARTESIAN_POINT('',(4.555573509256,-9.237789237787,7.));
#4176 = VECTOR('',#4177,1.);
#4177 = DIRECTION('',(0.,0.,1.));
#4178 = ORIENTED_EDGE('',*,*,#3517,.T.);
#4179 = ORIENTED_EDGE('',*,*,#4139,.F.);
#4180 = ORIENTED_EDGE('',*,*,#2753,.F.);
#4181 = PLANE('',#4182);
#4182 = AXIS2_PLACEMENT_3D('',#4183,#4184,#4185);
#4183 = CARTESIAN_POINT('',(4.555573509256,-9.237789237787,7.));
#4184 = DIRECTION('',(-0.471396736826,0.881921264348,0.));
#4185 = DIRECTION('',(0.881921264348,0.471396736826,0.));
#4186 = ADVANCED_FACE('',(#4187),#4198,.F.);
#4187 = FACE_BOUND('',#4188,.F.);
#4188 = EDGE_LOOP('',(#4189,#4190,#4191,#4197));
#4189 = ORIENTED_EDGE('',*,*,#4158,.T.);
#4190 = ORIENTED_EDGE('',*,*,#3021,.T.);
#4191 = ORIENTED_EDGE('',*,*,#4192,.F.);
#4192 = EDGE_CURVE('',#2258,#3022,#4193,.T.);
#4193 = LINE('',#4194,#4195);
#4194 = CARTESIAN_POINT('',(5.281031366638,12.749537548656,7.));
#4195 = VECTOR('',#4196,1.);
#4196 = DIRECTION('',(0.,0.,1.));
#4197 = ORIENTED_EDGE('',*,*,#2257,.F.);
#4198 = PLANE('',#4199);
#4199 = AXIS2_PLACEMENT_3D('',#4200,#4201,#4202);
#4200 = CARTESIAN_POINT('',(4.555573509256,9.237789237787,7.));
#4201 = DIRECTION('',(-0.979321831464,0.202308552507,0.));
#4202 = DIRECTION('',(0.202308552507,0.979321831464,0.));
#4203 = ADVANCED_FACE('',(#4204),#4215,.F.);
#4204 = FACE_BOUND('',#4205,.F.);
#4205 = EDGE_LOOP('',(#4206,#4212,#4213,#4214));
#4206 = ORIENTED_EDGE('',*,*,#4207,.T.);
#4207 = EDGE_CURVE('',#2738,#3502,#4208,.T.);
#4208 = LINE('',#4209,#4210);
#4209 = CARTESIAN_POINT('',(3.94163935336,-9.515959184866,7.));
#4210 = VECTOR('',#4211,1.);
#4211 = DIRECTION('',(0.,0.,1.));
#4212 = ORIENTED_EDGE('',*,*,#3509,.T.);
#4213 = ORIENTED_EDGE('',*,*,#4173,.F.);
#4214 = ORIENTED_EDGE('',*,*,#2745,.F.);
#4215 = PLANE('',#4216);
#4216 = AXIS2_PLACEMENT_3D('',#4217,#4218,#4219);
#4217 = CARTESIAN_POINT('',(3.94163935336,-9.515959184866,7.));
#4218 = DIRECTION('',(-0.412707029804,0.910863824921,0.));
#4219 = DIRECTION('',(0.910863824921,0.412707029804,0.));
#4220 = ADVANCED_FACE('',(#4221),#4232,.F.);
#4221 = FACE_BOUND('',#4222,.F.);
#4222 = EDGE_LOOP('',(#4223,#4224,#4225,#4231));
#4223 = ORIENTED_EDGE('',*,*,#4192,.T.);
#4224 = ORIENTED_EDGE('',*,*,#3029,.T.);
#4225 = ORIENTED_EDGE('',*,*,#4226,.F.);
#4226 = EDGE_CURVE('',#2266,#3030,#4227,.T.);
#4227 = LINE('',#4228,#4229);
#4228 = CARTESIAN_POINT('',(4.435864621184,13.067635787032,7.));
#4229 = VECTOR('',#4230,1.);
#4230 = DIRECTION('',(0.,0.,1.));
#4231 = ORIENTED_EDGE('',*,*,#2265,.F.);
#4232 = PLANE('',#4233);
#4233 = AXIS2_PLACEMENT_3D('',#4234,#4235,#4236);
#4234 = CARTESIAN_POINT('',(5.281031366638,12.749537548656,7.));
#4235 = DIRECTION('',(-0.352250047921,-0.935905926757,0.));
#4236 = DIRECTION('',(-0.935905926757,0.352250047921,0.));
#4237 = ADVANCED_FACE('',(#4238),#4249,.F.);
#4238 = FACE_BOUND('',#4239,.F.);
#4239 = EDGE_LOOP('',(#4240,#4246,#4247,#4248));
#4240 = ORIENTED_EDGE('',*,*,#4241,.T.);
#4241 = EDGE_CURVE('',#2730,#3494,#4242,.T.);
#4242 = LINE('',#4243,#4244);
#4243 = CARTESIAN_POINT('',(4.435864621184,-13.06763578703,7.));
#4244 = VECTOR('',#4245,1.);
#4245 = DIRECTION('',(0.,0.,1.));
#4246 = ORIENTED_EDGE('',*,*,#3501,.T.);
#4247 = ORIENTED_EDGE('',*,*,#4207,.F.);
#4248 = ORIENTED_EDGE('',*,*,#2737,.F.);
#4249 = PLANE('',#4250);
#4250 = AXIS2_PLACEMENT_3D('',#4251,#4252,#4253);
#4251 = CARTESIAN_POINT('',(4.435864621184,-13.06763578703,7.));
#4252 = DIRECTION('',(-0.990456640653,-0.137824682066,0.));
#4253 = DIRECTION('',(-0.137824682066,0.990456640653,0.));
#4254 = ADVANCED_FACE('',(#4255),#4266,.F.);
#4255 = FACE_BOUND('',#4256,.F.);
#4256 = EDGE_LOOP('',(#4257,#4258,#4259,#4265));
#4257 = ORIENTED_EDGE('',*,*,#4226,.T.);
#4258 = ORIENTED_EDGE('',*,*,#3037,.T.);
#4259 = ORIENTED_EDGE('',*,*,#4260,.F.);
#4260 = EDGE_CURVE('',#2274,#3038,#4261,.T.);
#4261 = LINE('',#4262,#4263);
#4262 = CARTESIAN_POINT('',(3.571702822415,13.329776402789,7.));
#4263 = VECTOR('',#4264,1.);
#4264 = DIRECTION('',(0.,0.,1.));
#4265 = ORIENTED_EDGE('',*,*,#2273,.F.);
#4266 = PLANE('',#4267);
#4267 = AXIS2_PLACEMENT_3D('',#4268,#4269,#4270);
#4268 = CARTESIAN_POINT('',(4.435864621184,13.067635787032,7.));
#4269 = DIRECTION('',(-0.290284677254,-0.956940335732,0.));
#4270 = DIRECTION('',(-0.956940335732,0.290284677254,0.));
#4271 = ADVANCED_FACE('',(#4272),#4283,.F.);
#4272 = FACE_BOUND('',#4273,.F.);
#4273 = EDGE_LOOP('',(#4274,#4280,#4281,#4282));
#4274 = ORIENTED_EDGE('',*,*,#4275,.T.);
#4275 = EDGE_CURVE('',#2722,#3486,#4276,.T.);
#4276 = LINE('',#4277,#4278);
#4277 = CARTESIAN_POINT('',(3.571702822415,-13.32977640278,7.));
#4278 = VECTOR('',#4279,1.);
#4279 = DIRECTION('',(0.,0.,1.));
#4280 = ORIENTED_EDGE('',*,*,#3493,.T.);
#4281 = ORIENTED_EDGE('',*,*,#4241,.F.);
#4282 = ORIENTED_EDGE('',*,*,#2729,.F.);
#4283 = PLANE('',#4284);
#4284 = AXIS2_PLACEMENT_3D('',#4285,#4286,#4287);
#4285 = CARTESIAN_POINT('',(3.571702822415,-13.32977640278,7.));
#4286 = DIRECTION('',(-0.290284677254,0.956940335732,0.));
#4287 = DIRECTION('',(0.956940335732,0.290284677254,0.));
#4288 = ADVANCED_FACE('',(#4289),#4300,.F.);
#4289 = FACE_BOUND('',#4290,.F.);
#4290 = EDGE_LOOP('',(#4291,#4292,#4293,#4299));
#4291 = ORIENTED_EDGE('',*,*,#4260,.T.);
#4292 = ORIENTED_EDGE('',*,*,#3045,.T.);
#4293 = ORIENTED_EDGE('',*,*,#4294,.F.);
#4294 = EDGE_CURVE('',#2282,#3046,#4295,.T.);
#4295 = LINE('',#4296,#4297);
#4296 = CARTESIAN_POINT('',(2.692246443823,13.534836869565,7.));
#4297 = VECTOR('',#4298,1.);
#4298 = DIRECTION('',(0.,0.,1.));
#4299 = ORIENTED_EDGE('',*,*,#2281,.F.);
#4300 = PLANE('',#4301);
#4301 = AXIS2_PLACEMENT_3D('',#4302,#4303,#4304);
#4302 = CARTESIAN_POINT('',(3.571702822415,13.329776402789,7.));
#4303 = DIRECTION('',(-0.227076263034,-0.973876979277,0.));
#4304 = DIRECTION('',(-0.973876979277,0.227076263034,0.));
#4305 = ADVANCED_FACE('',(#4306),#4317,.F.);
#4306 = FACE_BOUND('',#4307,.F.);
#4307 = EDGE_LOOP('',(#4308,#4314,#4315,#4316));
#4308 = ORIENTED_EDGE('',*,*,#4309,.T.);
#4309 = EDGE_CURVE('',#2714,#3478,#4310,.T.);
#4310 = LINE('',#4311,#4312);
#4311 = CARTESIAN_POINT('',(2.692246443823,-13.53483686956,7.));
#4312 = VECTOR('',#4313,1.);
#4313 = DIRECTION('',(0.,0.,1.));
#4314 = ORIENTED_EDGE('',*,*,#3485,.T.);
#4315 = ORIENTED_EDGE('',*,*,#4275,.F.);
#4316 = ORIENTED_EDGE('',*,*,#2721,.F.);
#4317 = PLANE('',#4318);
#4318 = AXIS2_PLACEMENT_3D('',#4319,#4320,#4321);
#4319 = CARTESIAN_POINT('',(2.692246443823,-13.53483686956,7.));
#4320 = DIRECTION('',(-0.227076263034,0.973876979277,0.));
#4321 = DIRECTION('',(0.973876979277,0.227076263034,0.));
#4322 = ADVANCED_FACE('',(#4323),#4334,.F.);
#4323 = FACE_BOUND('',#4324,.F.);
#4324 = EDGE_LOOP('',(#4325,#4326,#4327,#4333));
#4325 = ORIENTED_EDGE('',*,*,#4294,.T.);
#4326 = ORIENTED_EDGE('',*,*,#3053,.T.);
#4327 = ORIENTED_EDGE('',*,*,#4328,.F.);
#4328 = EDGE_CURVE('',#2290,#3054,#4329,.T.);
#4329 = LINE('',#4330,#4331);
#4330 = CARTESIAN_POINT('',(1.344419779867,10.21188207215,7.));
#4331 = VECTOR('',#4332,1.);
#4332 = DIRECTION('',(0.,0.,1.));
#4333 = ORIENTED_EDGE('',*,*,#2289,.F.);
#4334 = PLANE('',#4335);
#4335 = AXIS2_PLACEMENT_3D('',#4336,#4337,#4338);
#4336 = CARTESIAN_POINT('',(2.692246443823,13.534836869565,7.));
#4337 = DIRECTION('',(0.926672953185,-0.375868644389,0.));
#4338 = DIRECTION('',(-0.375868644389,-0.926672953185,0.));
#4339 = ADVANCED_FACE('',(#4340),#4351,.F.);
#4340 = FACE_BOUND('',#4341,.F.);
#4341 = EDGE_LOOP('',(#4342,#4348,#4349,#4350));
#4342 = ORIENTED_EDGE('',*,*,#4343,.T.);
#4343 = EDGE_CURVE('',#2706,#3470,#4344,.T.);
#4344 = LINE('',#4345,#4346);
#4345 = CARTESIAN_POINT('',(1.801261452637,-13.68193908695,7.));
#4346 = VECTOR('',#4347,1.);
#4347 = DIRECTION('',(0.,0.,1.));
#4348 = ORIENTED_EDGE('',*,*,#3477,.T.);
#4349 = ORIENTED_EDGE('',*,*,#4309,.F.);
#4350 = ORIENTED_EDGE('',*,*,#2713,.F.);
#4351 = PLANE('',#4352);
#4352 = AXIS2_PLACEMENT_3D('',#4353,#4354,#4355);
#4353 = CARTESIAN_POINT('',(1.801261452637,-13.68193908695,7.));
#4354 = DIRECTION('',(-0.162895473395,0.986643332085,0.));
#4355 = DIRECTION('',(0.986643332085,0.162895473395,0.));
#4356 = ADVANCED_FACE('',(#4357),#4368,.F.);
#4357 = FACE_BOUND('',#4358,.F.);
#4358 = EDGE_LOOP('',(#4359,#4360,#4361,#4367));
#4359 = ORIENTED_EDGE('',*,*,#4328,.T.);
#4360 = ORIENTED_EDGE('',*,*,#3061,.T.);
#4361 = ORIENTED_EDGE('',*,*,#4362,.F.);
#4362 = EDGE_CURVE('',#2298,#3062,#4363,.T.);
#4363 = LINE('',#4364,#4365);
#4364 = CARTESIAN_POINT('',(0.67365223107,10.277946909358,7.));
#4365 = VECTOR('',#4366,1.);
#4366 = DIRECTION('',(0.,0.,1.));
#4367 = ORIENTED_EDGE('',*,*,#2297,.F.);
#4368 = PLANE('',#4369);
#4369 = AXIS2_PLACEMENT_3D('',#4370,#4371,#4372);
#4370 = CARTESIAN_POINT('',(1.344419779867,10.21188207215,7.));
#4371 = DIRECTION('',(-9.801714032956E-02,-0.995184726672,0.));
#4372 = DIRECTION('',(-0.995184726672,9.801714032956E-02,0.));
#4373 = ADVANCED_FACE('',(#4374),#4385,.F.);
#4374 = FACE_BOUND('',#4375,.F.);
#4375 = EDGE_LOOP('',(#4376,#4382,#4383,#4384));
#4376 = ORIENTED_EDGE('',*,*,#4377,.T.);
#4377 = EDGE_CURVE('',#2698,#3462,#4378,.T.);
#4378 = LINE('',#4379,#4380);
#4379 = CARTESIAN_POINT('',(0.67365223107,-10.27794690935,7.));
#4380 = VECTOR('',#4381,1.);
#4381 = DIRECTION('',(0.,0.,1.));
#4382 = ORIENTED_EDGE('',*,*,#3469,.T.);
#4383 = ORIENTED_EDGE('',*,*,#4343,.F.);
#4384 = ORIENTED_EDGE('',*,*,#2705,.F.);
#4385 = PLANE('',#4386);
#4386 = AXIS2_PLACEMENT_3D('',#4387,#4388,#4389);
#4387 = CARTESIAN_POINT('',(0.67365223107,-10.27794690935,7.));
#4388 = DIRECTION('',(0.949271860782,0.314456569858,0.));
#4389 = DIRECTION('',(0.314456569858,-0.949271860782,0.));
#4390 = ADVANCED_FACE('',(#4391),#4402,.F.);
#4391 = FACE_BOUND('',#4392,.F.);
#4392 = EDGE_LOOP('',(#4393,#4394,#4395,#4401));
#4393 = ORIENTED_EDGE('',*,*,#4362,.T.);
#4394 = ORIENTED_EDGE('',*,*,#3069,.T.);
#4395 = ORIENTED_EDGE('',*,*,#4396,.F.);
#4396 = EDGE_CURVE('',#2306,#3070,#4397,.T.);
#4397 = LINE('',#4398,#4399);
#4398 = CARTESIAN_POINT('',(6.306931015609E-16,10.3,7.));
#4399 = VECTOR('',#4400,1.);
#4400 = DIRECTION('',(0.,0.,1.));
#4401 = ORIENTED_EDGE('',*,*,#2305,.F.);
#4402 = PLANE('',#4403);
#4403 = AXIS2_PLACEMENT_3D('',#4404,#4405,#4406);
#4404 = CARTESIAN_POINT('',(0.67365223107,10.277946909358,7.));
#4405 = DIRECTION('',(-3.271908282178E-02,-0.999464587476,0.));
#4406 = DIRECTION('',(-0.999464587476,3.271908282178E-02,0.));
#4407 = ADVANCED_FACE('',(#4408),#4419,.F.);
#4408 = FACE_BOUND('',#4409,.F.);
#4409 = EDGE_LOOP('',(#4410,#4416,#4417,#4418));
#4410 = ORIENTED_EDGE('',*,*,#4411,.T.);
#4411 = EDGE_CURVE('',#2690,#3454,#4412,.T.);
#4412 = LINE('',#4413,#4414);
#4413 = CARTESIAN_POINT('',(-1.892079304683E-15,-10.3,7.));
#4414 = VECTOR('',#4415,1.);
#4415 = DIRECTION('',(0.,0.,1.));
#4416 = ORIENTED_EDGE('',*,*,#3461,.T.);
#4417 = ORIENTED_EDGE('',*,*,#4377,.F.);
#4418 = ORIENTED_EDGE('',*,*,#2697,.F.);
#4419 = PLANE('',#4420);
#4420 = AXIS2_PLACEMENT_3D('',#4421,#4422,#4423);
#4421 = CARTESIAN_POINT('',(-1.892079304683E-15,-10.3,7.));
#4422 = DIRECTION('',(-3.271908282177E-02,0.999464587476,0.));
#4423 = DIRECTION('',(0.999464587476,3.271908282177E-02,0.));
#4424 = ADVANCED_FACE('',(#4425),#4436,.F.);
#4425 = FACE_BOUND('',#4426,.F.);
#4426 = EDGE_LOOP('',(#4427,#4428,#4429,#4435));
#4427 = ORIENTED_EDGE('',*,*,#4396,.T.);
#4428 = ORIENTED_EDGE('',*,*,#3077,.T.);
#4429 = ORIENTED_EDGE('',*,*,#4430,.F.);
#4430 = EDGE_CURVE('',#2314,#3078,#4431,.T.);
#4431 = LINE('',#4432,#4433);
#4432 = CARTESIAN_POINT('',(-0.67365223107,10.277946909358,7.));
#4433 = VECTOR('',#4434,1.);
#4434 = DIRECTION('',(0.,0.,1.));
#4435 = ORIENTED_EDGE('',*,*,#2313,.F.);
#4436 = PLANE('',#4437);
#4437 = AXIS2_PLACEMENT_3D('',#4438,#4439,#4440);
#4438 = CARTESIAN_POINT('',(6.306931015609E-16,10.3,7.));
#4439 = DIRECTION('',(3.271908282178E-02,-0.999464587476,0.));
#4440 = DIRECTION('',(-0.999464587476,-3.271908282178E-02,0.));
#4441 = ADVANCED_FACE('',(#4442),#4453,.F.);
#4442 = FACE_BOUND('',#4443,.F.);
#4443 = EDGE_LOOP('',(#4444,#4450,#4451,#4452));
#4444 = ORIENTED_EDGE('',*,*,#4445,.T.);
#4445 = EDGE_CURVE('',#2682,#3446,#4446,.T.);
#4446 = LINE('',#4447,#4448);
#4447 = CARTESIAN_POINT('',(-0.67365223107,-10.27794690935,7.));
#4448 = VECTOR('',#4449,1.);
#4449 = DIRECTION('',(0.,0.,1.));
#4450 = ORIENTED_EDGE('',*,*,#3453,.T.);
#4451 = ORIENTED_EDGE('',*,*,#4411,.F.);
#4452 = ORIENTED_EDGE('',*,*,#2689,.F.);
#4453 = PLANE('',#4454);
#4454 = AXIS2_PLACEMENT_3D('',#4455,#4456,#4457);
#4455 = CARTESIAN_POINT('',(-0.67365223107,-10.27794690935,7.));
#4456 = DIRECTION('',(3.271908282178E-02,0.999464587476,0.));
#4457 = DIRECTION('',(0.999464587476,-3.271908282178E-02,0.));
#4458 = ADVANCED_FACE('',(#4459),#4470,.F.);
#4459 = FACE_BOUND('',#4460,.F.);
#4460 = EDGE_LOOP('',(#4461,#4462,#4463,#4469));
#4461 = ORIENTED_EDGE('',*,*,#4430,.T.);
#4462 = ORIENTED_EDGE('',*,*,#3085,.T.);
#4463 = ORIENTED_EDGE('',*,*,#4464,.F.);
#4464 = EDGE_CURVE('',#2322,#3086,#4465,.T.);
#4465 = LINE('',#4466,#4467);
#4466 = CARTESIAN_POINT('',(-1.801261452637,13.681939086959,7.));
#4467 = VECTOR('',#4468,1.);
#4468 = DIRECTION('',(0.,0.,1.));
#4469 = ORIENTED_EDGE('',*,*,#2321,.F.);
#4470 = PLANE('',#4471);
#4471 = AXIS2_PLACEMENT_3D('',#4472,#4473,#4474);
#4472 = CARTESIAN_POINT('',(-0.67365223107,10.277946909358,7.));
#4473 = DIRECTION('',(-0.949271860782,-0.314456569858,0.));
#4474 = DIRECTION('',(-0.314456569858,0.949271860782,0.));
#4475 = ADVANCED_FACE('',(#4476),#4487,.F.);
#4476 = FACE_BOUND('',#4477,.F.);
#4477 = EDGE_LOOP('',(#4478,#4484,#4485,#4486));
#4478 = ORIENTED_EDGE('',*,*,#4479,.T.);
#4479 = EDGE_CURVE('',#2674,#3438,#4480,.T.);
#4480 = LINE('',#4481,#4482);
#4481 = CARTESIAN_POINT('',(-1.344419779867,-10.21188207215,7.));
#4482 = VECTOR('',#4483,1.);
#4483 = DIRECTION('',(0.,0.,1.));
#4484 = ORIENTED_EDGE('',*,*,#3445,.T.);
#4485 = ORIENTED_EDGE('',*,*,#4445,.F.);
#4486 = ORIENTED_EDGE('',*,*,#2681,.F.);
#4487 = PLANE('',#4488);
#4488 = AXIS2_PLACEMENT_3D('',#4489,#4490,#4491);
#4489 = CARTESIAN_POINT('',(-1.344419779867,-10.21188207215,7.));
#4490 = DIRECTION('',(9.801714032956E-02,0.995184726672,0.));
#4491 = DIRECTION('',(0.995184726672,-9.801714032956E-02,0.));
#4492 = ADVANCED_FACE('',(#4493),#4504,.F.);
#4493 = FACE_BOUND('',#4494,.F.);
#4494 = EDGE_LOOP('',(#4495,#4496,#4497,#4503));
#4495 = ORIENTED_EDGE('',*,*,#4464,.T.);
#4496 = ORIENTED_EDGE('',*,*,#3093,.T.);
#4497 = ORIENTED_EDGE('',*,*,#4498,.F.);
#4498 = EDGE_CURVE('',#2330,#3094,#4499,.T.);
#4499 = LINE('',#4500,#4501);
#4500 = CARTESIAN_POINT('',(-2.692246443823,13.534836869565,7.));
#4501 = VECTOR('',#4502,1.);
#4502 = DIRECTION('',(0.,0.,1.));
#4503 = ORIENTED_EDGE('',*,*,#2329,.F.);
#4504 = PLANE('',#4505);
#4505 = AXIS2_PLACEMENT_3D('',#4506,#4507,#4508);
#4506 = CARTESIAN_POINT('',(-1.801261452637,13.681939086959,7.));
#4507 = DIRECTION('',(0.162895473395,-0.986643332085,0.));
#4508 = DIRECTION('',(-0.986643332085,-0.162895473395,0.));
#4509 = ADVANCED_FACE('',(#4510),#4521,.F.);
#4510 = FACE_BOUND('',#4511,.F.);
#4511 = EDGE_LOOP('',(#4512,#4518,#4519,#4520));
#4512 = ORIENTED_EDGE('',*,*,#4513,.T.);
#4513 = EDGE_CURVE('',#2666,#3430,#4514,.T.);
#4514 = LINE('',#4515,#4516);
#4515 = CARTESIAN_POINT('',(-2.692246443823,-13.53483686956,7.));
#4516 = VECTOR('',#4517,1.);
#4517 = DIRECTION('',(0.,0.,1.));
#4518 = ORIENTED_EDGE('',*,*,#3437,.T.);
#4519 = ORIENTED_EDGE('',*,*,#4479,.F.);
#4520 = ORIENTED_EDGE('',*,*,#2673,.F.);
#4521 = PLANE('',#4522);
#4522 = AXIS2_PLACEMENT_3D('',#4523,#4524,#4525);
#4523 = CARTESIAN_POINT('',(-2.692246443823,-13.53483686956,7.));
#4524 = DIRECTION('',(-0.926672953185,0.375868644389,0.));
#4525 = DIRECTION('',(0.375868644389,0.926672953185,0.));
#4526 = ADVANCED_FACE('',(#4527),#4538,.F.);
#4527 = FACE_BOUND('',#4528,.F.);
#4528 = EDGE_LOOP('',(#4529,#4530,#4531,#4537));
#4529 = ORIENTED_EDGE('',*,*,#4498,.T.);
#4530 = ORIENTED_EDGE('',*,*,#3101,.T.);
#4531 = ORIENTED_EDGE('',*,*,#4532,.F.);
#4532 = EDGE_CURVE('',#2338,#3102,#4533,.T.);
#4533 = LINE('',#4534,#4535);
#4534 = CARTESIAN_POINT('',(-3.571702822415,13.329776402789,7.));
#4535 = VECTOR('',#4536,1.);
#4536 = DIRECTION('',(0.,0.,1.));
#4537 = ORIENTED_EDGE('',*,*,#2337,.F.);
#4538 = PLANE('',#4539);
#4539 = AXIS2_PLACEMENT_3D('',#4540,#4541,#4542);
#4540 = CARTESIAN_POINT('',(-2.692246443823,13.534836869565,7.));
#4541 = DIRECTION('',(0.227076263034,-0.973876979277,0.));
#4542 = DIRECTION('',(-0.973876979277,-0.227076263034,0.));
#4543 = ADVANCED_FACE('',(#4544),#4555,.F.);
#4544 = FACE_BOUND('',#4545,.F.);
#4545 = EDGE_LOOP('',(#4546,#4552,#4553,#4554));
#4546 = ORIENTED_EDGE('',*,*,#4547,.T.);
#4547 = EDGE_CURVE('',#2658,#3422,#4548,.T.);
#4548 = LINE('',#4549,#4550);
#4549 = CARTESIAN_POINT('',(-3.571702822415,-13.32977640278,7.));
#4550 = VECTOR('',#4551,1.);
#4551 = DIRECTION('',(0.,0.,1.));
#4552 = ORIENTED_EDGE('',*,*,#3429,.T.);
#4553 = ORIENTED_EDGE('',*,*,#4513,.F.);
#4554 = ORIENTED_EDGE('',*,*,#2665,.F.);
#4555 = PLANE('',#4556);
#4556 = AXIS2_PLACEMENT_3D('',#4557,#4558,#4559);
#4557 = CARTESIAN_POINT('',(-3.571702822415,-13.32977640278,7.));
#4558 = DIRECTION('',(0.227076263034,0.973876979277,0.));
#4559 = DIRECTION('',(0.973876979277,-0.227076263034,0.));
#4560 = ADVANCED_FACE('',(#4561),#4572,.F.);
#4561 = FACE_BOUND('',#4562,.F.);
#4562 = EDGE_LOOP('',(#4563,#4564,#4565,#4571));
#4563 = ORIENTED_EDGE('',*,*,#4532,.T.);
#4564 = ORIENTED_EDGE('',*,*,#3109,.T.);
#4565 = ORIENTED_EDGE('',*,*,#4566,.F.);
#4566 = EDGE_CURVE('',#2346,#3110,#4567,.T.);
#4567 = LINE('',#4568,#4569);
#4568 = CARTESIAN_POINT('',(-4.435864621184,13.067635787032,7.));
#4569 = VECTOR('',#4570,1.);
#4570 = DIRECTION('',(0.,0.,1.));
#4571 = ORIENTED_EDGE('',*,*,#2345,.F.);
#4572 = PLANE('',#4573);
#4573 = AXIS2_PLACEMENT_3D('',#4574,#4575,#4576);
#4574 = CARTESIAN_POINT('',(-3.571702822415,13.329776402789,7.));
#4575 = DIRECTION('',(0.290284677254,-0.956940335732,0.));
#4576 = DIRECTION('',(-0.956940335732,-0.290284677254,0.));
#4577 = ADVANCED_FACE('',(#4578),#4589,.F.);
#4578 = FACE_BOUND('',#4579,.F.);
#4579 = EDGE_LOOP('',(#4580,#4586,#4587,#4588));
#4580 = ORIENTED_EDGE('',*,*,#4581,.T.);
#4581 = EDGE_CURVE('',#2650,#3414,#4582,.T.);
#4582 = LINE('',#4583,#4584);
#4583 = CARTESIAN_POINT('',(-4.435864621184,-13.06763578703,7.));
#4584 = VECTOR('',#4585,1.);
#4585 = DIRECTION('',(0.,0.,1.));
#4586 = ORIENTED_EDGE('',*,*,#3421,.T.);
#4587 = ORIENTED_EDGE('',*,*,#4547,.F.);
#4588 = ORIENTED_EDGE('',*,*,#2657,.F.);
#4589 = PLANE('',#4590);
#4590 = AXIS2_PLACEMENT_3D('',#4591,#4592,#4593);
#4591 = CARTESIAN_POINT('',(-4.435864621184,-13.06763578703,7.));
#4592 = DIRECTION('',(0.290284677254,0.956940335732,0.));
#4593 = DIRECTION('',(0.956940335732,-0.290284677254,0.));
#4594 = ADVANCED_FACE('',(#4595),#4606,.F.);
#4595 = FACE_BOUND('',#4596,.F.);
#4596 = EDGE_LOOP('',(#4597,#4598,#4599,#4605));
#4597 = ORIENTED_EDGE('',*,*,#4566,.T.);
#4598 = ORIENTED_EDGE('',*,*,#3117,.T.);
#4599 = ORIENTED_EDGE('',*,*,#4600,.F.);
#4600 = EDGE_CURVE('',#2354,#3118,#4601,.T.);
#4601 = LINE('',#4602,#4603);
#4602 = CARTESIAN_POINT('',(-3.94163935336,9.515959184866,7.));
#4603 = VECTOR('',#4604,1.);
#4604 = DIRECTION('',(0.,0.,1.));
#4605 = ORIENTED_EDGE('',*,*,#2353,.F.);
#4606 = PLANE('',#4607);
#4607 = AXIS2_PLACEMENT_3D('',#4608,#4609,#4610);
#4608 = CARTESIAN_POINT('',(-4.435864621184,13.067635787032,7.));
#4609 = DIRECTION('',(0.990456640653,0.137824682066,0.));
#4610 = DIRECTION('',(0.137824682066,-0.990456640653,0.));
#4611 = ADVANCED_FACE('',(#4612),#4623,.F.);
#4612 = FACE_BOUND('',#4613,.F.);
#4613 = EDGE_LOOP('',(#4614,#4620,#4621,#4622));
#4614 = ORIENTED_EDGE('',*,*,#4615,.T.);
#4615 = EDGE_CURVE('',#2642,#3406,#4616,.T.);
#4616 = LINE('',#4617,#4618);
#4617 = CARTESIAN_POINT('',(-5.281031366638,-12.74953754865,7.));
#4618 = VECTOR('',#4619,1.);
#4619 = DIRECTION('',(0.,0.,1.));
#4620 = ORIENTED_EDGE('',*,*,#3413,.T.);
#4621 = ORIENTED_EDGE('',*,*,#4581,.F.);
#4622 = ORIENTED_EDGE('',*,*,#2649,.F.);
#4623 = PLANE('',#4624);
#4624 = AXIS2_PLACEMENT_3D('',#4625,#4626,#4627);
#4625 = CARTESIAN_POINT('',(-5.281031366638,-12.74953754865,7.));
#4626 = DIRECTION('',(0.352250047921,0.935905926757,0.));
#4627 = DIRECTION('',(0.935905926757,-0.352250047921,0.));
#4628 = ADVANCED_FACE('',(#4629),#4640,.F.);
#4629 = FACE_BOUND('',#4630,.F.);
#4630 = EDGE_LOOP('',(#4631,#4632,#4633,#4639));
#4631 = ORIENTED_EDGE('',*,*,#4600,.T.);
#4632 = ORIENTED_EDGE('',*,*,#3125,.T.);
#4633 = ORIENTED_EDGE('',*,*,#4634,.F.);
#4634 = EDGE_CURVE('',#2362,#3126,#4635,.T.);
#4635 = LINE('',#4636,#4637);
#4636 = CARTESIAN_POINT('',(-4.555573509256,9.237789237787,7.));
#4637 = VECTOR('',#4638,1.);
#4638 = DIRECTION('',(0.,0.,1.));
#4639 = ORIENTED_EDGE('',*,*,#2361,.F.);
#4640 = PLANE('',#4641);
#4641 = AXIS2_PLACEMENT_3D('',#4642,#4643,#4644);
#4642 = CARTESIAN_POINT('',(-3.94163935336,9.515959184866,7.));
#4643 = DIRECTION('',(0.412707029804,-0.910863824921,0.));
#4644 = DIRECTION('',(-0.910863824921,-0.412707029804,0.));
#4645 = ADVANCED_FACE('',(#4646),#4657,.F.);
#4646 = FACE_BOUND('',#4647,.F.);
#4647 = EDGE_LOOP('',(#4648,#4654,#4655,#4656));
#4648 = ORIENTED_EDGE('',*,*,#4649,.T.);
#4649 = EDGE_CURVE('',#2634,#3398,#4650,.T.);
#4650 = LINE('',#4651,#4652);
#4651 = CARTESIAN_POINT('',(-4.555573509256,-9.237789237787,7.));
#4652 = VECTOR('',#4653,1.);
#4653 = DIRECTION('',(0.,0.,1.));
#4654 = ORIENTED_EDGE('',*,*,#3405,.T.);
#4655 = ORIENTED_EDGE('',*,*,#4615,.F.);
#4656 = ORIENTED_EDGE('',*,*,#2641,.F.);
#4657 = PLANE('',#4658);
#4658 = AXIS2_PLACEMENT_3D('',#4659,#4660,#4661);
#4659 = CARTESIAN_POINT('',(-4.555573509256,-9.237789237787,7.));
#4660 = DIRECTION('',(0.979321831464,-0.202308552507,0.));
#4661 = DIRECTION('',(-0.202308552507,-0.979321831464,0.));
#4662 = ADVANCED_FACE('',(#4663),#4674,.F.);
#4663 = FACE_BOUND('',#4664,.F.);
#4664 = EDGE_LOOP('',(#4665,#4666,#4667,#4673));
#4665 = ORIENTED_EDGE('',*,*,#4634,.T.);
#4666 = ORIENTED_EDGE('',*,*,#3133,.T.);
#4667 = ORIENTED_EDGE('',*,*,#4668,.F.);
#4668 = EDGE_CURVE('',#2370,#3134,#4669,.T.);
#4669 = LINE('',#4670,#4671);
#4670 = CARTESIAN_POINT('',(-5.15,8.92006165898,7.));
#4671 = VECTOR('',#4672,1.);
#4672 = DIRECTION('',(0.,0.,1.));
#4673 = ORIENTED_EDGE('',*,*,#2369,.F.);
#4674 = PLANE('',#4675);
#4675 = AXIS2_PLACEMENT_3D('',#4676,#4677,#4678);
#4676 = CARTESIAN_POINT('',(-4.555573509256,9.237789237787,7.));
#4677 = DIRECTION('',(0.471396736826,-0.881921264348,0.));
#4678 = DIRECTION('',(-0.881921264348,-0.471396736826,0.));
#4679 = ADVANCED_FACE('',(#4680),#4691,.F.);
#4680 = FACE_BOUND('',#4681,.F.);
#4681 = EDGE_LOOP('',(#4682,#4688,#4689,#4690));
#4682 = ORIENTED_EDGE('',*,*,#4683,.T.);
#4683 = EDGE_CURVE('',#2626,#3390,#4684,.T.);
#4684 = LINE('',#4685,#4686);
#4685 = CARTESIAN_POINT('',(-5.15,-8.92006165898,7.));
#4686 = VECTOR('',#4687,1.);
#4687 = DIRECTION('',(0.,0.,1.));
#4688 = ORIENTED_EDGE('',*,*,#3397,.T.);
#4689 = ORIENTED_EDGE('',*,*,#4649,.F.);
#4690 = ORIENTED_EDGE('',*,*,#2633,.F.);
#4691 = PLANE('',#4692);
#4692 = AXIS2_PLACEMENT_3D('',#4693,#4694,#4695);
#4693 = CARTESIAN_POINT('',(-5.15,-8.92006165898,7.));
#4694 = DIRECTION('',(0.471396736826,0.881921264348,0.));
#4695 = DIRECTION('',(0.881921264348,-0.471396736826,0.));
#4696 = ADVANCED_FACE('',(#4697),#4708,.F.);
#4697 = FACE_BOUND('',#4698,.F.);
#4698 = EDGE_LOOP('',(#4699,#4700,#4701,#4707));
#4699 = ORIENTED_EDGE('',*,*,#4668,.T.);
#4700 = ORIENTED_EDGE('',*,*,#3141,.T.);
#4701 = ORIENTED_EDGE('',*,*,#4702,.F.);
#4702 = EDGE_CURVE('',#2378,#3142,#4703,.T.);
#4703 = LINE('',#4704,#4705);
#4704 = CARTESIAN_POINT('',(-5.722373400102,8.564137006716,7.));
#4705 = VECTOR('',#4706,1.);
#4706 = DIRECTION('',(0.,0.,1.));
#4707 = ORIENTED_EDGE('',*,*,#2377,.F.);
#4708 = PLANE('',#4709);
#4709 = AXIS2_PLACEMENT_3D('',#4710,#4711,#4712);
#4710 = CARTESIAN_POINT('',(-5.15,8.92006165898,7.));
#4711 = DIRECTION('',(0.52806785065,-0.849202181527,0.));
#4712 = DIRECTION('',(-0.849202181527,-0.52806785065,0.));
#4713 = ADVANCED_FACE('',(#4714),#4725,.F.);
#4714 = FACE_BOUND('',#4715,.F.);
#4715 = EDGE_LOOP('',(#4716,#4722,#4723,#4724));
#4716 = ORIENTED_EDGE('',*,*,#4717,.T.);
#4717 = EDGE_CURVE('',#2618,#3382,#4718,.T.);
#4718 = LINE('',#4719,#4720);
#4719 = CARTESIAN_POINT('',(-5.722373400102,-8.564137006716,7.));
#4720 = VECTOR('',#4721,1.);
#4721 = DIRECTION('',(0.,0.,1.));
#4722 = ORIENTED_EDGE('',*,*,#3389,.T.);
#4723 = ORIENTED_EDGE('',*,*,#4683,.F.);
#4724 = ORIENTED_EDGE('',*,*,#2625,.F.);
#4725 = PLANE('',#4726);
#4726 = AXIS2_PLACEMENT_3D('',#4727,#4728,#4729);
#4727 = CARTESIAN_POINT('',(-5.722373400102,-8.564137006716,7.));
#4728 = DIRECTION('',(0.52806785065,0.849202181527,0.));
#4729 = DIRECTION('',(0.849202181527,-0.52806785065,0.));
#4730 = ADVANCED_FACE('',(#4731),#4742,.F.);
#4731 = FACE_BOUND('',#4732,.F.);
#4732 = EDGE_LOOP('',(#4733,#4734,#4735,#4741));
#4733 = ORIENTED_EDGE('',*,*,#4702,.T.);
#4734 = ORIENTED_EDGE('',*,*,#3149,.T.);
#4735 = ORIENTED_EDGE('',*,*,#4736,.F.);
#4736 = EDGE_CURVE('',#2386,#3150,#4737,.T.);
#4737 = LINE('',#4738,#4739);
#4738 = CARTESIAN_POINT('',(-8.40090772032,10.948276096019,7.));
#4739 = VECTOR('',#4740,1.);
#4740 = DIRECTION('',(0.,0.,1.));
#4741 = ORIENTED_EDGE('',*,*,#2385,.F.);
#4742 = PLANE('',#4743);
#4743 = AXIS2_PLACEMENT_3D('',#4744,#4745,#4746);
#4744 = CARTESIAN_POINT('',(-5.722373400102,8.564137006716,7.));
#4745 = DIRECTION('',(-0.664865261606,-0.746963308275,0.));
#4746 = DIRECTION('',(-0.746963308275,0.664865261606,0.));
#4747 = ADVANCED_FACE('',(#4748),#4759,.F.);
#4748 = FACE_BOUND('',#4749,.F.);
#4749 = EDGE_LOOP('',(#4750,#4756,#4757,#4758));
#4750 = ORIENTED_EDGE('',*,*,#4751,.T.);
#4751 = EDGE_CURVE('',#2610,#3374,#4752,.T.);
#4752 = LINE('',#4753,#4754);
#4753 = CARTESIAN_POINT('',(-6.27024271879,-8.171539405,7.));
#4754 = VECTOR('',#4755,1.);
#4755 = DIRECTION('',(0.,0.,1.));
#4756 = ORIENTED_EDGE('',*,*,#3381,.T.);
#4757 = ORIENTED_EDGE('',*,*,#4717,.F.);
#4758 = ORIENTED_EDGE('',*,*,#2617,.F.);
#4759 = PLANE('',#4760);
#4760 = AXIS2_PLACEMENT_3D('',#4761,#4762,#4763);
#4761 = CARTESIAN_POINT('',(-6.27024271879,-8.171539405,7.));
#4762 = DIRECTION('',(0.582477696868,0.812846684592,0.));
#4763 = DIRECTION('',(0.812846684592,-0.582477696868,0.));
#4764 = ADVANCED_FACE('',(#4765),#4776,.F.);
#4765 = FACE_BOUND('',#4766,.F.);
#4766 = EDGE_LOOP('',(#4767,#4768,#4769,#4775));
#4767 = ORIENTED_EDGE('',*,*,#4736,.T.);
#4768 = ORIENTED_EDGE('',*,*,#3157,.T.);
#4769 = ORIENTED_EDGE('',*,*,#4770,.F.);
#4770 = EDGE_CURVE('',#2394,#3158,#4771,.T.);
#4771 = LINE('',#4772,#4773);
#4772 = CARTESIAN_POINT('',(-9.098972248381,10.37538934321,7.));
#4773 = VECTOR('',#4774,1.);
#4774 = DIRECTION('',(0.,0.,1.));
#4775 = ORIENTED_EDGE('',*,*,#2393,.F.);
#4776 = PLANE('',#4777);
#4777 = AXIS2_PLACEMENT_3D('',#4778,#4779,#4780);
#4778 = CARTESIAN_POINT('',(-8.40090772032,10.948276096019,7.));
#4779 = DIRECTION('',(0.634393284164,-0.773010453363,0.));
#4780 = DIRECTION('',(-0.773010453363,-0.634393284164,0.));
#4781 = ADVANCED_FACE('',(#4782),#4793,.F.);
#4782 = FACE_BOUND('',#4783,.F.);
#4783 = EDGE_LOOP('',(#4784,#4790,#4791,#4792));
#4784 = ORIENTED_EDGE('',*,*,#4785,.T.);
#4785 = EDGE_CURVE('',#2602,#3366,#4786,.T.);
#4786 = LINE('',#4787,#4788);
#4787 = CARTESIAN_POINT('',(-9.098972248381,-10.37538934321,7.));
#4788 = VECTOR('',#4789,1.);
#4789 = DIRECTION('',(0.,0.,1.));
#4790 = ORIENTED_EDGE('',*,*,#3373,.T.);
#4791 = ORIENTED_EDGE('',*,*,#4751,.F.);
#4792 = ORIENTED_EDGE('',*,*,#2609,.F.);
#4793 = PLANE('',#4794);
#4794 = AXIS2_PLACEMENT_3D('',#4795,#4796,#4797);
#4795 = CARTESIAN_POINT('',(-9.098972248381,-10.37538934321,7.));
#4796 = DIRECTION('',(-0.614587996264,0.78884827112,0.));
#4797 = DIRECTION('',(0.78884827112,0.614587996264,0.));
#4798 = ADVANCED_FACE('',(#4799),#4810,.F.);
#4799 = FACE_BOUND('',#4800,.F.);
#4800 = EDGE_LOOP('',(#4801,#4802,#4803,#4809));
#4801 = ORIENTED_EDGE('',*,*,#4770,.T.);
#4802 = ORIENTED_EDGE('',*,*,#3165,.T.);
#4803 = ORIENTED_EDGE('',*,*,#4804,.F.);
#4804 = EDGE_CURVE('',#2402,#3166,#4805,.T.);
#4805 = LINE('',#4806,#4807);
#4806 = CARTESIAN_POINT('',(-9.758073580374,9.758073580374,7.));
#4807 = VECTOR('',#4808,1.);
#4808 = DIRECTION('',(0.,0.,1.));
#4809 = ORIENTED_EDGE('',*,*,#2401,.F.);
#4810 = PLANE('',#4811);
#4811 = AXIS2_PLACEMENT_3D('',#4812,#4813,#4814);
#4812 = CARTESIAN_POINT('',(-9.098972248381,10.37538934321,7.));
#4813 = DIRECTION('',(0.683592302023,-0.729864072698,0.));
#4814 = DIRECTION('',(-0.729864072698,-0.683592302023,0.));
#4815 = ADVANCED_FACE('',(#4816),#4827,.F.);
#4816 = FACE_BOUND('',#4817,.F.);
#4817 = EDGE_LOOP('',(#4818,#4824,#4825,#4826));
#4818 = ORIENTED_EDGE('',*,*,#4819,.T.);
#4819 = EDGE_CURVE('',#2594,#3358,#4820,.T.);
#4820 = LINE('',#4821,#4822);
#4821 = CARTESIAN_POINT('',(-9.758073580374,-9.758073580374,7.));
#4822 = VECTOR('',#4823,1.);
#4823 = DIRECTION('',(0.,0.,1.));
#4824 = ORIENTED_EDGE('',*,*,#3365,.T.);
#4825 = ORIENTED_EDGE('',*,*,#4785,.F.);
#4826 = ORIENTED_EDGE('',*,*,#2601,.F.);
#4827 = PLANE('',#4828);
#4828 = AXIS2_PLACEMENT_3D('',#4829,#4830,#4831);
#4829 = CARTESIAN_POINT('',(-9.758073580374,-9.758073580374,7.));
#4830 = DIRECTION('',(0.683592302023,0.729864072698,0.));
#4831 = DIRECTION('',(0.729864072698,-0.683592302023,0.));
#4832 = ADVANCED_FACE('',(#4833),#4844,.F.);
#4833 = FACE_BOUND('',#4834,.F.);
#4834 = EDGE_LOOP('',(#4835,#4836,#4837,#4843));
#4835 = ORIENTED_EDGE('',*,*,#4804,.T.);
#4836 = ORIENTED_EDGE('',*,*,#3173,.T.);
#4837 = ORIENTED_EDGE('',*,*,#4838,.F.);
#4838 = EDGE_CURVE('',#2410,#3174,#4839,.T.);
#4839 = LINE('',#4840,#4841);
#4840 = CARTESIAN_POINT('',(-10.37538934321,9.098972248381,7.));
#4841 = VECTOR('',#4842,1.);
#4842 = DIRECTION('',(0.,0.,1.));
#4843 = ORIENTED_EDGE('',*,*,#2409,.F.);
#4844 = PLANE('',#4845);
#4845 = AXIS2_PLACEMENT_3D('',#4846,#4847,#4848);
#4846 = CARTESIAN_POINT('',(-9.758073580374,9.758073580374,7.));
#4847 = DIRECTION('',(0.729864072698,-0.683592302023,0.));
#4848 = DIRECTION('',(-0.683592302023,-0.729864072698,0.));
#4849 = ADVANCED_FACE('',(#4850),#4861,.F.);
#4850 = FACE_BOUND('',#4851,.F.);
#4851 = EDGE_LOOP('',(#4852,#4858,#4859,#4860));
#4852 = ORIENTED_EDGE('',*,*,#4853,.T.);
#4853 = EDGE_CURVE('',#2586,#3350,#4854,.T.);
#4854 = LINE('',#4855,#4856);
#4855 = CARTESIAN_POINT('',(-10.37538934321,-9.098972248381,7.));
#4856 = VECTOR('',#4857,1.);
#4857 = DIRECTION('',(0.,0.,1.));
#4858 = ORIENTED_EDGE('',*,*,#3357,.T.);
#4859 = ORIENTED_EDGE('',*,*,#4819,.F.);
#4860 = ORIENTED_EDGE('',*,*,#2593,.F.);
#4861 = PLANE('',#4862);
#4862 = AXIS2_PLACEMENT_3D('',#4863,#4864,#4865);
#4863 = CARTESIAN_POINT('',(-10.37538934321,-9.098972248381,7.));
#4864 = DIRECTION('',(0.729864072698,0.683592302023,0.));
#4865 = DIRECTION('',(0.683592302023,-0.729864072698,0.));
#4866 = ADVANCED_FACE('',(#4867),#4878,.F.);
#4867 = FACE_BOUND('',#4868,.F.);
#4868 = EDGE_LOOP('',(#4869,#4870,#4871,#4877));
#4869 = ORIENTED_EDGE('',*,*,#4838,.T.);
#4870 = ORIENTED_EDGE('',*,*,#3181,.T.);
#4871 = ORIENTED_EDGE('',*,*,#4872,.F.);
#4872 = EDGE_CURVE('',#2418,#3182,#4873,.T.);
#4873 = LINE('',#4874,#4875);
#4874 = CARTESIAN_POINT('',(-8.171539405,6.27024271879,7.));
#4875 = VECTOR('',#4876,1.);
#4876 = DIRECTION('',(0.,0.,1.));
#4877 = ORIENTED_EDGE('',*,*,#2417,.F.);
#4878 = PLANE('',#4879);
#4879 = AXIS2_PLACEMENT_3D('',#4880,#4881,#4882);
#4880 = CARTESIAN_POINT('',(-10.37538934321,9.098972248381,7.));
#4881 = DIRECTION('',(0.78884827112,0.614587996264,0.));
#4882 = DIRECTION('',(0.614587996264,-0.78884827112,0.));
#4883 = ADVANCED_FACE('',(#4884),#4895,.F.);
#4884 = FACE_BOUND('',#4885,.F.);
#4885 = EDGE_LOOP('',(#4886,#4892,#4893,#4894));
#4886 = ORIENTED_EDGE('',*,*,#4887,.T.);
#4887 = EDGE_CURVE('',#2578,#3342,#4888,.T.);
#4888 = LINE('',#4889,#4890);
#4889 = CARTESIAN_POINT('',(-10.94827609601,-8.40090772032,7.));
#4890 = VECTOR('',#4891,1.);
#4891 = DIRECTION('',(0.,0.,1.));
#4892 = ORIENTED_EDGE('',*,*,#3349,.T.);
#4893 = ORIENTED_EDGE('',*,*,#4853,.F.);
#4894 = ORIENTED_EDGE('',*,*,#2585,.F.);
#4895 = PLANE('',#4896);
#4896 = AXIS2_PLACEMENT_3D('',#4897,#4898,#4899);
#4897 = CARTESIAN_POINT('',(-10.94827609601,-8.40090772032,7.));
#4898 = DIRECTION('',(0.773010453363,0.634393284164,0.));
#4899 = DIRECTION('',(0.634393284164,-0.773010453363,0.));
#4900 = ADVANCED_FACE('',(#4901),#4912,.F.);
#4901 = FACE_BOUND('',#4902,.F.);
#4902 = EDGE_LOOP('',(#4903,#4904,#4905,#4911));
#4903 = ORIENTED_EDGE('',*,*,#4872,.T.);
#4904 = ORIENTED_EDGE('',*,*,#3189,.T.);
#4905 = ORIENTED_EDGE('',*,*,#4906,.F.);
#4906 = EDGE_CURVE('',#2426,#3190,#4907,.T.);
#4907 = LINE('',#4908,#4909);
#4908 = CARTESIAN_POINT('',(-8.564137006716,5.722373400102,7.));
#4909 = VECTOR('',#4910,1.);
#4910 = DIRECTION('',(0.,0.,1.));
#4911 = ORIENTED_EDGE('',*,*,#2425,.F.);
#4912 = PLANE('',#4913);
#4913 = AXIS2_PLACEMENT_3D('',#4914,#4915,#4916);
#4914 = CARTESIAN_POINT('',(-8.171539405,6.27024271879,7.));
#4915 = DIRECTION('',(0.812846684592,-0.582477696868,0.));
#4916 = DIRECTION('',(-0.582477696868,-0.812846684592,0.));
#4917 = ADVANCED_FACE('',(#4918),#4929,.F.);
#4918 = FACE_BOUND('',#4919,.F.);
#4919 = EDGE_LOOP('',(#4920,#4926,#4927,#4928));
#4920 = ORIENTED_EDGE('',*,*,#4921,.T.);
#4921 = EDGE_CURVE('',#2570,#3334,#4922,.T.);
#4922 = LINE('',#4923,#4924);
#4923 = CARTESIAN_POINT('',(-8.564137006716,-5.722373400102,7.));
#4924 = VECTOR('',#4925,1.);
#4925 = DIRECTION('',(0.,0.,1.));
#4926 = ORIENTED_EDGE('',*,*,#3341,.T.);
#4927 = ORIENTED_EDGE('',*,*,#4887,.F.);
#4928 = ORIENTED_EDGE('',*,*,#2577,.F.);
#4929 = PLANE('',#4930);
#4930 = AXIS2_PLACEMENT_3D('',#4931,#4932,#4933);
#4931 = CARTESIAN_POINT('',(-8.564137006716,-5.722373400102,7.));
#4932 = DIRECTION('',(0.746963308275,-0.664865261606,0.));
#4933 = DIRECTION('',(-0.664865261606,-0.746963308275,0.));
#4934 = ADVANCED_FACE('',(#4935),#4946,.F.);
#4935 = FACE_BOUND('',#4936,.F.);
#4936 = EDGE_LOOP('',(#4937,#4938,#4939,#4945));
#4937 = ORIENTED_EDGE('',*,*,#4906,.T.);
#4938 = ORIENTED_EDGE('',*,*,#3197,.T.);
#4939 = ORIENTED_EDGE('',*,*,#4940,.F.);
#4940 = EDGE_CURVE('',#2434,#3198,#4941,.T.);
#4941 = LINE('',#4942,#4943);
#4942 = CARTESIAN_POINT('',(-8.92006165898,5.15,7.));
#4943 = VECTOR('',#4944,1.);
#4944 = DIRECTION('',(0.,0.,1.));
#4945 = ORIENTED_EDGE('',*,*,#2433,.F.);
#4946 = PLANE('',#4947);
#4947 = AXIS2_PLACEMENT_3D('',#4948,#4949,#4950);
#4948 = CARTESIAN_POINT('',(-8.564137006716,5.722373400102,7.));
#4949 = DIRECTION('',(0.849202181527,-0.52806785065,0.));
#4950 = DIRECTION('',(-0.52806785065,-0.849202181527,0.));
#4951 = ADVANCED_FACE('',(#4952),#4963,.F.);
#4952 = FACE_BOUND('',#4953,.F.);
#4953 = EDGE_LOOP('',(#4954,#4960,#4961,#4962));
#4954 = ORIENTED_EDGE('',*,*,#4955,.T.);
#4955 = EDGE_CURVE('',#2562,#3326,#4956,.T.);
#4956 = LINE('',#4957,#4958);
#4957 = CARTESIAN_POINT('',(-8.92006165898,-5.15,7.));
#4958 = VECTOR('',#4959,1.);
#4959 = DIRECTION('',(0.,0.,1.));
#4960 = ORIENTED_EDGE('',*,*,#3333,.T.);
#4961 = ORIENTED_EDGE('',*,*,#4921,.F.);
#4962 = ORIENTED_EDGE('',*,*,#2569,.F.);
#4963 = PLANE('',#4964);
#4964 = AXIS2_PLACEMENT_3D('',#4965,#4966,#4967);
#4965 = CARTESIAN_POINT('',(-8.92006165898,-5.15,7.));
#4966 = DIRECTION('',(0.849202181527,0.52806785065,0.));
#4967 = DIRECTION('',(0.52806785065,-0.849202181527,0.));
#4968 = ADVANCED_FACE('',(#4969),#4980,.F.);
#4969 = FACE_BOUND('',#4970,.F.);
#4970 = EDGE_LOOP('',(#4971,#4972,#4973,#4979));
#4971 = ORIENTED_EDGE('',*,*,#4940,.T.);
#4972 = ORIENTED_EDGE('',*,*,#3205,.T.);
#4973 = ORIENTED_EDGE('',*,*,#4974,.F.);
#4974 = EDGE_CURVE('',#2442,#3206,#4975,.T.);
#4975 = LINE('',#4976,#4977);
#4976 = CARTESIAN_POINT('',(-9.237789237787,4.555573509256,7.));
#4977 = VECTOR('',#4978,1.);
#4978 = DIRECTION('',(0.,0.,1.));
#4979 = ORIENTED_EDGE('',*,*,#2441,.F.);
#4980 = PLANE('',#4981);
#4981 = AXIS2_PLACEMENT_3D('',#4982,#4983,#4984);
#4982 = CARTESIAN_POINT('',(-8.92006165898,5.15,7.));
#4983 = DIRECTION('',(0.881921264348,-0.471396736826,0.));
#4984 = DIRECTION('',(-0.471396736826,-0.881921264348,0.));
#4985 = ADVANCED_FACE('',(#4986),#4997,.F.);
#4986 = FACE_BOUND('',#4987,.F.);
#4987 = EDGE_LOOP('',(#4988,#4994,#4995,#4996));
#4988 = ORIENTED_EDGE('',*,*,#4989,.T.);
#4989 = EDGE_CURVE('',#2554,#3318,#4990,.T.);
#4990 = LINE('',#4991,#4992);
#4991 = CARTESIAN_POINT('',(-9.237789237787,-4.555573509256,7.));
#4992 = VECTOR('',#4993,1.);
#4993 = DIRECTION('',(0.,0.,1.));
#4994 = ORIENTED_EDGE('',*,*,#3325,.T.);
#4995 = ORIENTED_EDGE('',*,*,#4955,.F.);
#4996 = ORIENTED_EDGE('',*,*,#2561,.F.);
#4997 = PLANE('',#4998);
#4998 = AXIS2_PLACEMENT_3D('',#4999,#5000,#5001);
#4999 = CARTESIAN_POINT('',(-9.237789237787,-4.555573509256,7.));
#5000 = DIRECTION('',(0.881921264348,0.471396736826,0.));
#5001 = DIRECTION('',(0.471396736826,-0.881921264348,0.));
#5002 = ADVANCED_FACE('',(#5003),#5014,.F.);
#5003 = FACE_BOUND('',#5004,.F.);
#5004 = EDGE_LOOP('',(#5005,#5006,#5007,#5013));
#5005 = ORIENTED_EDGE('',*,*,#4974,.T.);
#5006 = ORIENTED_EDGE('',*,*,#3213,.T.);
#5007 = ORIENTED_EDGE('',*,*,#5008,.F.);
#5008 = EDGE_CURVE('',#2450,#3214,#5009,.T.);
#5009 = LINE('',#5010,#5011);
#5010 = CARTESIAN_POINT('',(-12.74953754865,5.281031366638,7.));
#5011 = VECTOR('',#5012,1.);
#5012 = DIRECTION('',(0.,0.,1.));
#5013 = ORIENTED_EDGE('',*,*,#2449,.F.);
#5014 = PLANE('',#5015);
#5015 = AXIS2_PLACEMENT_3D('',#5016,#5017,#5018);
#5016 = CARTESIAN_POINT('',(-9.237789237787,4.555573509256,7.));
#5017 = DIRECTION('',(-0.202308552507,-0.979321831464,0.));
#5018 = DIRECTION('',(-0.979321831464,0.202308552507,0.));
#5019 = ADVANCED_FACE('',(#5020),#5031,.F.);
#5020 = FACE_BOUND('',#5021,.F.);
#5021 = EDGE_LOOP('',(#5022,#5028,#5029,#5030));
#5022 = ORIENTED_EDGE('',*,*,#5023,.T.);
#5023 = EDGE_CURVE('',#2546,#3310,#5024,.T.);
#5024 = LINE('',#5025,#5026);
#5025 = CARTESIAN_POINT('',(-9.515959184866,-3.94163935336,7.));
#5026 = VECTOR('',#5027,1.);
#5027 = DIRECTION('',(0.,0.,1.));
#5028 = ORIENTED_EDGE('',*,*,#3317,.T.);
#5029 = ORIENTED_EDGE('',*,*,#4989,.F.);
#5030 = ORIENTED_EDGE('',*,*,#2553,.F.);
#5031 = PLANE('',#5032);
#5032 = AXIS2_PLACEMENT_3D('',#5033,#5034,#5035);
#5033 = CARTESIAN_POINT('',(-9.515959184866,-3.94163935336,7.));
#5034 = DIRECTION('',(0.910863824921,0.412707029804,0.));
#5035 = DIRECTION('',(0.412707029804,-0.910863824921,0.));
#5036 = ADVANCED_FACE('',(#5037),#5048,.F.);
#5037 = FACE_BOUND('',#5038,.F.);
#5038 = EDGE_LOOP('',(#5039,#5040,#5041,#5047));
#5039 = ORIENTED_EDGE('',*,*,#5008,.T.);
#5040 = ORIENTED_EDGE('',*,*,#3221,.T.);
#5041 = ORIENTED_EDGE('',*,*,#5042,.F.);
#5042 = EDGE_CURVE('',#2458,#3222,#5043,.T.);
#5043 = LINE('',#5044,#5045);
#5044 = CARTESIAN_POINT('',(-13.06763578703,4.435864621184,7.));
#5045 = VECTOR('',#5046,1.);
#5046 = DIRECTION('',(0.,0.,1.));
#5047 = ORIENTED_EDGE('',*,*,#2457,.F.);
#5048 = PLANE('',#5049);
#5049 = AXIS2_PLACEMENT_3D('',#5050,#5051,#5052);
#5050 = CARTESIAN_POINT('',(-12.74953754865,5.281031366638,7.));
#5051 = DIRECTION('',(0.935905926757,-0.352250047921,0.));
#5052 = DIRECTION('',(-0.352250047921,-0.935905926757,0.));
#5053 = ADVANCED_FACE('',(#5054),#5065,.F.);
#5054 = FACE_BOUND('',#5055,.F.);
#5055 = EDGE_LOOP('',(#5056,#5062,#5063,#5064));
#5056 = ORIENTED_EDGE('',*,*,#5057,.T.);
#5057 = EDGE_CURVE('',#2538,#3302,#5058,.T.);
#5058 = LINE('',#5059,#5060);
#5059 = CARTESIAN_POINT('',(-13.06763578703,-4.435864621184,7.));
#5060 = VECTOR('',#5061,1.);
#5061 = DIRECTION('',(0.,0.,1.));
#5062 = ORIENTED_EDGE('',*,*,#3309,.T.);
#5063 = ORIENTED_EDGE('',*,*,#5023,.F.);
#5064 = ORIENTED_EDGE('',*,*,#2545,.F.);
#5065 = PLANE('',#5066);
#5066 = AXIS2_PLACEMENT_3D('',#5067,#5068,#5069);
#5067 = CARTESIAN_POINT('',(-13.06763578703,-4.435864621184,7.));
#5068 = DIRECTION('',(-0.137824682066,0.990456640653,0.));
#5069 = DIRECTION('',(0.990456640653,0.137824682066,0.));
#5070 = ADVANCED_FACE('',(#5071),#5082,.F.);
#5071 = FACE_BOUND('',#5072,.F.);
#5072 = EDGE_LOOP('',(#5073,#5074,#5075,#5081));
#5073 = ORIENTED_EDGE('',*,*,#5042,.T.);
#5074 = ORIENTED_EDGE('',*,*,#3229,.T.);
#5075 = ORIENTED_EDGE('',*,*,#5076,.F.);
#5076 = EDGE_CURVE('',#2466,#3230,#5077,.T.);
#5077 = LINE('',#5078,#5079);
#5078 = CARTESIAN_POINT('',(-13.32977640278,3.571702822415,7.));
#5079 = VECTOR('',#5080,1.);
#5080 = DIRECTION('',(0.,0.,1.));
#5081 = ORIENTED_EDGE('',*,*,#2465,.F.);
#5082 = PLANE('',#5083);
#5083 = AXIS2_PLACEMENT_3D('',#5084,#5085,#5086);
#5084 = CARTESIAN_POINT('',(-13.06763578703,4.435864621184,7.));
#5085 = DIRECTION('',(0.956940335732,-0.290284677254,0.));
#5086 = DIRECTION('',(-0.290284677254,-0.956940335732,0.));
#5087 = ADVANCED_FACE('',(#5088),#5099,.F.);
#5088 = FACE_BOUND('',#5089,.F.);
#5089 = EDGE_LOOP('',(#5090,#5096,#5097,#5098));
#5090 = ORIENTED_EDGE('',*,*,#5091,.T.);
#5091 = EDGE_CURVE('',#2530,#3294,#5092,.T.);
#5092 = LINE('',#5093,#5094);
#5093 = CARTESIAN_POINT('',(-13.32977640278,-3.571702822415,7.));
#5094 = VECTOR('',#5095,1.);
#5095 = DIRECTION('',(0.,0.,1.));
#5096 = ORIENTED_EDGE('',*,*,#3301,.T.);
#5097 = ORIENTED_EDGE('',*,*,#5057,.F.);
#5098 = ORIENTED_EDGE('',*,*,#2537,.F.);
#5099 = PLANE('',#5100);
#5100 = AXIS2_PLACEMENT_3D('',#5101,#5102,#5103);
#5101 = CARTESIAN_POINT('',(-13.32977640278,-3.571702822415,7.));
#5102 = DIRECTION('',(0.956940335732,0.290284677254,0.));
#5103 = DIRECTION('',(0.290284677254,-0.956940335732,0.));
#5104 = ADVANCED_FACE('',(#5105),#5116,.F.);
#5105 = FACE_BOUND('',#5106,.F.);
#5106 = EDGE_LOOP('',(#5107,#5108,#5109,#5115));
#5107 = ORIENTED_EDGE('',*,*,#5076,.T.);
#5108 = ORIENTED_EDGE('',*,*,#3237,.T.);
#5109 = ORIENTED_EDGE('',*,*,#5110,.F.);
#5110 = EDGE_CURVE('',#2474,#3238,#5111,.T.);
#5111 = LINE('',#5112,#5113);
#5112 = CARTESIAN_POINT('',(-13.53483686956,2.692246443823,7.));
#5113 = VECTOR('',#5114,1.);
#5114 = DIRECTION('',(0.,0.,1.));
#5115 = ORIENTED_EDGE('',*,*,#2473,.F.);
#5116 = PLANE('',#5117);
#5117 = AXIS2_PLACEMENT_3D('',#5118,#5119,#5120);
#5118 = CARTESIAN_POINT('',(-13.32977640278,3.571702822415,7.));
#5119 = DIRECTION('',(0.973876979277,-0.227076263034,0.));
#5120 = DIRECTION('',(-0.227076263034,-0.973876979277,0.));
#5121 = ADVANCED_FACE('',(#5122),#5133,.F.);
#5122 = FACE_BOUND('',#5123,.F.);
#5123 = EDGE_LOOP('',(#5124,#5130,#5131,#5132));
#5124 = ORIENTED_EDGE('',*,*,#5125,.T.);
#5125 = EDGE_CURVE('',#2522,#3286,#5126,.T.);
#5126 = LINE('',#5127,#5128);
#5127 = CARTESIAN_POINT('',(-13.53483686956,-2.692246443823,7.));
#5128 = VECTOR('',#5129,1.);
#5129 = DIRECTION('',(0.,0.,1.));
#5130 = ORIENTED_EDGE('',*,*,#3293,.T.);
#5131 = ORIENTED_EDGE('',*,*,#5091,.F.);
#5132 = ORIENTED_EDGE('',*,*,#2529,.F.);
#5133 = PLANE('',#5134);
#5134 = AXIS2_PLACEMENT_3D('',#5135,#5136,#5137);
#5135 = CARTESIAN_POINT('',(-13.53483686956,-2.692246443823,7.));
#5136 = DIRECTION('',(0.973876979277,0.227076263034,0.));
#5137 = DIRECTION('',(0.227076263034,-0.973876979277,0.));
#5138 = ADVANCED_FACE('',(#5139),#5150,.F.);
#5139 = FACE_BOUND('',#5140,.F.);
#5140 = EDGE_LOOP('',(#5141,#5142,#5143,#5149));
#5141 = ORIENTED_EDGE('',*,*,#5110,.T.);
#5142 = ORIENTED_EDGE('',*,*,#3245,.T.);
#5143 = ORIENTED_EDGE('',*,*,#5144,.F.);
#5144 = EDGE_CURVE('',#2482,#3246,#5145,.T.);
#5145 = LINE('',#5146,#5147);
#5146 = CARTESIAN_POINT('',(-10.21188207215,1.344419779867,7.));
#5147 = VECTOR('',#5148,1.);
#5148 = DIRECTION('',(0.,0.,1.));
#5149 = ORIENTED_EDGE('',*,*,#2481,.F.);
#5150 = PLANE('',#5151);
#5151 = AXIS2_PLACEMENT_3D('',#5152,#5153,#5154);
#5152 = CARTESIAN_POINT('',(-13.53483686956,2.692246443823,7.));
#5153 = DIRECTION('',(0.375868644389,0.926672953185,0.));
#5154 = DIRECTION('',(0.926672953185,-0.375868644389,0.));
#5155 = ADVANCED_FACE('',(#5156),#5167,.F.);
#5156 = FACE_BOUND('',#5157,.F.);
#5157 = EDGE_LOOP('',(#5158,#5164,#5165,#5166));
#5158 = ORIENTED_EDGE('',*,*,#5159,.T.);
#5159 = EDGE_CURVE('',#2514,#3278,#5160,.T.);
#5160 = LINE('',#5161,#5162);
#5161 = CARTESIAN_POINT('',(-13.68193908695,-1.801261452637,7.));
#5162 = VECTOR('',#5163,1.);
#5163 = DIRECTION('',(0.,0.,1.));
#5164 = ORIENTED_EDGE('',*,*,#3285,.T.);
#5165 = ORIENTED_EDGE('',*,*,#5125,.F.);
#5166 = ORIENTED_EDGE('',*,*,#2521,.F.);
#5167 = PLANE('',#5168);
#5168 = AXIS2_PLACEMENT_3D('',#5169,#5170,#5171);
#5169 = CARTESIAN_POINT('',(-13.68193908695,-1.801261452637,7.));
#5170 = DIRECTION('',(0.986643332085,0.162895473395,0.));
#5171 = DIRECTION('',(0.162895473395,-0.986643332085,0.));
#5172 = ADVANCED_FACE('',(#5173),#5184,.F.);
#5173 = FACE_BOUND('',#5174,.F.);
#5174 = EDGE_LOOP('',(#5175,#5176,#5177,#5183));
#5175 = ORIENTED_EDGE('',*,*,#5144,.T.);
#5176 = ORIENTED_EDGE('',*,*,#3253,.T.);
#5177 = ORIENTED_EDGE('',*,*,#5178,.F.);
#5178 = EDGE_CURVE('',#2490,#3254,#5179,.T.);
#5179 = LINE('',#5180,#5181);
#5180 = CARTESIAN_POINT('',(-10.27794690935,0.67365223107,7.));
#5181 = VECTOR('',#5182,1.);
#5182 = DIRECTION('',(0.,0.,1.));
#5183 = ORIENTED_EDGE('',*,*,#2489,.F.);
#5184 = PLANE('',#5185);
#5185 = AXIS2_PLACEMENT_3D('',#5186,#5187,#5188);
#5186 = CARTESIAN_POINT('',(-10.21188207215,1.344419779867,7.));
#5187 = DIRECTION('',(0.995184726672,-9.801714032956E-02,0.));
#5188 = DIRECTION('',(-9.801714032956E-02,-0.995184726672,0.));
#5189 = ADVANCED_FACE('',(#5190),#5201,.F.);
#5190 = FACE_BOUND('',#5191,.F.);
#5191 = EDGE_LOOP('',(#5192,#5198,#5199,#5200));
#5192 = ORIENTED_EDGE('',*,*,#5193,.T.);
#5193 = EDGE_CURVE('',#2506,#3270,#5194,.T.);
#5194 = LINE('',#5195,#5196);
#5195 = CARTESIAN_POINT('',(-10.27794690935,-0.67365223107,7.));
#5196 = VECTOR('',#5197,1.);
#5197 = DIRECTION('',(0.,0.,1.));
#5198 = ORIENTED_EDGE('',*,*,#3277,.T.);
#5199 = ORIENTED_EDGE('',*,*,#5159,.F.);
#5200 = ORIENTED_EDGE('',*,*,#2513,.F.);
#5201 = PLANE('',#5202);
#5202 = AXIS2_PLACEMENT_3D('',#5203,#5204,#5205);
#5203 = CARTESIAN_POINT('',(-10.27794690935,-0.67365223107,7.));
#5204 = DIRECTION('',(0.314456569858,-0.949271860782,0.));
#5205 = DIRECTION('',(-0.949271860782,-0.314456569858,0.));
#5206 = ADVANCED_FACE('',(#5207),#5218,.F.);
#5207 = FACE_BOUND('',#5208,.F.);
#5208 = EDGE_LOOP('',(#5209,#5210,#5211,#5217));
#5209 = ORIENTED_EDGE('',*,*,#5178,.T.);
#5210 = ORIENTED_EDGE('',*,*,#3261,.T.);
#5211 = ORIENTED_EDGE('',*,*,#5212,.F.);
#5212 = EDGE_CURVE('',#2498,#3262,#5213,.T.);
#5213 = LINE('',#5214,#5215);
#5214 = CARTESIAN_POINT('',(-10.3,1.261386203122E-15,7.));
#5215 = VECTOR('',#5216,1.);
#5216 = DIRECTION('',(0.,0.,1.));
#5217 = ORIENTED_EDGE('',*,*,#2497,.F.);
#5218 = PLANE('',#5219);
#5219 = AXIS2_PLACEMENT_3D('',#5220,#5221,#5222);
#5220 = CARTESIAN_POINT('',(-10.27794690935,0.67365223107,7.));
#5221 = DIRECTION('',(0.999464587476,-3.271908282178E-02,0.));
#5222 = DIRECTION('',(-3.271908282178E-02,-0.999464587476,0.));
#5223 = ADVANCED_FACE('',(#5224),#5230,.F.);
#5224 = FACE_BOUND('',#5225,.F.);
#5225 = EDGE_LOOP('',(#5226,#5227,#5228,#5229));
#5226 = ORIENTED_EDGE('',*,*,#5212,.T.);
#5227 = ORIENTED_EDGE('',*,*,#3269,.T.);
#5228 = ORIENTED_EDGE('',*,*,#5193,.F.);
#5229 = ORIENTED_EDGE('',*,*,#2505,.F.);
#5230 = PLANE('',#5231);
#5231 = AXIS2_PLACEMENT_3D('',#5232,#5233,#5234);
#5232 = CARTESIAN_POINT('',(-10.3,1.261386203122E-15,7.));
#5233 = DIRECTION('',(0.999464587476,3.271908282178E-02,0.));
#5234 = DIRECTION('',(3.271908282178E-02,-0.999464587476,0.));
#5235 = ADVANCED_FACE('',(#5236),#5247,.F.);
#5236 = FACE_BOUND('',#5237,.F.);
#5237 = EDGE_LOOP('',(#5238,#5239,#5245,#5246));
#5238 = ORIENTED_EDGE('',*,*,#3646,.F.);
#5239 = ORIENTED_EDGE('',*,*,#5240,.F.);
#5240 = EDGE_CURVE('',#2883,#3647,#5241,.T.);
#5241 = LINE('',#5242,#5243);
#5242 = CARTESIAN_POINT('',(3.05,-7.470345474799E-16,6.));
#5243 = VECTOR('',#5244,1.);
#5244 = DIRECTION('',(0.,0.,1.));
#5245 = ORIENTED_EDGE('',*,*,#2882,.T.);
#5246 = ORIENTED_EDGE('',*,*,#5240,.T.);
#5247 = CYLINDRICAL_SURFACE('',#5248,3.05);
#5248 = AXIS2_PLACEMENT_3D('',#5249,#5250,#5251);
#5249 = CARTESIAN_POINT('',(0.,0.,6.));
#5250 = DIRECTION('',(0.,0.,1.));
#5251 = DIRECTION('',(1.,0.,0.));
#5252 = MANIFOLD_SOLID_BREP('',#5253);
#5253 = CLOSED_SHELL('',(#5254,#5294,#5325,#5356,#6120,#6884,#6901,#6918
    ,#6935,#6952,#6969,#6986,#7003,#7020,#7037,#7054,#7071,#7088,#7105,
    #7122,#7139,#7156,#7173,#7190,#7207,#7224,#7241,#7258,#7275,#7292,
    #7309,#7326,#7343,#7360,#7377,#7394,#7411,#7428,#7445,#7462,#7479,
    #7496,#7513,#7530,#7547,#7564,#7581,#7598,#7615,#7632,#7649,#7666,
    #7683,#7700,#7717,#7734,#7751,#7768,#7785,#7802,#7819,#7836,#7853,
    #7870,#7887,#7904,#7921,#7938,#7955,#7972,#7989,#8006,#8023,#8040,
    #8057,#8074,#8091,#8108,#8125,#8142,#8159,#8176,#8193,#8210,#8227,
    #8244,#8261,#8278,#8295,#8312,#8329,#8346,#8363,#8380,#8397,#8414,
    #8431,#8448,#8460));
#5254 = ADVANCED_FACE('',(#5255),#5289,.F.);
#5255 = FACE_BOUND('',#5256,.F.);
#5256 = EDGE_LOOP('',(#5257,#5267,#5275,#5283));
#5257 = ORIENTED_EDGE('',*,*,#5258,.T.);
#5258 = EDGE_CURVE('',#5259,#5261,#5263,.T.);
#5259 = VERTEX_POINT('',#5260);
#5260 = CARTESIAN_POINT('',(33.949036010777,2.665836164556,7.));
#5261 = VERTEX_POINT('',#5262);
#5262 = CARTESIAN_POINT('',(33.949036010777,2.665836164556,15.));
#5263 = LINE('',#5264,#5265);
#5264 = CARTESIAN_POINT('',(33.949036010777,2.665836164556,7.));
#5265 = VECTOR('',#5266,1.);
#5266 = DIRECTION('',(0.,0.,1.));
#5267 = ORIENTED_EDGE('',*,*,#5268,.T.);
#5268 = EDGE_CURVE('',#5261,#5269,#5271,.T.);
#5269 = VERTEX_POINT('',#5270);
#5270 = CARTESIAN_POINT('',(33.7533803338,3.310826492623,15.));
#5271 = LINE('',#5272,#5273);
#5272 = CARTESIAN_POINT('',(33.949036010777,2.665836164556,15.));
#5273 = VECTOR('',#5274,1.);
#5274 = DIRECTION('',(-0.290284677254,0.956940335732,0.));
#5275 = ORIENTED_EDGE('',*,*,#5276,.F.);
#5276 = EDGE_CURVE('',#5277,#5269,#5279,.T.);
#5277 = VERTEX_POINT('',#5278);
#5278 = CARTESIAN_POINT('',(33.7533803338,3.310826492623,7.));
#5279 = LINE('',#5280,#5281);
#5280 = CARTESIAN_POINT('',(33.7533803338,3.310826492623,7.));
#5281 = VECTOR('',#5282,1.);
#5282 = DIRECTION('',(0.,0.,1.));
#5283 = ORIENTED_EDGE('',*,*,#5284,.F.);
#5284 = EDGE_CURVE('',#5259,#5277,#5285,.T.);
#5285 = LINE('',#5286,#5287);
#5286 = CARTESIAN_POINT('',(33.949036010777,2.665836164556,7.));
#5287 = VECTOR('',#5288,1.);
#5288 = DIRECTION('',(-0.290284677254,0.956940335732,0.));
#5289 = PLANE('',#5290);
#5290 = AXIS2_PLACEMENT_3D('',#5291,#5292,#5293);
#5291 = CARTESIAN_POINT('',(33.949036010777,2.665836164556,7.));
#5292 = DIRECTION('',(-0.956940335732,-0.290284677254,0.));
#5293 = DIRECTION('',(-0.290284677254,0.956940335732,0.));
#5294 = ADVANCED_FACE('',(#5295),#5320,.F.);
#5295 = FACE_BOUND('',#5296,.F.);
#5296 = EDGE_LOOP('',(#5297,#5307,#5313,#5314));
#5297 = ORIENTED_EDGE('',*,*,#5298,.T.);
#5298 = EDGE_CURVE('',#5299,#5301,#5303,.T.);
#5299 = VERTEX_POINT('',#5300);
#5300 = CARTESIAN_POINT('',(34.102088388153,2.009430316766,7.));
#5301 = VERTEX_POINT('',#5302);
#5302 = CARTESIAN_POINT('',(34.102088388153,2.009430316766,15.));
#5303 = LINE('',#5304,#5305);
#5304 = CARTESIAN_POINT('',(34.102088388153,2.009430316766,7.));
#5305 = VECTOR('',#5306,1.);
#5306 = DIRECTION('',(0.,0.,1.));
#5307 = ORIENTED_EDGE('',*,*,#5308,.T.);
#5308 = EDGE_CURVE('',#5301,#5261,#5309,.T.);
#5309 = LINE('',#5310,#5311);
#5310 = CARTESIAN_POINT('',(34.102088388153,2.009430316766,15.));
#5311 = VECTOR('',#5312,1.);
#5312 = DIRECTION('',(-0.227076263034,0.973876979277,0.));
#5313 = ORIENTED_EDGE('',*,*,#5258,.F.);
#5314 = ORIENTED_EDGE('',*,*,#5315,.F.);
#5315 = EDGE_CURVE('',#5299,#5259,#5316,.T.);
#5316 = LINE('',#5317,#5318);
#5317 = CARTESIAN_POINT('',(34.102088388153,2.009430316766,7.));
#5318 = VECTOR('',#5319,1.);
#5319 = DIRECTION('',(-0.227076263034,0.973876979277,0.));
#5320 = PLANE('',#5321);
#5321 = AXIS2_PLACEMENT_3D('',#5322,#5323,#5324);
#5322 = CARTESIAN_POINT('',(34.102088388153,2.009430316766,7.));
#5323 = DIRECTION('',(-0.973876979277,-0.227076263034,0.));
#5324 = DIRECTION('',(-0.227076263034,0.973876979277,0.));
#5325 = ADVANCED_FACE('',(#5326),#5351,.F.);
#5326 = FACE_BOUND('',#5327,.F.);
#5327 = EDGE_LOOP('',(#5328,#5329,#5337,#5345));
#5328 = ORIENTED_EDGE('',*,*,#5276,.T.);
#5329 = ORIENTED_EDGE('',*,*,#5330,.T.);
#5330 = EDGE_CURVE('',#5269,#5331,#5333,.T.);
#5331 = VERTEX_POINT('',#5332);
#5332 = CARTESIAN_POINT('',(36.749537548656,5.281031366638,15.));
#5333 = LINE('',#5334,#5335);
#5334 = CARTESIAN_POINT('',(33.7533803338,3.310826492623,15.));
#5335 = VECTOR('',#5336,1.);
#5336 = DIRECTION('',(0.835538857362,0.549431358622,0.));
#5337 = ORIENTED_EDGE('',*,*,#5338,.F.);
#5338 = EDGE_CURVE('',#5339,#5331,#5341,.T.);
#5339 = VERTEX_POINT('',#5340);
#5340 = CARTESIAN_POINT('',(36.749537548656,5.281031366638,7.));
#5341 = LINE('',#5342,#5343);
#5342 = CARTESIAN_POINT('',(36.749537548656,5.281031366638,7.));
#5343 = VECTOR('',#5344,1.);
#5344 = DIRECTION('',(0.,0.,1.));
#5345 = ORIENTED_EDGE('',*,*,#5346,.F.);
#5346 = EDGE_CURVE('',#5277,#5339,#5347,.T.);
#5347 = LINE('',#5348,#5349);
#5348 = CARTESIAN_POINT('',(33.7533803338,3.310826492623,7.));
#5349 = VECTOR('',#5350,1.);
#5350 = DIRECTION('',(0.835538857362,0.549431358622,0.));
#5351 = PLANE('',#5352);
#5352 = AXIS2_PLACEMENT_3D('',#5353,#5354,#5355);
#5353 = CARTESIAN_POINT('',(33.7533803338,3.310826492623,7.));
#5354 = DIRECTION('',(-0.549431358622,0.835538857362,0.));
#5355 = DIRECTION('',(0.835538857362,0.549431358622,0.));
#5356 = ADVANCED_FACE('',(#5357,#6104),#6115,.F.);
#5357 = FACE_BOUND('',#5358,.F.);
#5358 = EDGE_LOOP('',(#5359,#5360,#5361,#5369,#5377,#5385,#5393,#5401,
    #5409,#5417,#5425,#5433,#5441,#5449,#5457,#5465,#5473,#5481,#5489,
    #5497,#5505,#5513,#5521,#5529,#5537,#5545,#5553,#5561,#5569,#5577,
    #5585,#5593,#5601,#5609,#5617,#5625,#5633,#5641,#5649,#5657,#5665,
    #5673,#5681,#5689,#5697,#5705,#5713,#5721,#5729,#5737,#5745,#5753,
    #5761,#5769,#5777,#5785,#5793,#5801,#5809,#5817,#5825,#5833,#5841,
    #5849,#5857,#5865,#5873,#5881,#5889,#5897,#5905,#5913,#5921,#5929,
    #5937,#5945,#5953,#5961,#5969,#5977,#5985,#5993,#6001,#6009,#6017,
    #6025,#6033,#6041,#6049,#6057,#6065,#6073,#6081,#6089,#6097,#6103));
#5359 = ORIENTED_EDGE('',*,*,#5284,.T.);
#5360 = ORIENTED_EDGE('',*,*,#5346,.T.);
#5361 = ORIENTED_EDGE('',*,*,#5362,.T.);
#5362 = EDGE_CURVE('',#5339,#5363,#5365,.T.);
#5363 = VERTEX_POINT('',#5364);
#5364 = CARTESIAN_POINT('',(36.376843833151,6.103583925022,7.));
#5365 = LINE('',#5366,#5367);
#5366 = CARTESIAN_POINT('',(36.749537548656,5.281031366638,7.));
#5367 = VECTOR('',#5368,1.);
#5368 = DIRECTION('',(-0.412707029804,0.910863824921,0.));
#5369 = ORIENTED_EDGE('',*,*,#5370,.T.);
#5370 = EDGE_CURVE('',#5363,#5371,#5373,.T.);
#5371 = VERTEX_POINT('',#5372);
#5372 = CARTESIAN_POINT('',(35.951150572225,6.9,7.));
#5373 = LINE('',#5374,#5375);
#5374 = CARTESIAN_POINT('',(36.376843833151,6.103583925022,7.));
#5375 = VECTOR('',#5376,1.);
#5376 = DIRECTION('',(-0.471396736826,0.881921264348,0.));
#5377 = ORIENTED_EDGE('',*,*,#5378,.T.);
#5378 = EDGE_CURVE('',#5371,#5379,#5381,.T.);
#5379 = VERTEX_POINT('',#5380);
#5380 = CARTESIAN_POINT('',(35.474280649775,7.666869215671,7.));
#5381 = LINE('',#5382,#5383);
#5382 = CARTESIAN_POINT('',(35.951150572225,6.9,7.));
#5383 = VECTOR('',#5384,1.);
#5384 = DIRECTION('',(-0.52806785065,0.849202181527,0.));
#5385 = ORIENTED_EDGE('',*,*,#5386,.T.);
#5386 = EDGE_CURVE('',#5379,#5387,#5389,.T.);
#5387 = VERTEX_POINT('',#5388);
#5388 = CARTESIAN_POINT('',(32.171539405,6.27024271879,7.));
#5389 = LINE('',#5390,#5391);
#5390 = CARTESIAN_POINT('',(35.474280649775,7.666869215671,7.));
#5391 = VECTOR('',#5392,1.);
#5392 = DIRECTION('',(-0.921035996422,-0.389477461857,0.));
#5393 = ORIENTED_EDGE('',*,*,#5394,.T.);
#5394 = EDGE_CURVE('',#5387,#5395,#5397,.T.);
#5395 = VERTEX_POINT('',#5396);
#5396 = CARTESIAN_POINT('',(31.743950017033,6.791261895531,7.));
#5397 = LINE('',#5398,#5399);
#5398 = CARTESIAN_POINT('',(32.171539405,6.27024271879,7.));
#5399 = VECTOR('',#5400,1.);
#5400 = DIRECTION('',(-0.634393284164,0.773010453363,0.));
#5401 = ORIENTED_EDGE('',*,*,#5402,.T.);
#5402 = EDGE_CURVE('',#5395,#5403,#5405,.T.);
#5403 = VERTEX_POINT('',#5404);
#5404 = CARTESIAN_POINT('',(31.283199846221,7.283199846221,7.));
#5405 = LINE('',#5406,#5407);
#5406 = CARTESIAN_POINT('',(31.743950017033,6.791261895531,7.));
#5407 = VECTOR('',#5408,1.);
#5408 = DIRECTION('',(-0.683592302023,0.729864072698,0.));
#5409 = ORIENTED_EDGE('',*,*,#5410,.T.);
#5410 = EDGE_CURVE('',#5403,#5411,#5413,.T.);
#5411 = VERTEX_POINT('',#5412);
#5412 = CARTESIAN_POINT('',(30.791261895531,7.743950017033,7.));
#5413 = LINE('',#5414,#5415);
#5414 = CARTESIAN_POINT('',(31.283199846221,7.283199846221,7.));
#5415 = VECTOR('',#5416,1.);
#5416 = DIRECTION('',(-0.729864072698,0.683592302023,0.));
#5417 = ORIENTED_EDGE('',*,*,#5418,.T.);
#5418 = EDGE_CURVE('',#5411,#5419,#5421,.T.);
#5419 = VERTEX_POINT('',#5420);
#5420 = CARTESIAN_POINT('',(32.40090772032,10.948276096019,7.));
#5421 = LINE('',#5422,#5423);
#5422 = CARTESIAN_POINT('',(30.791261895531,7.743950017033,7.));
#5423 = VECTOR('',#5424,1.);
#5424 = DIRECTION('',(0.448882197014,0.893590942884,0.));
#5425 = ORIENTED_EDGE('',*,*,#5426,.T.);
#5426 = EDGE_CURVE('',#5419,#5427,#5429,.T.);
#5427 = VERTEX_POINT('',#5428);
#5428 = CARTESIAN_POINT('',(31.666869215671,11.474280649775,7.));
#5429 = LINE('',#5430,#5431);
#5430 = CARTESIAN_POINT('',(32.40090772032,10.948276096019,7.));
#5431 = VECTOR('',#5432,1.);
#5432 = DIRECTION('',(-0.812846684592,0.582477696868,0.));
#5433 = ORIENTED_EDGE('',*,*,#5434,.T.);
#5434 = EDGE_CURVE('',#5427,#5435,#5437,.T.);
#5435 = VERTEX_POINT('',#5436);
#5436 = CARTESIAN_POINT('',(30.9,11.951150572225,7.));
#5437 = LINE('',#5438,#5439);
#5438 = CARTESIAN_POINT('',(31.666869215671,11.474280649775,7.));
#5439 = VECTOR('',#5440,1.);
#5440 = DIRECTION('',(-0.849202181527,0.52806785065,0.));
#5441 = ORIENTED_EDGE('',*,*,#5442,.T.);
#5442 = EDGE_CURVE('',#5435,#5443,#5445,.T.);
#5443 = VERTEX_POINT('',#5444);
#5444 = CARTESIAN_POINT('',(30.103583925022,12.376843833151,7.));
#5445 = LINE('',#5446,#5447);
#5446 = CARTESIAN_POINT('',(30.9,11.951150572225,7.));
#5447 = VECTOR('',#5448,1.);
#5448 = DIRECTION('',(-0.881921264348,0.471396736826,0.));
#5449 = ORIENTED_EDGE('',*,*,#5450,.T.);
#5450 = EDGE_CURVE('',#5443,#5451,#5453,.T.);
#5451 = VERTEX_POINT('',#5452);
#5452 = CARTESIAN_POINT('',(27.94163935336,9.515959184866,7.));
#5453 = LINE('',#5454,#5455);
#5454 = CARTESIAN_POINT('',(30.103583925022,12.376843833151,7.));
#5455 = VECTOR('',#5456,1.);
#5456 = DIRECTION('',(-0.602901839773,-0.797815374381,0.));
#5457 = ORIENTED_EDGE('',*,*,#5458,.T.);
#5458 = EDGE_CURVE('',#5451,#5459,#5461,.T.);
#5459 = VERTEX_POINT('',#5460);
#5460 = CARTESIAN_POINT('',(27.310826492623,9.7533803338,7.));
#5461 = LINE('',#5462,#5463);
#5462 = CARTESIAN_POINT('',(27.94163935336,9.515959184866,7.));
#5463 = VECTOR('',#5464,1.);
#5464 = DIRECTION('',(-0.935905926757,0.352250047921,0.));
#5465 = ORIENTED_EDGE('',*,*,#5466,.T.);
#5466 = EDGE_CURVE('',#5459,#5467,#5469,.T.);
#5467 = VERTEX_POINT('',#5468);
#5468 = CARTESIAN_POINT('',(26.665836164556,9.949036010777,7.));
#5469 = LINE('',#5470,#5471);
#5470 = CARTESIAN_POINT('',(27.310826492623,9.7533803338,7.));
#5471 = VECTOR('',#5472,1.);
#5472 = DIRECTION('',(-0.956940335732,0.290284677254,0.));
#5473 = ORIENTED_EDGE('',*,*,#5474,.T.);
#5474 = EDGE_CURVE('',#5467,#5475,#5477,.T.);
#5475 = VERTEX_POINT('',#5476);
#5476 = CARTESIAN_POINT('',(26.009430316766,10.102088388153,7.));
#5477 = LINE('',#5478,#5479);
#5478 = CARTESIAN_POINT('',(26.665836164556,9.949036010777,7.));
#5479 = VECTOR('',#5480,1.);
#5480 = DIRECTION('',(-0.973876979277,0.227076263034,0.));
#5481 = ORIENTED_EDGE('',*,*,#5482,.T.);
#5482 = EDGE_CURVE('',#5475,#5483,#5485,.T.);
#5483 = VERTEX_POINT('',#5484);
#5484 = CARTESIAN_POINT('',(25.801261452637,13.681939086959,7.));
#5485 = LINE('',#5486,#5487);
#5486 = CARTESIAN_POINT('',(26.009430316766,10.102088388153,7.));
#5487 = VECTOR('',#5488,1.);
#5488 = DIRECTION('',(-5.805208552164E-02,0.998313555636,0.));
#5489 = ORIENTED_EDGE('',*,*,#5490,.T.);
#5490 = EDGE_CURVE('',#5483,#5491,#5493,.T.);
#5491 = VERTEX_POINT('',#5492);
#5492 = CARTESIAN_POINT('',(24.902563183376,13.770453140693,7.));
#5493 = LINE('',#5494,#5495);
#5494 = CARTESIAN_POINT('',(25.801261452637,13.681939086959,7.));
#5495 = VECTOR('',#5496,1.);
#5496 = DIRECTION('',(-0.995184726672,9.801714032956E-02,0.));
#5497 = ORIENTED_EDGE('',*,*,#5498,.T.);
#5498 = EDGE_CURVE('',#5491,#5499,#5501,.T.);
#5499 = VERTEX_POINT('',#5500);
#5500 = CARTESIAN_POINT('',(24.,13.8,7.));
#5501 = LINE('',#5502,#5503);
#5502 = CARTESIAN_POINT('',(24.902563183376,13.770453140693,7.));
#5503 = VECTOR('',#5504,1.);
#5504 = DIRECTION('',(-0.999464587476,3.271908282178E-02,0.));
#5505 = ORIENTED_EDGE('',*,*,#5506,.T.);
#5506 = EDGE_CURVE('',#5499,#5507,#5509,.T.);
#5507 = VERTEX_POINT('',#5508);
#5508 = CARTESIAN_POINT('',(23.097436816624,13.770453140693,7.));
#5509 = LINE('',#5510,#5511);
#5510 = CARTESIAN_POINT('',(24.,13.8,7.));
#5511 = VECTOR('',#5512,1.);
#5512 = DIRECTION('',(-0.999464587476,-3.271908282178E-02,0.));
#5513 = ORIENTED_EDGE('',*,*,#5514,.T.);
#5514 = EDGE_CURVE('',#5507,#5515,#5517,.T.);
#5515 = VERTEX_POINT('',#5516);
#5516 = CARTESIAN_POINT('',(22.655580220133,10.21188207215,7.));
#5517 = LINE('',#5518,#5519);
#5518 = CARTESIAN_POINT('',(23.097436816624,13.770453140693,7.));
#5519 = VECTOR('',#5520,1.);
#5520 = DIRECTION('',(-0.123220622042,-0.99237930163,0.));
#5521 = ORIENTED_EDGE('',*,*,#5522,.T.);
#5522 = EDGE_CURVE('',#5515,#5523,#5525,.T.);
#5523 = VERTEX_POINT('',#5524);
#5524 = CARTESIAN_POINT('',(21.990569683234,10.102088388153,7.));
#5525 = LINE('',#5526,#5527);
#5526 = CARTESIAN_POINT('',(22.655580220133,10.21188207215,7.));
#5527 = VECTOR('',#5528,1.);
#5528 = DIRECTION('',(-0.986643332085,-0.162895473395,0.));
#5529 = ORIENTED_EDGE('',*,*,#5530,.T.);
#5530 = EDGE_CURVE('',#5523,#5531,#5533,.T.);
#5531 = VERTEX_POINT('',#5532);
#5532 = CARTESIAN_POINT('',(21.334163835444,9.949036010777,7.));
#5533 = LINE('',#5534,#5535);
#5534 = CARTESIAN_POINT('',(21.990569683234,10.102088388153,7.));
#5535 = VECTOR('',#5536,1.);
#5536 = DIRECTION('',(-0.973876979277,-0.227076263034,0.));
#5537 = ORIENTED_EDGE('',*,*,#5538,.T.);
#5538 = EDGE_CURVE('',#5531,#5539,#5541,.T.);
#5539 = VERTEX_POINT('',#5540);
#5540 = CARTESIAN_POINT('',(20.689173507377,9.7533803338,7.));
#5541 = LINE('',#5542,#5543);
#5542 = CARTESIAN_POINT('',(21.334163835444,9.949036010777,7.));
#5543 = VECTOR('',#5544,1.);
#5544 = DIRECTION('',(-0.956940335732,-0.290284677254,0.));
#5545 = ORIENTED_EDGE('',*,*,#5546,.T.);
#5546 = EDGE_CURVE('',#5539,#5547,#5549,.T.);
#5547 = VERTEX_POINT('',#5548);
#5548 = CARTESIAN_POINT('',(18.718968633362,12.749537548656,7.));
#5549 = LINE('',#5550,#5551);
#5550 = CARTESIAN_POINT('',(20.689173507377,9.7533803338,7.));
#5551 = VECTOR('',#5552,1.);
#5552 = DIRECTION('',(-0.549431358622,0.835538857362,0.));
#5553 = ORIENTED_EDGE('',*,*,#5554,.T.);
#5554 = EDGE_CURVE('',#5547,#5555,#5557,.T.);
#5555 = VERTEX_POINT('',#5556);
#5556 = CARTESIAN_POINT('',(17.896416074978,12.376843833151,7.));
#5557 = LINE('',#5558,#5559);
#5558 = CARTESIAN_POINT('',(18.718968633362,12.749537548656,7.));
#5559 = VECTOR('',#5560,1.);
#5560 = DIRECTION('',(-0.910863824921,-0.412707029804,0.));
#5561 = ORIENTED_EDGE('',*,*,#5562,.T.);
#5562 = EDGE_CURVE('',#5555,#5563,#5565,.T.);
#5563 = VERTEX_POINT('',#5564);
#5564 = CARTESIAN_POINT('',(17.1,11.951150572225,7.));
#5565 = LINE('',#5566,#5567);
#5566 = CARTESIAN_POINT('',(17.896416074978,12.376843833151,7.));
#5567 = VECTOR('',#5568,1.);
#5568 = DIRECTION('',(-0.881921264348,-0.471396736826,0.));
#5569 = ORIENTED_EDGE('',*,*,#5570,.T.);
#5570 = EDGE_CURVE('',#5563,#5571,#5573,.T.);
#5571 = VERTEX_POINT('',#5572);
#5572 = CARTESIAN_POINT('',(16.333130784329,11.474280649775,7.));
#5573 = LINE('',#5574,#5575);
#5574 = CARTESIAN_POINT('',(17.1,11.951150572225,7.));
#5575 = VECTOR('',#5576,1.);
#5576 = DIRECTION('',(-0.849202181527,-0.52806785065,0.));
#5577 = ORIENTED_EDGE('',*,*,#5578,.T.);
#5578 = EDGE_CURVE('',#5571,#5579,#5581,.T.);
#5579 = VERTEX_POINT('',#5580);
#5580 = CARTESIAN_POINT('',(17.72975728121,8.171539405,7.));
#5581 = LINE('',#5582,#5583);
#5582 = CARTESIAN_POINT('',(16.333130784329,11.474280649775,7.));
#5583 = VECTOR('',#5584,1.);
#5584 = DIRECTION('',(0.389477461857,-0.921035996422,0.));
#5585 = ORIENTED_EDGE('',*,*,#5586,.T.);
#5586 = EDGE_CURVE('',#5579,#5587,#5589,.T.);
#5587 = VERTEX_POINT('',#5588);
#5588 = CARTESIAN_POINT('',(17.208738104469,7.743950017033,7.));
#5589 = LINE('',#5590,#5591);
#5590 = CARTESIAN_POINT('',(17.72975728121,8.171539405,7.));
#5591 = VECTOR('',#5592,1.);
#5592 = DIRECTION('',(-0.773010453363,-0.634393284164,0.));
#5593 = ORIENTED_EDGE('',*,*,#5594,.T.);
#5594 = EDGE_CURVE('',#5587,#5595,#5597,.T.);
#5595 = VERTEX_POINT('',#5596);
#5596 = CARTESIAN_POINT('',(16.716800153779,7.283199846221,7.));
#5597 = LINE('',#5598,#5599);
#5598 = CARTESIAN_POINT('',(17.208738104469,7.743950017033,7.));
#5599 = VECTOR('',#5600,1.);
#5600 = DIRECTION('',(-0.729864072698,-0.683592302023,0.));
#5601 = ORIENTED_EDGE('',*,*,#5602,.T.);
#5602 = EDGE_CURVE('',#5595,#5603,#5605,.T.);
#5603 = VERTEX_POINT('',#5604);
#5604 = CARTESIAN_POINT('',(16.256049982967,6.791261895531,7.));
#5605 = LINE('',#5606,#5607);
#5606 = CARTESIAN_POINT('',(16.716800153779,7.283199846221,7.));
#5607 = VECTOR('',#5608,1.);
#5608 = DIRECTION('',(-0.683592302023,-0.729864072698,0.));
#5609 = ORIENTED_EDGE('',*,*,#5610,.T.);
#5610 = EDGE_CURVE('',#5603,#5611,#5613,.T.);
#5611 = VERTEX_POINT('',#5612);
#5612 = CARTESIAN_POINT('',(13.051723903981,8.40090772032,7.));
#5613 = LINE('',#5614,#5615);
#5614 = CARTESIAN_POINT('',(16.256049982967,6.791261895531,7.));
#5615 = VECTOR('',#5616,1.);
#5616 = DIRECTION('',(-0.893590942884,0.448882197014,0.));
#5617 = ORIENTED_EDGE('',*,*,#5618,.T.);
#5618 = EDGE_CURVE('',#5611,#5619,#5621,.T.);
#5619 = VERTEX_POINT('',#5620);
#5620 = CARTESIAN_POINT('',(12.525719350225,7.666869215671,7.));
#5621 = LINE('',#5622,#5623);
#5622 = CARTESIAN_POINT('',(13.051723903981,8.40090772032,7.));
#5623 = VECTOR('',#5624,1.);
#5624 = DIRECTION('',(-0.582477696868,-0.812846684592,0.));
#5625 = ORIENTED_EDGE('',*,*,#5626,.T.);
#5626 = EDGE_CURVE('',#5619,#5627,#5629,.T.);
#5627 = VERTEX_POINT('',#5628);
#5628 = CARTESIAN_POINT('',(12.048849427775,6.9,7.));
#5629 = LINE('',#5630,#5631);
#5630 = CARTESIAN_POINT('',(12.525719350225,7.666869215671,7.));
#5631 = VECTOR('',#5632,1.);
#5632 = DIRECTION('',(-0.52806785065,-0.849202181527,0.));
#5633 = ORIENTED_EDGE('',*,*,#5634,.T.);
#5634 = EDGE_CURVE('',#5627,#5635,#5637,.T.);
#5635 = VERTEX_POINT('',#5636);
#5636 = CARTESIAN_POINT('',(11.623156166849,6.103583925022,7.));
#5637 = LINE('',#5638,#5639);
#5638 = CARTESIAN_POINT('',(12.048849427775,6.9,7.));
#5639 = VECTOR('',#5640,1.);
#5640 = DIRECTION('',(-0.471396736826,-0.881921264348,0.));
#5641 = ORIENTED_EDGE('',*,*,#5642,.T.);
#5642 = EDGE_CURVE('',#5635,#5643,#5645,.T.);
#5643 = VERTEX_POINT('',#5644);
#5644 = CARTESIAN_POINT('',(14.484040815134,3.94163935336,7.));
#5645 = LINE('',#5646,#5647);
#5646 = CARTESIAN_POINT('',(11.623156166849,6.103583925022,7.));
#5647 = VECTOR('',#5648,1.);
#5648 = DIRECTION('',(0.797815374381,-0.602901839773,0.));
#5649 = ORIENTED_EDGE('',*,*,#5650,.T.);
#5650 = EDGE_CURVE('',#5643,#5651,#5653,.T.);
#5651 = VERTEX_POINT('',#5652);
#5652 = CARTESIAN_POINT('',(14.2466196662,3.310826492623,7.));
#5653 = LINE('',#5654,#5655);
#5654 = CARTESIAN_POINT('',(14.484040815134,3.94163935336,7.));
#5655 = VECTOR('',#5656,1.);
#5656 = DIRECTION('',(-0.352250047921,-0.935905926757,0.));
#5657 = ORIENTED_EDGE('',*,*,#5658,.T.);
#5658 = EDGE_CURVE('',#5651,#5659,#5661,.T.);
#5659 = VERTEX_POINT('',#5660);
#5660 = CARTESIAN_POINT('',(14.050963989223,2.665836164556,7.));
#5661 = LINE('',#5662,#5663);
#5662 = CARTESIAN_POINT('',(14.2466196662,3.310826492623,7.));
#5663 = VECTOR('',#5664,1.);
#5664 = DIRECTION('',(-0.290284677254,-0.956940335732,0.));
#5665 = ORIENTED_EDGE('',*,*,#5666,.T.);
#5666 = EDGE_CURVE('',#5659,#5667,#5669,.T.);
#5667 = VERTEX_POINT('',#5668);
#5668 = CARTESIAN_POINT('',(13.897911611847,2.009430316766,7.));
#5669 = LINE('',#5670,#5671);
#5670 = CARTESIAN_POINT('',(14.050963989223,2.665836164556,7.));
#5671 = VECTOR('',#5672,1.);
#5672 = DIRECTION('',(-0.227076263034,-0.973876979277,0.));
#5673 = ORIENTED_EDGE('',*,*,#5674,.T.);
#5674 = EDGE_CURVE('',#5667,#5675,#5677,.T.);
#5675 = VERTEX_POINT('',#5676);
#5676 = CARTESIAN_POINT('',(10.318060913041,1.801261452637,7.));
#5677 = LINE('',#5678,#5679);
#5678 = CARTESIAN_POINT('',(13.897911611847,2.009430316766,7.));
#5679 = VECTOR('',#5680,1.);
#5680 = DIRECTION('',(-0.998313555636,-5.805208552164E-02,0.));
#5681 = ORIENTED_EDGE('',*,*,#5682,.T.);
#5682 = EDGE_CURVE('',#5675,#5683,#5685,.T.);
#5683 = VERTEX_POINT('',#5684);
#5684 = CARTESIAN_POINT('',(10.229546859307,0.902563183376,7.));
#5685 = LINE('',#5686,#5687);
#5686 = CARTESIAN_POINT('',(10.318060913041,1.801261452637,7.));
#5687 = VECTOR('',#5688,1.);
#5688 = DIRECTION('',(-9.801714032956E-02,-0.995184726672,0.));
#5689 = ORIENTED_EDGE('',*,*,#5690,.T.);
#5690 = EDGE_CURVE('',#5683,#5691,#5693,.T.);
#5691 = VERTEX_POINT('',#5692);
#5692 = CARTESIAN_POINT('',(10.2,1.690012582823E-15,7.));
#5693 = LINE('',#5694,#5695);
#5694 = CARTESIAN_POINT('',(10.229546859307,0.902563183376,7.));
#5695 = VECTOR('',#5696,1.);
#5696 = DIRECTION('',(-3.271908282178E-02,-0.999464587476,0.));
#5697 = ORIENTED_EDGE('',*,*,#5698,.T.);
#5698 = EDGE_CURVE('',#5691,#5699,#5701,.T.);
#5699 = VERTEX_POINT('',#5700);
#5700 = CARTESIAN_POINT('',(10.229546859307,-0.902563183376,7.));
#5701 = LINE('',#5702,#5703);
#5702 = CARTESIAN_POINT('',(10.2,1.690012582823E-15,7.));
#5703 = VECTOR('',#5704,1.);
#5704 = DIRECTION('',(3.271908282178E-02,-0.999464587476,0.));
#5705 = ORIENTED_EDGE('',*,*,#5706,.T.);
#5706 = EDGE_CURVE('',#5699,#5707,#5709,.T.);
#5707 = VERTEX_POINT('',#5708);
#5708 = CARTESIAN_POINT('',(13.78811792785,-1.344419779867,7.));
#5709 = LINE('',#5710,#5711);
#5710 = CARTESIAN_POINT('',(10.229546859307,-0.902563183376,7.));
#5711 = VECTOR('',#5712,1.);
#5712 = DIRECTION('',(0.99237930163,-0.123220622042,0.));
#5713 = ORIENTED_EDGE('',*,*,#5714,.T.);
#5714 = EDGE_CURVE('',#5707,#5715,#5717,.T.);
#5715 = VERTEX_POINT('',#5716);
#5716 = CARTESIAN_POINT('',(13.897911611847,-2.009430316766,7.));
#5717 = LINE('',#5718,#5719);
#5718 = CARTESIAN_POINT('',(13.78811792785,-1.344419779867,7.));
#5719 = VECTOR('',#5720,1.);
#5720 = DIRECTION('',(0.162895473395,-0.986643332085,0.));
#5721 = ORIENTED_EDGE('',*,*,#5722,.T.);
#5722 = EDGE_CURVE('',#5715,#5723,#5725,.T.);
#5723 = VERTEX_POINT('',#5724);
#5724 = CARTESIAN_POINT('',(14.050963989223,-2.665836164556,7.));
#5725 = LINE('',#5726,#5727);
#5726 = CARTESIAN_POINT('',(13.897911611847,-2.009430316766,7.));
#5727 = VECTOR('',#5728,1.);
#5728 = DIRECTION('',(0.227076263034,-0.973876979277,0.));
#5729 = ORIENTED_EDGE('',*,*,#5730,.T.);
#5730 = EDGE_CURVE('',#5723,#5731,#5733,.T.);
#5731 = VERTEX_POINT('',#5732);
#5732 = CARTESIAN_POINT('',(14.2466196662,-3.310826492623,7.));
#5733 = LINE('',#5734,#5735);
#5734 = CARTESIAN_POINT('',(14.050963989223,-2.665836164556,7.));
#5735 = VECTOR('',#5736,1.);
#5736 = DIRECTION('',(0.290284677254,-0.956940335732,0.));
#5737 = ORIENTED_EDGE('',*,*,#5738,.T.);
#5738 = EDGE_CURVE('',#5731,#5739,#5741,.T.);
#5739 = VERTEX_POINT('',#5740);
#5740 = CARTESIAN_POINT('',(11.250462451344,-5.281031366638,7.));
#5741 = LINE('',#5742,#5743);
#5742 = CARTESIAN_POINT('',(14.2466196662,-3.310826492623,7.));
#5743 = VECTOR('',#5744,1.);
#5744 = DIRECTION('',(-0.835538857362,-0.549431358622,0.));
#5745 = ORIENTED_EDGE('',*,*,#5746,.T.);
#5746 = EDGE_CURVE('',#5739,#5747,#5749,.T.);
#5747 = VERTEX_POINT('',#5748);
#5748 = CARTESIAN_POINT('',(11.623156166849,-6.103583925022,7.));
#5749 = LINE('',#5750,#5751);
#5750 = CARTESIAN_POINT('',(11.250462451344,-5.281031366638,7.));
#5751 = VECTOR('',#5752,1.);
#5752 = DIRECTION('',(0.412707029804,-0.910863824921,0.));
#5753 = ORIENTED_EDGE('',*,*,#5754,.T.);
#5754 = EDGE_CURVE('',#5747,#5755,#5757,.T.);
#5755 = VERTEX_POINT('',#5756);
#5756 = CARTESIAN_POINT('',(12.048849427775,-6.9,7.));
#5757 = LINE('',#5758,#5759);
#5758 = CARTESIAN_POINT('',(11.623156166849,-6.103583925022,7.));
#5759 = VECTOR('',#5760,1.);
#5760 = DIRECTION('',(0.471396736826,-0.881921264348,0.));
#5761 = ORIENTED_EDGE('',*,*,#5762,.T.);
#5762 = EDGE_CURVE('',#5755,#5763,#5765,.T.);
#5763 = VERTEX_POINT('',#5764);
#5764 = CARTESIAN_POINT('',(12.525719350225,-7.666869215671,7.));
#5765 = LINE('',#5766,#5767);
#5766 = CARTESIAN_POINT('',(12.048849427775,-6.9,7.));
#5767 = VECTOR('',#5768,1.);
#5768 = DIRECTION('',(0.52806785065,-0.849202181527,0.));
#5769 = ORIENTED_EDGE('',*,*,#5770,.T.);
#5770 = EDGE_CURVE('',#5763,#5771,#5773,.T.);
#5771 = VERTEX_POINT('',#5772);
#5772 = CARTESIAN_POINT('',(15.828460595,-6.27024271879,7.));
#5773 = LINE('',#5774,#5775);
#5774 = CARTESIAN_POINT('',(12.525719350225,-7.666869215671,7.));
#5775 = VECTOR('',#5776,1.);
#5776 = DIRECTION('',(0.921035996422,0.389477461857,0.));
#5777 = ORIENTED_EDGE('',*,*,#5778,.T.);
#5778 = EDGE_CURVE('',#5771,#5779,#5781,.T.);
#5779 = VERTEX_POINT('',#5780);
#5780 = CARTESIAN_POINT('',(16.256049982967,-6.791261895531,7.));
#5781 = LINE('',#5782,#5783);
#5782 = CARTESIAN_POINT('',(15.828460595,-6.27024271879,7.));
#5783 = VECTOR('',#5784,1.);
#5784 = DIRECTION('',(0.634393284164,-0.773010453363,0.));
#5785 = ORIENTED_EDGE('',*,*,#5786,.T.);
#5786 = EDGE_CURVE('',#5779,#5787,#5789,.T.);
#5787 = VERTEX_POINT('',#5788);
#5788 = CARTESIAN_POINT('',(16.716800153779,-7.283199846221,7.));
#5789 = LINE('',#5790,#5791);
#5790 = CARTESIAN_POINT('',(16.256049982967,-6.791261895531,7.));
#5791 = VECTOR('',#5792,1.);
#5792 = DIRECTION('',(0.683592302023,-0.729864072698,0.));
#5793 = ORIENTED_EDGE('',*,*,#5794,.T.);
#5794 = EDGE_CURVE('',#5787,#5795,#5797,.T.);
#5795 = VERTEX_POINT('',#5796);
#5796 = CARTESIAN_POINT('',(17.208738104469,-7.743950017033,7.));
#5797 = LINE('',#5798,#5799);
#5798 = CARTESIAN_POINT('',(16.716800153779,-7.283199846221,7.));
#5799 = VECTOR('',#5800,1.);
#5800 = DIRECTION('',(0.729864072698,-0.683592302023,0.));
#5801 = ORIENTED_EDGE('',*,*,#5802,.T.);
#5802 = EDGE_CURVE('',#5795,#5803,#5805,.T.);
#5803 = VERTEX_POINT('',#5804);
#5804 = CARTESIAN_POINT('',(15.59909227968,-10.94827609601,7.));
#5805 = LINE('',#5806,#5807);
#5806 = CARTESIAN_POINT('',(17.208738104469,-7.743950017033,7.));
#5807 = VECTOR('',#5808,1.);
#5808 = DIRECTION('',(-0.448882197014,-0.893590942884,0.));
#5809 = ORIENTED_EDGE('',*,*,#5810,.T.);
#5810 = EDGE_CURVE('',#5803,#5811,#5813,.T.);
#5811 = VERTEX_POINT('',#5812);
#5812 = CARTESIAN_POINT('',(16.333130784329,-11.47428064977,7.));
#5813 = LINE('',#5814,#5815);
#5814 = CARTESIAN_POINT('',(15.59909227968,-10.94827609601,7.));
#5815 = VECTOR('',#5816,1.);
#5816 = DIRECTION('',(0.812846684592,-0.582477696868,0.));
#5817 = ORIENTED_EDGE('',*,*,#5818,.T.);
#5818 = EDGE_CURVE('',#5811,#5819,#5821,.T.);
#5819 = VERTEX_POINT('',#5820);
#5820 = CARTESIAN_POINT('',(17.1,-11.95115057222,7.));
#5821 = LINE('',#5822,#5823);
#5822 = CARTESIAN_POINT('',(16.333130784329,-11.47428064977,7.));
#5823 = VECTOR('',#5824,1.);
#5824 = DIRECTION('',(0.849202181527,-0.52806785065,0.));
#5825 = ORIENTED_EDGE('',*,*,#5826,.T.);
#5826 = EDGE_CURVE('',#5819,#5827,#5829,.T.);
#5827 = VERTEX_POINT('',#5828);
#5828 = CARTESIAN_POINT('',(17.896416074978,-12.37684383315,7.));
#5829 = LINE('',#5830,#5831);
#5830 = CARTESIAN_POINT('',(17.1,-11.95115057222,7.));
#5831 = VECTOR('',#5832,1.);
#5832 = DIRECTION('',(0.881921264348,-0.471396736826,0.));
#5833 = ORIENTED_EDGE('',*,*,#5834,.T.);
#5834 = EDGE_CURVE('',#5827,#5835,#5837,.T.);
#5835 = VERTEX_POINT('',#5836);
#5836 = CARTESIAN_POINT('',(20.05836064664,-9.515959184866,7.));
#5837 = LINE('',#5838,#5839);
#5838 = CARTESIAN_POINT('',(17.896416074978,-12.37684383315,7.));
#5839 = VECTOR('',#5840,1.);
#5840 = DIRECTION('',(0.602901839773,0.797815374381,0.));
#5841 = ORIENTED_EDGE('',*,*,#5842,.T.);
#5842 = EDGE_CURVE('',#5835,#5843,#5845,.T.);
#5843 = VERTEX_POINT('',#5844);
#5844 = CARTESIAN_POINT('',(20.689173507377,-9.7533803338,7.));
#5845 = LINE('',#5846,#5847);
#5846 = CARTESIAN_POINT('',(20.05836064664,-9.515959184866,7.));
#5847 = VECTOR('',#5848,1.);
#5848 = DIRECTION('',(0.935905926757,-0.352250047921,0.));
#5849 = ORIENTED_EDGE('',*,*,#5850,.T.);
#5850 = EDGE_CURVE('',#5843,#5851,#5853,.T.);
#5851 = VERTEX_POINT('',#5852);
#5852 = CARTESIAN_POINT('',(21.334163835444,-9.949036010777,7.));
#5853 = LINE('',#5854,#5855);
#5854 = CARTESIAN_POINT('',(20.689173507377,-9.7533803338,7.));
#5855 = VECTOR('',#5856,1.);
#5856 = DIRECTION('',(0.956940335732,-0.290284677254,0.));
#5857 = ORIENTED_EDGE('',*,*,#5858,.T.);
#5858 = EDGE_CURVE('',#5851,#5859,#5861,.T.);
#5859 = VERTEX_POINT('',#5860);
#5860 = CARTESIAN_POINT('',(21.990569683234,-10.10208838815,7.));
#5861 = LINE('',#5862,#5863);
#5862 = CARTESIAN_POINT('',(21.334163835444,-9.949036010777,7.));
#5863 = VECTOR('',#5864,1.);
#5864 = DIRECTION('',(0.973876979277,-0.227076263034,0.));
#5865 = ORIENTED_EDGE('',*,*,#5866,.T.);
#5866 = EDGE_CURVE('',#5859,#5867,#5869,.T.);
#5867 = VERTEX_POINT('',#5868);
#5868 = CARTESIAN_POINT('',(22.198738547363,-13.68193908695,7.));
#5869 = LINE('',#5870,#5871);
#5870 = CARTESIAN_POINT('',(21.990569683234,-10.10208838815,7.));
#5871 = VECTOR('',#5872,1.);
#5872 = DIRECTION('',(5.805208552164E-02,-0.998313555636,0.));
#5873 = ORIENTED_EDGE('',*,*,#5874,.T.);
#5874 = EDGE_CURVE('',#5867,#5875,#5877,.T.);
#5875 = VERTEX_POINT('',#5876);
#5876 = CARTESIAN_POINT('',(23.097436816624,-13.77045314069,7.));
#5877 = LINE('',#5878,#5879);
#5878 = CARTESIAN_POINT('',(22.198738547363,-13.68193908695,7.));
#5879 = VECTOR('',#5880,1.);
#5880 = DIRECTION('',(0.995184726672,-9.801714032956E-02,0.));
#5881 = ORIENTED_EDGE('',*,*,#5882,.T.);
#5882 = EDGE_CURVE('',#5875,#5883,#5885,.T.);
#5883 = VERTEX_POINT('',#5884);
#5884 = CARTESIAN_POINT('',(24.,-13.8,7.));
#5885 = LINE('',#5886,#5887);
#5886 = CARTESIAN_POINT('',(23.097436816624,-13.77045314069,7.));
#5887 = VECTOR('',#5888,1.);
#5888 = DIRECTION('',(0.999464587476,-3.271908282178E-02,0.));
#5889 = ORIENTED_EDGE('',*,*,#5890,.T.);
#5890 = EDGE_CURVE('',#5883,#5891,#5893,.T.);
#5891 = VERTEX_POINT('',#5892);
#5892 = CARTESIAN_POINT('',(24.902563183376,-13.77045314069,7.));
#5893 = LINE('',#5894,#5895);
#5894 = CARTESIAN_POINT('',(24.,-13.8,7.));
#5895 = VECTOR('',#5896,1.);
#5896 = DIRECTION('',(0.999464587476,3.271908282178E-02,0.));
#5897 = ORIENTED_EDGE('',*,*,#5898,.T.);
#5898 = EDGE_CURVE('',#5891,#5899,#5901,.T.);
#5899 = VERTEX_POINT('',#5900);
#5900 = CARTESIAN_POINT('',(25.344419779867,-10.21188207215,7.));
#5901 = LINE('',#5902,#5903);
#5902 = CARTESIAN_POINT('',(24.902563183376,-13.77045314069,7.));
#5903 = VECTOR('',#5904,1.);
#5904 = DIRECTION('',(0.123220622042,0.99237930163,0.));
#5905 = ORIENTED_EDGE('',*,*,#5906,.T.);
#5906 = EDGE_CURVE('',#5899,#5907,#5909,.T.);
#5907 = VERTEX_POINT('',#5908);
#5908 = CARTESIAN_POINT('',(26.009430316766,-10.10208838815,7.));
#5909 = LINE('',#5910,#5911);
#5910 = CARTESIAN_POINT('',(25.344419779867,-10.21188207215,7.));
#5911 = VECTOR('',#5912,1.);
#5912 = DIRECTION('',(0.986643332085,0.162895473395,0.));
#5913 = ORIENTED_EDGE('',*,*,#5914,.T.);
#5914 = EDGE_CURVE('',#5907,#5915,#5917,.T.);
#5915 = VERTEX_POINT('',#5916);
#5916 = CARTESIAN_POINT('',(26.665836164556,-9.949036010777,7.));
#5917 = LINE('',#5918,#5919);
#5918 = CARTESIAN_POINT('',(26.009430316766,-10.10208838815,7.));
#5919 = VECTOR('',#5920,1.);
#5920 = DIRECTION('',(0.973876979277,0.227076263034,0.));
#5921 = ORIENTED_EDGE('',*,*,#5922,.T.);
#5922 = EDGE_CURVE('',#5915,#5923,#5925,.T.);
#5923 = VERTEX_POINT('',#5924);
#5924 = CARTESIAN_POINT('',(27.310826492623,-9.7533803338,7.));
#5925 = LINE('',#5926,#5927);
#5926 = CARTESIAN_POINT('',(26.665836164556,-9.949036010777,7.));
#5927 = VECTOR('',#5928,1.);
#5928 = DIRECTION('',(0.956940335732,0.290284677254,0.));
#5929 = ORIENTED_EDGE('',*,*,#5930,.T.);
#5930 = EDGE_CURVE('',#5923,#5931,#5933,.T.);
#5931 = VERTEX_POINT('',#5932);
#5932 = CARTESIAN_POINT('',(29.281031366638,-12.74953754865,7.));
#5933 = LINE('',#5934,#5935);
#5934 = CARTESIAN_POINT('',(27.310826492623,-9.7533803338,7.));
#5935 = VECTOR('',#5936,1.);
#5936 = DIRECTION('',(0.549431358622,-0.835538857362,0.));
#5937 = ORIENTED_EDGE('',*,*,#5938,.T.);
#5938 = EDGE_CURVE('',#5931,#5939,#5941,.T.);
#5939 = VERTEX_POINT('',#5940);
#5940 = CARTESIAN_POINT('',(30.103583925022,-12.37684383315,7.));
#5941 = LINE('',#5942,#5943);
#5942 = CARTESIAN_POINT('',(29.281031366638,-12.74953754865,7.));
#5943 = VECTOR('',#5944,1.);
#5944 = DIRECTION('',(0.910863824921,0.412707029804,0.));
#5945 = ORIENTED_EDGE('',*,*,#5946,.T.);
#5946 = EDGE_CURVE('',#5939,#5947,#5949,.T.);
#5947 = VERTEX_POINT('',#5948);
#5948 = CARTESIAN_POINT('',(30.9,-11.95115057222,7.));
#5949 = LINE('',#5950,#5951);
#5950 = CARTESIAN_POINT('',(30.103583925022,-12.37684383315,7.));
#5951 = VECTOR('',#5952,1.);
#5952 = DIRECTION('',(0.881921264348,0.471396736826,0.));
#5953 = ORIENTED_EDGE('',*,*,#5954,.T.);
#5954 = EDGE_CURVE('',#5947,#5955,#5957,.T.);
#5955 = VERTEX_POINT('',#5956);
#5956 = CARTESIAN_POINT('',(31.666869215671,-11.47428064977,7.));
#5957 = LINE('',#5958,#5959);
#5958 = CARTESIAN_POINT('',(30.9,-11.95115057222,7.));
#5959 = VECTOR('',#5960,1.);
#5960 = DIRECTION('',(0.849202181527,0.52806785065,0.));
#5961 = ORIENTED_EDGE('',*,*,#5962,.T.);
#5962 = EDGE_CURVE('',#5955,#5963,#5965,.T.);
#5963 = VERTEX_POINT('',#5964);
#5964 = CARTESIAN_POINT('',(30.27024271879,-8.171539405,7.));
#5965 = LINE('',#5966,#5967);
#5966 = CARTESIAN_POINT('',(31.666869215671,-11.47428064977,7.));
#5967 = VECTOR('',#5968,1.);
#5968 = DIRECTION('',(-0.389477461857,0.921035996422,0.));
#5969 = ORIENTED_EDGE('',*,*,#5970,.T.);
#5970 = EDGE_CURVE('',#5963,#5971,#5973,.T.);
#5971 = VERTEX_POINT('',#5972);
#5972 = CARTESIAN_POINT('',(30.791261895531,-7.743950017033,7.));
#5973 = LINE('',#5974,#5975);
#5974 = CARTESIAN_POINT('',(30.27024271879,-8.171539405,7.));
#5975 = VECTOR('',#5976,1.);
#5976 = DIRECTION('',(0.773010453363,0.634393284164,0.));
#5977 = ORIENTED_EDGE('',*,*,#5978,.T.);
#5978 = EDGE_CURVE('',#5971,#5979,#5981,.T.);
#5979 = VERTEX_POINT('',#5980);
#5980 = CARTESIAN_POINT('',(31.283199846221,-7.283199846221,7.));
#5981 = LINE('',#5982,#5983);
#5982 = CARTESIAN_POINT('',(30.791261895531,-7.743950017033,7.));
#5983 = VECTOR('',#5984,1.);
#5984 = DIRECTION('',(0.729864072698,0.683592302023,0.));
#5985 = ORIENTED_EDGE('',*,*,#5986,.T.);
#5986 = EDGE_CURVE('',#5979,#5987,#5989,.T.);
#5987 = VERTEX_POINT('',#5988);
#5988 = CARTESIAN_POINT('',(31.743950017033,-6.791261895531,7.));
#5989 = LINE('',#5990,#5991);
#5990 = CARTESIAN_POINT('',(31.283199846221,-7.283199846221,7.));
#5991 = VECTOR('',#5992,1.);
#5992 = DIRECTION('',(0.683592302023,0.729864072698,0.));
#5993 = ORIENTED_EDGE('',*,*,#5994,.T.);
#5994 = EDGE_CURVE('',#5987,#5995,#5997,.T.);
#5995 = VERTEX_POINT('',#5996);
#5996 = CARTESIAN_POINT('',(34.948276096019,-8.40090772032,7.));
#5997 = LINE('',#5998,#5999);
#5998 = CARTESIAN_POINT('',(31.743950017033,-6.791261895531,7.));
#5999 = VECTOR('',#6000,1.);
#6000 = DIRECTION('',(0.893590942884,-0.448882197014,0.));
#6001 = ORIENTED_EDGE('',*,*,#6002,.T.);
#6002 = EDGE_CURVE('',#5995,#6003,#6005,.T.);
#6003 = VERTEX_POINT('',#6004);
#6004 = CARTESIAN_POINT('',(35.474280649775,-7.666869215671,7.));
#6005 = LINE('',#6006,#6007);
#6006 = CARTESIAN_POINT('',(34.948276096019,-8.40090772032,7.));
#6007 = VECTOR('',#6008,1.);
#6008 = DIRECTION('',(0.582477696868,0.812846684592,0.));
#6009 = ORIENTED_EDGE('',*,*,#6010,.T.);
#6010 = EDGE_CURVE('',#6003,#6011,#6013,.T.);
#6011 = VERTEX_POINT('',#6012);
#6012 = CARTESIAN_POINT('',(35.951150572225,-6.9,7.));
#6013 = LINE('',#6014,#6015);
#6014 = CARTESIAN_POINT('',(35.474280649775,-7.666869215671,7.));
#6015 = VECTOR('',#6016,1.);
#6016 = DIRECTION('',(0.52806785065,0.849202181527,0.));
#6017 = ORIENTED_EDGE('',*,*,#6018,.T.);
#6018 = EDGE_CURVE('',#6011,#6019,#6021,.T.);
#6019 = VERTEX_POINT('',#6020);
#6020 = CARTESIAN_POINT('',(36.376843833151,-6.103583925022,7.));
#6021 = LINE('',#6022,#6023);
#6022 = CARTESIAN_POINT('',(35.951150572225,-6.9,7.));
#6023 = VECTOR('',#6024,1.);
#6024 = DIRECTION('',(0.471396736826,0.881921264348,0.));
#6025 = ORIENTED_EDGE('',*,*,#6026,.T.);
#6026 = EDGE_CURVE('',#6019,#6027,#6029,.T.);
#6027 = VERTEX_POINT('',#6028);
#6028 = CARTESIAN_POINT('',(33.515959184866,-3.94163935336,7.));
#6029 = LINE('',#6030,#6031);
#6030 = CARTESIAN_POINT('',(36.376843833151,-6.103583925022,7.));
#6031 = VECTOR('',#6032,1.);
#6032 = DIRECTION('',(-0.797815374381,0.602901839773,0.));
#6033 = ORIENTED_EDGE('',*,*,#6034,.T.);
#6034 = EDGE_CURVE('',#6027,#6035,#6037,.T.);
#6035 = VERTEX_POINT('',#6036);
#6036 = CARTESIAN_POINT('',(33.7533803338,-3.310826492623,7.));
#6037 = LINE('',#6038,#6039);
#6038 = CARTESIAN_POINT('',(33.515959184866,-3.94163935336,7.));
#6039 = VECTOR('',#6040,1.);
#6040 = DIRECTION('',(0.352250047921,0.935905926757,0.));
#6041 = ORIENTED_EDGE('',*,*,#6042,.T.);
#6042 = EDGE_CURVE('',#6035,#6043,#6045,.T.);
#6043 = VERTEX_POINT('',#6044);
#6044 = CARTESIAN_POINT('',(33.949036010777,-2.665836164556,7.));
#6045 = LINE('',#6046,#6047);
#6046 = CARTESIAN_POINT('',(33.7533803338,-3.310826492623,7.));
#6047 = VECTOR('',#6048,1.);
#6048 = DIRECTION('',(0.290284677254,0.956940335732,0.));
#6049 = ORIENTED_EDGE('',*,*,#6050,.T.);
#6050 = EDGE_CURVE('',#6043,#6051,#6053,.T.);
#6051 = VERTEX_POINT('',#6052);
#6052 = CARTESIAN_POINT('',(34.102088388153,-2.009430316766,7.));
#6053 = LINE('',#6054,#6055);
#6054 = CARTESIAN_POINT('',(33.949036010777,-2.665836164556,7.));
#6055 = VECTOR('',#6056,1.);
#6056 = DIRECTION('',(0.227076263034,0.973876979277,0.));
#6057 = ORIENTED_EDGE('',*,*,#6058,.T.);
#6058 = EDGE_CURVE('',#6051,#6059,#6061,.T.);
#6059 = VERTEX_POINT('',#6060);
#6060 = CARTESIAN_POINT('',(37.681939086959,-1.801261452637,7.));
#6061 = LINE('',#6062,#6063);
#6062 = CARTESIAN_POINT('',(34.102088388153,-2.009430316766,7.));
#6063 = VECTOR('',#6064,1.);
#6064 = DIRECTION('',(0.998313555636,5.805208552164E-02,0.));
#6065 = ORIENTED_EDGE('',*,*,#6066,.T.);
#6066 = EDGE_CURVE('',#6059,#6067,#6069,.T.);
#6067 = VERTEX_POINT('',#6068);
#6068 = CARTESIAN_POINT('',(37.770453140693,-0.902563183376,7.));
#6069 = LINE('',#6070,#6071);
#6070 = CARTESIAN_POINT('',(37.681939086959,-1.801261452637,7.));
#6071 = VECTOR('',#6072,1.);
#6072 = DIRECTION('',(9.801714032956E-02,0.995184726672,0.));
#6073 = ORIENTED_EDGE('',*,*,#6074,.T.);
#6074 = EDGE_CURVE('',#6067,#6075,#6077,.T.);
#6075 = VERTEX_POINT('',#6076);
#6076 = CARTESIAN_POINT('',(37.8,-1.563688735751E-14,7.));
#6077 = LINE('',#6078,#6079);
#6078 = CARTESIAN_POINT('',(37.770453140693,-0.902563183376,7.));
#6079 = VECTOR('',#6080,1.);
#6080 = DIRECTION('',(3.271908282177E-02,0.999464587476,0.));
#6081 = ORIENTED_EDGE('',*,*,#6082,.T.);
#6082 = EDGE_CURVE('',#6075,#6083,#6085,.T.);
#6083 = VERTEX_POINT('',#6084);
#6084 = CARTESIAN_POINT('',(37.770453140693,0.902563183376,7.));
#6085 = LINE('',#6086,#6087);
#6086 = CARTESIAN_POINT('',(37.8,-1.563688735751E-14,7.));
#6087 = VECTOR('',#6088,1.);
#6088 = DIRECTION('',(-3.271908282177E-02,0.999464587476,0.));
#6089 = ORIENTED_EDGE('',*,*,#6090,.T.);
#6090 = EDGE_CURVE('',#6083,#6091,#6093,.T.);
#6091 = VERTEX_POINT('',#6092);
#6092 = CARTESIAN_POINT('',(34.21188207215,1.344419779867,7.));
#6093 = LINE('',#6094,#6095);
#6094 = CARTESIAN_POINT('',(37.770453140693,0.902563183376,7.));
#6095 = VECTOR('',#6096,1.);
#6096 = DIRECTION('',(-0.99237930163,0.123220622042,0.));
#6097 = ORIENTED_EDGE('',*,*,#6098,.T.);
#6098 = EDGE_CURVE('',#6091,#5299,#6099,.T.);
#6099 = LINE('',#6100,#6101);
#6100 = CARTESIAN_POINT('',(34.21188207215,1.344419779867,7.));
#6101 = VECTOR('',#6102,1.);
#6102 = DIRECTION('',(-0.162895473395,0.986643332085,0.));
#6103 = ORIENTED_EDGE('',*,*,#5315,.T.);
#6104 = FACE_BOUND('',#6105,.F.);
#6105 = EDGE_LOOP('',(#6106));
#6106 = ORIENTED_EDGE('',*,*,#6107,.F.);
#6107 = EDGE_CURVE('',#6108,#6108,#6110,.T.);
#6108 = VERTEX_POINT('',#6109);
#6109 = CARTESIAN_POINT('',(27.05,-7.470345474799E-16,7.));
#6110 = CIRCLE('',#6111,3.05);
#6111 = AXIS2_PLACEMENT_3D('',#6112,#6113,#6114);
#6112 = CARTESIAN_POINT('',(24.,0.,7.));
#6113 = DIRECTION('',(0.,0.,1.));
#6114 = DIRECTION('',(1.,0.,0.));
#6115 = PLANE('',#6116);
#6116 = AXIS2_PLACEMENT_3D('',#6117,#6118,#6119);
#6117 = CARTESIAN_POINT('',(24.,-1.407640943216E-15,7.));
#6118 = DIRECTION('',(0.,0.,1.));
#6119 = DIRECTION('',(1.,0.,0.));
#6120 = ADVANCED_FACE('',(#6121,#6868),#6879,.T.);
#6121 = FACE_BOUND('',#6122,.T.);
#6122 = EDGE_LOOP('',(#6123,#6124,#6125,#6133,#6141,#6149,#6157,#6165,
    #6173,#6181,#6189,#6197,#6205,#6213,#6221,#6229,#6237,#6245,#6253,
    #6261,#6269,#6277,#6285,#6293,#6301,#6309,#6317,#6325,#6333,#6341,
    #6349,#6357,#6365,#6373,#6381,#6389,#6397,#6405,#6413,#6421,#6429,
    #6437,#6445,#6453,#6461,#6469,#6477,#6485,#6493,#6501,#6509,#6517,
    #6525,#6533,#6541,#6549,#6557,#6565,#6573,#6581,#6589,#6597,#6605,
    #6613,#6621,#6629,#6637,#6645,#6653,#6661,#6669,#6677,#6685,#6693,
    #6701,#6709,#6717,#6725,#6733,#6741,#6749,#6757,#6765,#6773,#6781,
    #6789,#6797,#6805,#6813,#6821,#6829,#6837,#6845,#6853,#6861,#6867));
#6123 = ORIENTED_EDGE('',*,*,#5268,.T.);
#6124 = ORIENTED_EDGE('',*,*,#5330,.T.);
#6125 = ORIENTED_EDGE('',*,*,#6126,.T.);
#6126 = EDGE_CURVE('',#5331,#6127,#6129,.T.);
#6127 = VERTEX_POINT('',#6128);
#6128 = CARTESIAN_POINT('',(36.376843833151,6.103583925022,15.));
#6129 = LINE('',#6130,#6131);
#6130 = CARTESIAN_POINT('',(36.749537548656,5.281031366638,15.));
#6131 = VECTOR('',#6132,1.);
#6132 = DIRECTION('',(-0.412707029804,0.910863824921,0.));
#6133 = ORIENTED_EDGE('',*,*,#6134,.T.);
#6134 = EDGE_CURVE('',#6127,#6135,#6137,.T.);
#6135 = VERTEX_POINT('',#6136);
#6136 = CARTESIAN_POINT('',(35.951150572225,6.9,15.));
#6137 = LINE('',#6138,#6139);
#6138 = CARTESIAN_POINT('',(36.376843833151,6.103583925022,15.));
#6139 = VECTOR('',#6140,1.);
#6140 = DIRECTION('',(-0.471396736826,0.881921264348,0.));
#6141 = ORIENTED_EDGE('',*,*,#6142,.T.);
#6142 = EDGE_CURVE('',#6135,#6143,#6145,.T.);
#6143 = VERTEX_POINT('',#6144);
#6144 = CARTESIAN_POINT('',(35.474280649775,7.666869215671,15.));
#6145 = LINE('',#6146,#6147);
#6146 = CARTESIAN_POINT('',(35.951150572225,6.9,15.));
#6147 = VECTOR('',#6148,1.);
#6148 = DIRECTION('',(-0.52806785065,0.849202181527,0.));
#6149 = ORIENTED_EDGE('',*,*,#6150,.T.);
#6150 = EDGE_CURVE('',#6143,#6151,#6153,.T.);
#6151 = VERTEX_POINT('',#6152);
#6152 = CARTESIAN_POINT('',(32.171539405,6.27024271879,15.));
#6153 = LINE('',#6154,#6155);
#6154 = CARTESIAN_POINT('',(35.474280649775,7.666869215671,15.));
#6155 = VECTOR('',#6156,1.);
#6156 = DIRECTION('',(-0.921035996422,-0.389477461857,0.));
#6157 = ORIENTED_EDGE('',*,*,#6158,.T.);
#6158 = EDGE_CURVE('',#6151,#6159,#6161,.T.);
#6159 = VERTEX_POINT('',#6160);
#6160 = CARTESIAN_POINT('',(31.743950017033,6.791261895531,15.));
#6161 = LINE('',#6162,#6163);
#6162 = CARTESIAN_POINT('',(32.171539405,6.27024271879,15.));
#6163 = VECTOR('',#6164,1.);
#6164 = DIRECTION('',(-0.634393284164,0.773010453363,0.));
#6165 = ORIENTED_EDGE('',*,*,#6166,.T.);
#6166 = EDGE_CURVE('',#6159,#6167,#6169,.T.);
#6167 = VERTEX_POINT('',#6168);
#6168 = CARTESIAN_POINT('',(31.283199846221,7.283199846221,15.));
#6169 = LINE('',#6170,#6171);
#6170 = CARTESIAN_POINT('',(31.743950017033,6.791261895531,15.));
#6171 = VECTOR('',#6172,1.);
#6172 = DIRECTION('',(-0.683592302023,0.729864072698,0.));
#6173 = ORIENTED_EDGE('',*,*,#6174,.T.);
#6174 = EDGE_CURVE('',#6167,#6175,#6177,.T.);
#6175 = VERTEX_POINT('',#6176);
#6176 = CARTESIAN_POINT('',(30.791261895531,7.743950017033,15.));
#6177 = LINE('',#6178,#6179);
#6178 = CARTESIAN_POINT('',(31.283199846221,7.283199846221,15.));
#6179 = VECTOR('',#6180,1.);
#6180 = DIRECTION('',(-0.729864072698,0.683592302023,0.));
#6181 = ORIENTED_EDGE('',*,*,#6182,.T.);
#6182 = EDGE_CURVE('',#6175,#6183,#6185,.T.);
#6183 = VERTEX_POINT('',#6184);
#6184 = CARTESIAN_POINT('',(32.40090772032,10.948276096019,15.));
#6185 = LINE('',#6186,#6187);
#6186 = CARTESIAN_POINT('',(30.791261895531,7.743950017033,15.));
#6187 = VECTOR('',#6188,1.);
#6188 = DIRECTION('',(0.448882197014,0.893590942884,0.));
#6189 = ORIENTED_EDGE('',*,*,#6190,.T.);
#6190 = EDGE_CURVE('',#6183,#6191,#6193,.T.);
#6191 = VERTEX_POINT('',#6192);
#6192 = CARTESIAN_POINT('',(31.666869215671,11.474280649775,15.));
#6193 = LINE('',#6194,#6195);
#6194 = CARTESIAN_POINT('',(32.40090772032,10.948276096019,15.));
#6195 = VECTOR('',#6196,1.);
#6196 = DIRECTION('',(-0.812846684592,0.582477696868,0.));
#6197 = ORIENTED_EDGE('',*,*,#6198,.T.);
#6198 = EDGE_CURVE('',#6191,#6199,#6201,.T.);
#6199 = VERTEX_POINT('',#6200);
#6200 = CARTESIAN_POINT('',(30.9,11.951150572225,15.));
#6201 = LINE('',#6202,#6203);
#6202 = CARTESIAN_POINT('',(31.666869215671,11.474280649775,15.));
#6203 = VECTOR('',#6204,1.);
#6204 = DIRECTION('',(-0.849202181527,0.52806785065,0.));
#6205 = ORIENTED_EDGE('',*,*,#6206,.T.);
#6206 = EDGE_CURVE('',#6199,#6207,#6209,.T.);
#6207 = VERTEX_POINT('',#6208);
#6208 = CARTESIAN_POINT('',(30.103583925022,12.376843833151,15.));
#6209 = LINE('',#6210,#6211);
#6210 = CARTESIAN_POINT('',(30.9,11.951150572225,15.));
#6211 = VECTOR('',#6212,1.);
#6212 = DIRECTION('',(-0.881921264348,0.471396736826,0.));
#6213 = ORIENTED_EDGE('',*,*,#6214,.T.);
#6214 = EDGE_CURVE('',#6207,#6215,#6217,.T.);
#6215 = VERTEX_POINT('',#6216);
#6216 = CARTESIAN_POINT('',(27.94163935336,9.515959184866,15.));
#6217 = LINE('',#6218,#6219);
#6218 = CARTESIAN_POINT('',(30.103583925022,12.376843833151,15.));
#6219 = VECTOR('',#6220,1.);
#6220 = DIRECTION('',(-0.602901839773,-0.797815374381,0.));
#6221 = ORIENTED_EDGE('',*,*,#6222,.T.);
#6222 = EDGE_CURVE('',#6215,#6223,#6225,.T.);
#6223 = VERTEX_POINT('',#6224);
#6224 = CARTESIAN_POINT('',(27.310826492623,9.7533803338,15.));
#6225 = LINE('',#6226,#6227);
#6226 = CARTESIAN_POINT('',(27.94163935336,9.515959184866,15.));
#6227 = VECTOR('',#6228,1.);
#6228 = DIRECTION('',(-0.935905926757,0.352250047921,0.));
#6229 = ORIENTED_EDGE('',*,*,#6230,.T.);
#6230 = EDGE_CURVE('',#6223,#6231,#6233,.T.);
#6231 = VERTEX_POINT('',#6232);
#6232 = CARTESIAN_POINT('',(26.665836164556,9.949036010777,15.));
#6233 = LINE('',#6234,#6235);
#6234 = CARTESIAN_POINT('',(27.310826492623,9.7533803338,15.));
#6235 = VECTOR('',#6236,1.);
#6236 = DIRECTION('',(-0.956940335732,0.290284677254,0.));
#6237 = ORIENTED_EDGE('',*,*,#6238,.T.);
#6238 = EDGE_CURVE('',#6231,#6239,#6241,.T.);
#6239 = VERTEX_POINT('',#6240);
#6240 = CARTESIAN_POINT('',(26.009430316766,10.102088388153,15.));
#6241 = LINE('',#6242,#6243);
#6242 = CARTESIAN_POINT('',(26.665836164556,9.949036010777,15.));
#6243 = VECTOR('',#6244,1.);
#6244 = DIRECTION('',(-0.973876979277,0.227076263034,0.));
#6245 = ORIENTED_EDGE('',*,*,#6246,.T.);
#6246 = EDGE_CURVE('',#6239,#6247,#6249,.T.);
#6247 = VERTEX_POINT('',#6248);
#6248 = CARTESIAN_POINT('',(25.801261452637,13.681939086959,15.));
#6249 = LINE('',#6250,#6251);
#6250 = CARTESIAN_POINT('',(26.009430316766,10.102088388153,15.));
#6251 = VECTOR('',#6252,1.);
#6252 = DIRECTION('',(-5.805208552164E-02,0.998313555636,0.));
#6253 = ORIENTED_EDGE('',*,*,#6254,.T.);
#6254 = EDGE_CURVE('',#6247,#6255,#6257,.T.);
#6255 = VERTEX_POINT('',#6256);
#6256 = CARTESIAN_POINT('',(24.902563183376,13.770453140693,15.));
#6257 = LINE('',#6258,#6259);
#6258 = CARTESIAN_POINT('',(25.801261452637,13.681939086959,15.));
#6259 = VECTOR('',#6260,1.);
#6260 = DIRECTION('',(-0.995184726672,9.801714032956E-02,0.));
#6261 = ORIENTED_EDGE('',*,*,#6262,.T.);
#6262 = EDGE_CURVE('',#6255,#6263,#6265,.T.);
#6263 = VERTEX_POINT('',#6264);
#6264 = CARTESIAN_POINT('',(24.,13.8,15.));
#6265 = LINE('',#6266,#6267);
#6266 = CARTESIAN_POINT('',(24.902563183376,13.770453140693,15.));
#6267 = VECTOR('',#6268,1.);
#6268 = DIRECTION('',(-0.999464587476,3.271908282178E-02,0.));
#6269 = ORIENTED_EDGE('',*,*,#6270,.T.);
#6270 = EDGE_CURVE('',#6263,#6271,#6273,.T.);
#6271 = VERTEX_POINT('',#6272);
#6272 = CARTESIAN_POINT('',(23.097436816624,13.770453140693,15.));
#6273 = LINE('',#6274,#6275);
#6274 = CARTESIAN_POINT('',(24.,13.8,15.));
#6275 = VECTOR('',#6276,1.);
#6276 = DIRECTION('',(-0.999464587476,-3.271908282178E-02,0.));
#6277 = ORIENTED_EDGE('',*,*,#6278,.T.);
#6278 = EDGE_CURVE('',#6271,#6279,#6281,.T.);
#6279 = VERTEX_POINT('',#6280);
#6280 = CARTESIAN_POINT('',(22.655580220133,10.21188207215,15.));
#6281 = LINE('',#6282,#6283);
#6282 = CARTESIAN_POINT('',(23.097436816624,13.770453140693,15.));
#6283 = VECTOR('',#6284,1.);
#6284 = DIRECTION('',(-0.123220622042,-0.99237930163,0.));
#6285 = ORIENTED_EDGE('',*,*,#6286,.T.);
#6286 = EDGE_CURVE('',#6279,#6287,#6289,.T.);
#6287 = VERTEX_POINT('',#6288);
#6288 = CARTESIAN_POINT('',(21.990569683234,10.102088388153,15.));
#6289 = LINE('',#6290,#6291);
#6290 = CARTESIAN_POINT('',(22.655580220133,10.21188207215,15.));
#6291 = VECTOR('',#6292,1.);
#6292 = DIRECTION('',(-0.986643332085,-0.162895473395,0.));
#6293 = ORIENTED_EDGE('',*,*,#6294,.T.);
#6294 = EDGE_CURVE('',#6287,#6295,#6297,.T.);
#6295 = VERTEX_POINT('',#6296);
#6296 = CARTESIAN_POINT('',(21.334163835444,9.949036010777,15.));
#6297 = LINE('',#6298,#6299);
#6298 = CARTESIAN_POINT('',(21.990569683234,10.102088388153,15.));
#6299 = VECTOR('',#6300,1.);
#6300 = DIRECTION('',(-0.973876979277,-0.227076263034,0.));
#6301 = ORIENTED_EDGE('',*,*,#6302,.T.);
#6302 = EDGE_CURVE('',#6295,#6303,#6305,.T.);
#6303 = VERTEX_POINT('',#6304);
#6304 = CARTESIAN_POINT('',(20.689173507377,9.7533803338,15.));
#6305 = LINE('',#6306,#6307);
#6306 = CARTESIAN_POINT('',(21.334163835444,9.949036010777,15.));
#6307 = VECTOR('',#6308,1.);
#6308 = DIRECTION('',(-0.956940335732,-0.290284677254,0.));
#6309 = ORIENTED_EDGE('',*,*,#6310,.T.);
#6310 = EDGE_CURVE('',#6303,#6311,#6313,.T.);
#6311 = VERTEX_POINT('',#6312);
#6312 = CARTESIAN_POINT('',(18.718968633362,12.749537548656,15.));
#6313 = LINE('',#6314,#6315);
#6314 = CARTESIAN_POINT('',(20.689173507377,9.7533803338,15.));
#6315 = VECTOR('',#6316,1.);
#6316 = DIRECTION('',(-0.549431358622,0.835538857362,0.));
#6317 = ORIENTED_EDGE('',*,*,#6318,.T.);
#6318 = EDGE_CURVE('',#6311,#6319,#6321,.T.);
#6319 = VERTEX_POINT('',#6320);
#6320 = CARTESIAN_POINT('',(17.896416074978,12.376843833151,15.));
#6321 = LINE('',#6322,#6323);
#6322 = CARTESIAN_POINT('',(18.718968633362,12.749537548656,15.));
#6323 = VECTOR('',#6324,1.);
#6324 = DIRECTION('',(-0.910863824921,-0.412707029804,0.));
#6325 = ORIENTED_EDGE('',*,*,#6326,.T.);
#6326 = EDGE_CURVE('',#6319,#6327,#6329,.T.);
#6327 = VERTEX_POINT('',#6328);
#6328 = CARTESIAN_POINT('',(17.1,11.951150572225,15.));
#6329 = LINE('',#6330,#6331);
#6330 = CARTESIAN_POINT('',(17.896416074978,12.376843833151,15.));
#6331 = VECTOR('',#6332,1.);
#6332 = DIRECTION('',(-0.881921264348,-0.471396736826,0.));
#6333 = ORIENTED_EDGE('',*,*,#6334,.T.);
#6334 = EDGE_CURVE('',#6327,#6335,#6337,.T.);
#6335 = VERTEX_POINT('',#6336);
#6336 = CARTESIAN_POINT('',(16.333130784329,11.474280649775,15.));
#6337 = LINE('',#6338,#6339);
#6338 = CARTESIAN_POINT('',(17.1,11.951150572225,15.));
#6339 = VECTOR('',#6340,1.);
#6340 = DIRECTION('',(-0.849202181527,-0.52806785065,0.));
#6341 = ORIENTED_EDGE('',*,*,#6342,.T.);
#6342 = EDGE_CURVE('',#6335,#6343,#6345,.T.);
#6343 = VERTEX_POINT('',#6344);
#6344 = CARTESIAN_POINT('',(17.72975728121,8.171539405,15.));
#6345 = LINE('',#6346,#6347);
#6346 = CARTESIAN_POINT('',(16.333130784329,11.474280649775,15.));
#6347 = VECTOR('',#6348,1.);
#6348 = DIRECTION('',(0.389477461857,-0.921035996422,0.));
#6349 = ORIENTED_EDGE('',*,*,#6350,.T.);
#6350 = EDGE_CURVE('',#6343,#6351,#6353,.T.);
#6351 = VERTEX_POINT('',#6352);
#6352 = CARTESIAN_POINT('',(17.208738104469,7.743950017033,15.));
#6353 = LINE('',#6354,#6355);
#6354 = CARTESIAN_POINT('',(17.72975728121,8.171539405,15.));
#6355 = VECTOR('',#6356,1.);
#6356 = DIRECTION('',(-0.773010453363,-0.634393284164,0.));
#6357 = ORIENTED_EDGE('',*,*,#6358,.T.);
#6358 = EDGE_CURVE('',#6351,#6359,#6361,.T.);
#6359 = VERTEX_POINT('',#6360);
#6360 = CARTESIAN_POINT('',(16.716800153779,7.283199846221,15.));
#6361 = LINE('',#6362,#6363);
#6362 = CARTESIAN_POINT('',(17.208738104469,7.743950017033,15.));
#6363 = VECTOR('',#6364,1.);
#6364 = DIRECTION('',(-0.729864072698,-0.683592302023,0.));
#6365 = ORIENTED_EDGE('',*,*,#6366,.T.);
#6366 = EDGE_CURVE('',#6359,#6367,#6369,.T.);
#6367 = VERTEX_POINT('',#6368);
#6368 = CARTESIAN_POINT('',(16.256049982967,6.791261895531,15.));
#6369 = LINE('',#6370,#6371);
#6370 = CARTESIAN_POINT('',(16.716800153779,7.283199846221,15.));
#6371 = VECTOR('',#6372,1.);
#6372 = DIRECTION('',(-0.683592302023,-0.729864072698,0.));
#6373 = ORIENTED_EDGE('',*,*,#6374,.T.);
#6374 = EDGE_CURVE('',#6367,#6375,#6377,.T.);
#6375 = VERTEX_POINT('',#6376);
#6376 = CARTESIAN_POINT('',(13.051723903981,8.40090772032,15.));
#6377 = LINE('',#6378,#6379);
#6378 = CARTESIAN_POINT('',(16.256049982967,6.791261895531,15.));
#6379 = VECTOR('',#6380,1.);
#6380 = DIRECTION('',(-0.893590942884,0.448882197014,0.));
#6381 = ORIENTED_EDGE('',*,*,#6382,.T.);
#6382 = EDGE_CURVE('',#6375,#6383,#6385,.T.);
#6383 = VERTEX_POINT('',#6384);
#6384 = CARTESIAN_POINT('',(12.525719350225,7.666869215671,15.));
#6385 = LINE('',#6386,#6387);
#6386 = CARTESIAN_POINT('',(13.051723903981,8.40090772032,15.));
#6387 = VECTOR('',#6388,1.);
#6388 = DIRECTION('',(-0.582477696868,-0.812846684592,0.));
#6389 = ORIENTED_EDGE('',*,*,#6390,.T.);
#6390 = EDGE_CURVE('',#6383,#6391,#6393,.T.);
#6391 = VERTEX_POINT('',#6392);
#6392 = CARTESIAN_POINT('',(12.048849427775,6.9,15.));
#6393 = LINE('',#6394,#6395);
#6394 = CARTESIAN_POINT('',(12.525719350225,7.666869215671,15.));
#6395 = VECTOR('',#6396,1.);
#6396 = DIRECTION('',(-0.52806785065,-0.849202181527,0.));
#6397 = ORIENTED_EDGE('',*,*,#6398,.T.);
#6398 = EDGE_CURVE('',#6391,#6399,#6401,.T.);
#6399 = VERTEX_POINT('',#6400);
#6400 = CARTESIAN_POINT('',(11.623156166849,6.103583925022,15.));
#6401 = LINE('',#6402,#6403);
#6402 = CARTESIAN_POINT('',(12.048849427775,6.9,15.));
#6403 = VECTOR('',#6404,1.);
#6404 = DIRECTION('',(-0.471396736826,-0.881921264348,0.));
#6405 = ORIENTED_EDGE('',*,*,#6406,.T.);
#6406 = EDGE_CURVE('',#6399,#6407,#6409,.T.);
#6407 = VERTEX_POINT('',#6408);
#6408 = CARTESIAN_POINT('',(14.484040815134,3.94163935336,15.));
#6409 = LINE('',#6410,#6411);
#6410 = CARTESIAN_POINT('',(11.623156166849,6.103583925022,15.));
#6411 = VECTOR('',#6412,1.);
#6412 = DIRECTION('',(0.797815374381,-0.602901839773,0.));
#6413 = ORIENTED_EDGE('',*,*,#6414,.T.);
#6414 = EDGE_CURVE('',#6407,#6415,#6417,.T.);
#6415 = VERTEX_POINT('',#6416);
#6416 = CARTESIAN_POINT('',(14.2466196662,3.310826492623,15.));
#6417 = LINE('',#6418,#6419);
#6418 = CARTESIAN_POINT('',(14.484040815134,3.94163935336,15.));
#6419 = VECTOR('',#6420,1.);
#6420 = DIRECTION('',(-0.352250047921,-0.935905926757,0.));
#6421 = ORIENTED_EDGE('',*,*,#6422,.T.);
#6422 = EDGE_CURVE('',#6415,#6423,#6425,.T.);
#6423 = VERTEX_POINT('',#6424);
#6424 = CARTESIAN_POINT('',(14.050963989223,2.665836164556,15.));
#6425 = LINE('',#6426,#6427);
#6426 = CARTESIAN_POINT('',(14.2466196662,3.310826492623,15.));
#6427 = VECTOR('',#6428,1.);
#6428 = DIRECTION('',(-0.290284677254,-0.956940335732,0.));
#6429 = ORIENTED_EDGE('',*,*,#6430,.T.);
#6430 = EDGE_CURVE('',#6423,#6431,#6433,.T.);
#6431 = VERTEX_POINT('',#6432);
#6432 = CARTESIAN_POINT('',(13.897911611847,2.009430316766,15.));
#6433 = LINE('',#6434,#6435);
#6434 = CARTESIAN_POINT('',(14.050963989223,2.665836164556,15.));
#6435 = VECTOR('',#6436,1.);
#6436 = DIRECTION('',(-0.227076263034,-0.973876979277,0.));
#6437 = ORIENTED_EDGE('',*,*,#6438,.T.);
#6438 = EDGE_CURVE('',#6431,#6439,#6441,.T.);
#6439 = VERTEX_POINT('',#6440);
#6440 = CARTESIAN_POINT('',(10.318060913041,1.801261452637,15.));
#6441 = LINE('',#6442,#6443);
#6442 = CARTESIAN_POINT('',(13.897911611847,2.009430316766,15.));
#6443 = VECTOR('',#6444,1.);
#6444 = DIRECTION('',(-0.998313555636,-5.805208552164E-02,0.));
#6445 = ORIENTED_EDGE('',*,*,#6446,.T.);
#6446 = EDGE_CURVE('',#6439,#6447,#6449,.T.);
#6447 = VERTEX_POINT('',#6448);
#6448 = CARTESIAN_POINT('',(10.229546859307,0.902563183376,15.));
#6449 = LINE('',#6450,#6451);
#6450 = CARTESIAN_POINT('',(10.318060913041,1.801261452637,15.));
#6451 = VECTOR('',#6452,1.);
#6452 = DIRECTION('',(-9.801714032956E-02,-0.995184726672,0.));
#6453 = ORIENTED_EDGE('',*,*,#6454,.T.);
#6454 = EDGE_CURVE('',#6447,#6455,#6457,.T.);
#6455 = VERTEX_POINT('',#6456);
#6456 = CARTESIAN_POINT('',(10.2,1.690012582823E-15,15.));
#6457 = LINE('',#6458,#6459);
#6458 = CARTESIAN_POINT('',(10.229546859307,0.902563183376,15.));
#6459 = VECTOR('',#6460,1.);
#6460 = DIRECTION('',(-3.271908282178E-02,-0.999464587476,0.));
#6461 = ORIENTED_EDGE('',*,*,#6462,.T.);
#6462 = EDGE_CURVE('',#6455,#6463,#6465,.T.);
#6463 = VERTEX_POINT('',#6464);
#6464 = CARTESIAN_POINT('',(10.229546859307,-0.902563183376,15.));
#6465 = LINE('',#6466,#6467);
#6466 = CARTESIAN_POINT('',(10.2,1.690012582823E-15,15.));
#6467 = VECTOR('',#6468,1.);
#6468 = DIRECTION('',(3.271908282178E-02,-0.999464587476,0.));
#6469 = ORIENTED_EDGE('',*,*,#6470,.T.);
#6470 = EDGE_CURVE('',#6463,#6471,#6473,.T.);
#6471 = VERTEX_POINT('',#6472);
#6472 = CARTESIAN_POINT('',(13.78811792785,-1.344419779867,15.));
#6473 = LINE('',#6474,#6475);
#6474 = CARTESIAN_POINT('',(10.229546859307,-0.902563183376,15.));
#6475 = VECTOR('',#6476,1.);
#6476 = DIRECTION('',(0.99237930163,-0.123220622042,0.));
#6477 = ORIENTED_EDGE('',*,*,#6478,.T.);
#6478 = EDGE_CURVE('',#6471,#6479,#6481,.T.);
#6479 = VERTEX_POINT('',#6480);
#6480 = CARTESIAN_POINT('',(13.897911611847,-2.009430316766,15.));
#6481 = LINE('',#6482,#6483);
#6482 = CARTESIAN_POINT('',(13.78811792785,-1.344419779867,15.));
#6483 = VECTOR('',#6484,1.);
#6484 = DIRECTION('',(0.162895473395,-0.986643332085,0.));
#6485 = ORIENTED_EDGE('',*,*,#6486,.T.);
#6486 = EDGE_CURVE('',#6479,#6487,#6489,.T.);
#6487 = VERTEX_POINT('',#6488);
#6488 = CARTESIAN_POINT('',(14.050963989223,-2.665836164556,15.));
#6489 = LINE('',#6490,#6491);
#6490 = CARTESIAN_POINT('',(13.897911611847,-2.009430316766,15.));
#6491 = VECTOR('',#6492,1.);
#6492 = DIRECTION('',(0.227076263034,-0.973876979277,0.));
#6493 = ORIENTED_EDGE('',*,*,#6494,.T.);
#6494 = EDGE_CURVE('',#6487,#6495,#6497,.T.);
#6495 = VERTEX_POINT('',#6496);
#6496 = CARTESIAN_POINT('',(14.2466196662,-3.310826492623,15.));
#6497 = LINE('',#6498,#6499);
#6498 = CARTESIAN_POINT('',(14.050963989223,-2.665836164556,15.));
#6499 = VECTOR('',#6500,1.);
#6500 = DIRECTION('',(0.290284677254,-0.956940335732,0.));
#6501 = ORIENTED_EDGE('',*,*,#6502,.T.);
#6502 = EDGE_CURVE('',#6495,#6503,#6505,.T.);
#6503 = VERTEX_POINT('',#6504);
#6504 = CARTESIAN_POINT('',(11.250462451344,-5.281031366638,15.));
#6505 = LINE('',#6506,#6507);
#6506 = CARTESIAN_POINT('',(14.2466196662,-3.310826492623,15.));
#6507 = VECTOR('',#6508,1.);
#6508 = DIRECTION('',(-0.835538857362,-0.549431358622,0.));
#6509 = ORIENTED_EDGE('',*,*,#6510,.T.);
#6510 = EDGE_CURVE('',#6503,#6511,#6513,.T.);
#6511 = VERTEX_POINT('',#6512);
#6512 = CARTESIAN_POINT('',(11.623156166849,-6.103583925022,15.));
#6513 = LINE('',#6514,#6515);
#6514 = CARTESIAN_POINT('',(11.250462451344,-5.281031366638,15.));
#6515 = VECTOR('',#6516,1.);
#6516 = DIRECTION('',(0.412707029804,-0.910863824921,0.));
#6517 = ORIENTED_EDGE('',*,*,#6518,.T.);
#6518 = EDGE_CURVE('',#6511,#6519,#6521,.T.);
#6519 = VERTEX_POINT('',#6520);
#6520 = CARTESIAN_POINT('',(12.048849427775,-6.9,15.));
#6521 = LINE('',#6522,#6523);
#6522 = CARTESIAN_POINT('',(11.623156166849,-6.103583925022,15.));
#6523 = VECTOR('',#6524,1.);
#6524 = DIRECTION('',(0.471396736826,-0.881921264348,0.));
#6525 = ORIENTED_EDGE('',*,*,#6526,.T.);
#6526 = EDGE_CURVE('',#6519,#6527,#6529,.T.);
#6527 = VERTEX_POINT('',#6528);
#6528 = CARTESIAN_POINT('',(12.525719350225,-7.666869215671,15.));
#6529 = LINE('',#6530,#6531);
#6530 = CARTESIAN_POINT('',(12.048849427775,-6.9,15.));
#6531 = VECTOR('',#6532,1.);
#6532 = DIRECTION('',(0.52806785065,-0.849202181527,0.));
#6533 = ORIENTED_EDGE('',*,*,#6534,.T.);
#6534 = EDGE_CURVE('',#6527,#6535,#6537,.T.);
#6535 = VERTEX_POINT('',#6536);
#6536 = CARTESIAN_POINT('',(15.828460595,-6.27024271879,15.));
#6537 = LINE('',#6538,#6539);
#6538 = CARTESIAN_POINT('',(12.525719350225,-7.666869215671,15.));
#6539 = VECTOR('',#6540,1.);
#6540 = DIRECTION('',(0.921035996422,0.389477461857,0.));
#6541 = ORIENTED_EDGE('',*,*,#6542,.T.);
#6542 = EDGE_CURVE('',#6535,#6543,#6545,.T.);
#6543 = VERTEX_POINT('',#6544);
#6544 = CARTESIAN_POINT('',(16.256049982967,-6.791261895531,15.));
#6545 = LINE('',#6546,#6547);
#6546 = CARTESIAN_POINT('',(15.828460595,-6.27024271879,15.));
#6547 = VECTOR('',#6548,1.);
#6548 = DIRECTION('',(0.634393284164,-0.773010453363,0.));
#6549 = ORIENTED_EDGE('',*,*,#6550,.T.);
#6550 = EDGE_CURVE('',#6543,#6551,#6553,.T.);
#6551 = VERTEX_POINT('',#6552);
#6552 = CARTESIAN_POINT('',(16.716800153779,-7.283199846221,15.));
#6553 = LINE('',#6554,#6555);
#6554 = CARTESIAN_POINT('',(16.256049982967,-6.791261895531,15.));
#6555 = VECTOR('',#6556,1.);
#6556 = DIRECTION('',(0.683592302023,-0.729864072698,0.));
#6557 = ORIENTED_EDGE('',*,*,#6558,.T.);
#6558 = EDGE_CURVE('',#6551,#6559,#6561,.T.);
#6559 = VERTEX_POINT('',#6560);
#6560 = CARTESIAN_POINT('',(17.208738104469,-7.743950017033,15.));
#6561 = LINE('',#6562,#6563);
#6562 = CARTESIAN_POINT('',(16.716800153779,-7.283199846221,15.));
#6563 = VECTOR('',#6564,1.);
#6564 = DIRECTION('',(0.729864072698,-0.683592302023,0.));
#6565 = ORIENTED_EDGE('',*,*,#6566,.T.);
#6566 = EDGE_CURVE('',#6559,#6567,#6569,.T.);
#6567 = VERTEX_POINT('',#6568);
#6568 = CARTESIAN_POINT('',(15.59909227968,-10.94827609601,15.));
#6569 = LINE('',#6570,#6571);
#6570 = CARTESIAN_POINT('',(17.208738104469,-7.743950017033,15.));
#6571 = VECTOR('',#6572,1.);
#6572 = DIRECTION('',(-0.448882197014,-0.893590942884,0.));
#6573 = ORIENTED_EDGE('',*,*,#6574,.T.);
#6574 = EDGE_CURVE('',#6567,#6575,#6577,.T.);
#6575 = VERTEX_POINT('',#6576);
#6576 = CARTESIAN_POINT('',(16.333130784329,-11.47428064977,15.));
#6577 = LINE('',#6578,#6579);
#6578 = CARTESIAN_POINT('',(15.59909227968,-10.94827609601,15.));
#6579 = VECTOR('',#6580,1.);
#6580 = DIRECTION('',(0.812846684592,-0.582477696868,0.));
#6581 = ORIENTED_EDGE('',*,*,#6582,.T.);
#6582 = EDGE_CURVE('',#6575,#6583,#6585,.T.);
#6583 = VERTEX_POINT('',#6584);
#6584 = CARTESIAN_POINT('',(17.1,-11.95115057222,15.));
#6585 = LINE('',#6586,#6587);
#6586 = CARTESIAN_POINT('',(16.333130784329,-11.47428064977,15.));
#6587 = VECTOR('',#6588,1.);
#6588 = DIRECTION('',(0.849202181527,-0.52806785065,0.));
#6589 = ORIENTED_EDGE('',*,*,#6590,.T.);
#6590 = EDGE_CURVE('',#6583,#6591,#6593,.T.);
#6591 = VERTEX_POINT('',#6592);
#6592 = CARTESIAN_POINT('',(17.896416074978,-12.37684383315,15.));
#6593 = LINE('',#6594,#6595);
#6594 = CARTESIAN_POINT('',(17.1,-11.95115057222,15.));
#6595 = VECTOR('',#6596,1.);
#6596 = DIRECTION('',(0.881921264348,-0.471396736826,0.));
#6597 = ORIENTED_EDGE('',*,*,#6598,.T.);
#6598 = EDGE_CURVE('',#6591,#6599,#6601,.T.);
#6599 = VERTEX_POINT('',#6600);
#6600 = CARTESIAN_POINT('',(20.05836064664,-9.515959184866,15.));
#6601 = LINE('',#6602,#6603);
#6602 = CARTESIAN_POINT('',(17.896416074978,-12.37684383315,15.));
#6603 = VECTOR('',#6604,1.);
#6604 = DIRECTION('',(0.602901839773,0.797815374381,0.));
#6605 = ORIENTED_EDGE('',*,*,#6606,.T.);
#6606 = EDGE_CURVE('',#6599,#6607,#6609,.T.);
#6607 = VERTEX_POINT('',#6608);
#6608 = CARTESIAN_POINT('',(20.689173507377,-9.7533803338,15.));
#6609 = LINE('',#6610,#6611);
#6610 = CARTESIAN_POINT('',(20.05836064664,-9.515959184866,15.));
#6611 = VECTOR('',#6612,1.);
#6612 = DIRECTION('',(0.935905926757,-0.352250047921,0.));
#6613 = ORIENTED_EDGE('',*,*,#6614,.T.);
#6614 = EDGE_CURVE('',#6607,#6615,#6617,.T.);
#6615 = VERTEX_POINT('',#6616);
#6616 = CARTESIAN_POINT('',(21.334163835444,-9.949036010777,15.));
#6617 = LINE('',#6618,#6619);
#6618 = CARTESIAN_POINT('',(20.689173507377,-9.7533803338,15.));
#6619 = VECTOR('',#6620,1.);
#6620 = DIRECTION('',(0.956940335732,-0.290284677254,0.));
#6621 = ORIENTED_EDGE('',*,*,#6622,.T.);
#6622 = EDGE_CURVE('',#6615,#6623,#6625,.T.);
#6623 = VERTEX_POINT('',#6624);
#6624 = CARTESIAN_POINT('',(21.990569683234,-10.10208838815,15.));
#6625 = LINE('',#6626,#6627);
#6626 = CARTESIAN_POINT('',(21.334163835444,-9.949036010777,15.));
#6627 = VECTOR('',#6628,1.);
#6628 = DIRECTION('',(0.973876979277,-0.227076263034,0.));
#6629 = ORIENTED_EDGE('',*,*,#6630,.T.);
#6630 = EDGE_CURVE('',#6623,#6631,#6633,.T.);
#6631 = VERTEX_POINT('',#6632);
#6632 = CARTESIAN_POINT('',(22.198738547363,-13.68193908695,15.));
#6633 = LINE('',#6634,#6635);
#6634 = CARTESIAN_POINT('',(21.990569683234,-10.10208838815,15.));
#6635 = VECTOR('',#6636,1.);
#6636 = DIRECTION('',(5.805208552164E-02,-0.998313555636,0.));
#6637 = ORIENTED_EDGE('',*,*,#6638,.T.);
#6638 = EDGE_CURVE('',#6631,#6639,#6641,.T.);
#6639 = VERTEX_POINT('',#6640);
#6640 = CARTESIAN_POINT('',(23.097436816624,-13.77045314069,15.));
#6641 = LINE('',#6642,#6643);
#6642 = CARTESIAN_POINT('',(22.198738547363,-13.68193908695,15.));
#6643 = VECTOR('',#6644,1.);
#6644 = DIRECTION('',(0.995184726672,-9.801714032956E-02,0.));
#6645 = ORIENTED_EDGE('',*,*,#6646,.T.);
#6646 = EDGE_CURVE('',#6639,#6647,#6649,.T.);
#6647 = VERTEX_POINT('',#6648);
#6648 = CARTESIAN_POINT('',(24.,-13.8,15.));
#6649 = LINE('',#6650,#6651);
#6650 = CARTESIAN_POINT('',(23.097436816624,-13.77045314069,15.));
#6651 = VECTOR('',#6652,1.);
#6652 = DIRECTION('',(0.999464587476,-3.271908282178E-02,0.));
#6653 = ORIENTED_EDGE('',*,*,#6654,.T.);
#6654 = EDGE_CURVE('',#6647,#6655,#6657,.T.);
#6655 = VERTEX_POINT('',#6656);
#6656 = CARTESIAN_POINT('',(24.902563183376,-13.77045314069,15.));
#6657 = LINE('',#6658,#6659);
#6658 = CARTESIAN_POINT('',(24.,-13.8,15.));
#6659 = VECTOR('',#6660,1.);
#6660 = DIRECTION('',(0.999464587476,3.271908282178E-02,0.));
#6661 = ORIENTED_EDGE('',*,*,#6662,.T.);
#6662 = EDGE_CURVE('',#6655,#6663,#6665,.T.);
#6663 = VERTEX_POINT('',#6664);
#6664 = CARTESIAN_POINT('',(25.344419779867,-10.21188207215,15.));
#6665 = LINE('',#6666,#6667);
#6666 = CARTESIAN_POINT('',(24.902563183376,-13.77045314069,15.));
#6667 = VECTOR('',#6668,1.);
#6668 = DIRECTION('',(0.123220622042,0.99237930163,0.));
#6669 = ORIENTED_EDGE('',*,*,#6670,.T.);
#6670 = EDGE_CURVE('',#6663,#6671,#6673,.T.);
#6671 = VERTEX_POINT('',#6672);
#6672 = CARTESIAN_POINT('',(26.009430316766,-10.10208838815,15.));
#6673 = LINE('',#6674,#6675);
#6674 = CARTESIAN_POINT('',(25.344419779867,-10.21188207215,15.));
#6675 = VECTOR('',#6676,1.);
#6676 = DIRECTION('',(0.986643332085,0.162895473395,0.));
#6677 = ORIENTED_EDGE('',*,*,#6678,.T.);
#6678 = EDGE_CURVE('',#6671,#6679,#6681,.T.);
#6679 = VERTEX_POINT('',#6680);
#6680 = CARTESIAN_POINT('',(26.665836164556,-9.949036010777,15.));
#6681 = LINE('',#6682,#6683);
#6682 = CARTESIAN_POINT('',(26.009430316766,-10.10208838815,15.));
#6683 = VECTOR('',#6684,1.);
#6684 = DIRECTION('',(0.973876979277,0.227076263034,0.));
#6685 = ORIENTED_EDGE('',*,*,#6686,.T.);
#6686 = EDGE_CURVE('',#6679,#6687,#6689,.T.);
#6687 = VERTEX_POINT('',#6688);
#6688 = CARTESIAN_POINT('',(27.310826492623,-9.7533803338,15.));
#6689 = LINE('',#6690,#6691);
#6690 = CARTESIAN_POINT('',(26.665836164556,-9.949036010777,15.));
#6691 = VECTOR('',#6692,1.);
#6692 = DIRECTION('',(0.956940335732,0.290284677254,0.));
#6693 = ORIENTED_EDGE('',*,*,#6694,.T.);
#6694 = EDGE_CURVE('',#6687,#6695,#6697,.T.);
#6695 = VERTEX_POINT('',#6696);
#6696 = CARTESIAN_POINT('',(29.281031366638,-12.74953754865,15.));
#6697 = LINE('',#6698,#6699);
#6698 = CARTESIAN_POINT('',(27.310826492623,-9.7533803338,15.));
#6699 = VECTOR('',#6700,1.);
#6700 = DIRECTION('',(0.549431358622,-0.835538857362,0.));
#6701 = ORIENTED_EDGE('',*,*,#6702,.T.);
#6702 = EDGE_CURVE('',#6695,#6703,#6705,.T.);
#6703 = VERTEX_POINT('',#6704);
#6704 = CARTESIAN_POINT('',(30.103583925022,-12.37684383315,15.));
#6705 = LINE('',#6706,#6707);
#6706 = CARTESIAN_POINT('',(29.281031366638,-12.74953754865,15.));
#6707 = VECTOR('',#6708,1.);
#6708 = DIRECTION('',(0.910863824921,0.412707029804,0.));
#6709 = ORIENTED_EDGE('',*,*,#6710,.T.);
#6710 = EDGE_CURVE('',#6703,#6711,#6713,.T.);
#6711 = VERTEX_POINT('',#6712);
#6712 = CARTESIAN_POINT('',(30.9,-11.95115057222,15.));
#6713 = LINE('',#6714,#6715);
#6714 = CARTESIAN_POINT('',(30.103583925022,-12.37684383315,15.));
#6715 = VECTOR('',#6716,1.);
#6716 = DIRECTION('',(0.881921264348,0.471396736826,0.));
#6717 = ORIENTED_EDGE('',*,*,#6718,.T.);
#6718 = EDGE_CURVE('',#6711,#6719,#6721,.T.);
#6719 = VERTEX_POINT('',#6720);
#6720 = CARTESIAN_POINT('',(31.666869215671,-11.47428064977,15.));
#6721 = LINE('',#6722,#6723);
#6722 = CARTESIAN_POINT('',(30.9,-11.95115057222,15.));
#6723 = VECTOR('',#6724,1.);
#6724 = DIRECTION('',(0.849202181527,0.52806785065,0.));
#6725 = ORIENTED_EDGE('',*,*,#6726,.T.);
#6726 = EDGE_CURVE('',#6719,#6727,#6729,.T.);
#6727 = VERTEX_POINT('',#6728);
#6728 = CARTESIAN_POINT('',(30.27024271879,-8.171539405,15.));
#6729 = LINE('',#6730,#6731);
#6730 = CARTESIAN_POINT('',(31.666869215671,-11.47428064977,15.));
#6731 = VECTOR('',#6732,1.);
#6732 = DIRECTION('',(-0.389477461857,0.921035996422,0.));
#6733 = ORIENTED_EDGE('',*,*,#6734,.T.);
#6734 = EDGE_CURVE('',#6727,#6735,#6737,.T.);
#6735 = VERTEX_POINT('',#6736);
#6736 = CARTESIAN_POINT('',(30.791261895531,-7.743950017033,15.));
#6737 = LINE('',#6738,#6739);
#6738 = CARTESIAN_POINT('',(30.27024271879,-8.171539405,15.));
#6739 = VECTOR('',#6740,1.);
#6740 = DIRECTION('',(0.773010453363,0.634393284164,0.));
#6741 = ORIENTED_EDGE('',*,*,#6742,.T.);
#6742 = EDGE_CURVE('',#6735,#6743,#6745,.T.);
#6743 = VERTEX_POINT('',#6744);
#6744 = CARTESIAN_POINT('',(31.283199846221,-7.283199846221,15.));
#6745 = LINE('',#6746,#6747);
#6746 = CARTESIAN_POINT('',(30.791261895531,-7.743950017033,15.));
#6747 = VECTOR('',#6748,1.);
#6748 = DIRECTION('',(0.729864072698,0.683592302023,0.));
#6749 = ORIENTED_EDGE('',*,*,#6750,.T.);
#6750 = EDGE_CURVE('',#6743,#6751,#6753,.T.);
#6751 = VERTEX_POINT('',#6752);
#6752 = CARTESIAN_POINT('',(31.743950017033,-6.791261895531,15.));
#6753 = LINE('',#6754,#6755);
#6754 = CARTESIAN_POINT('',(31.283199846221,-7.283199846221,15.));
#6755 = VECTOR('',#6756,1.);
#6756 = DIRECTION('',(0.683592302023,0.729864072698,0.));
#6757 = ORIENTED_EDGE('',*,*,#6758,.T.);
#6758 = EDGE_CURVE('',#6751,#6759,#6761,.T.);
#6759 = VERTEX_POINT('',#6760);
#6760 = CARTESIAN_POINT('',(34.948276096019,-8.40090772032,15.));
#6761 = LINE('',#6762,#6763);
#6762 = CARTESIAN_POINT('',(31.743950017033,-6.791261895531,15.));
#6763 = VECTOR('',#6764,1.);
#6764 = DIRECTION('',(0.893590942884,-0.448882197014,0.));
#6765 = ORIENTED_EDGE('',*,*,#6766,.T.);
#6766 = EDGE_CURVE('',#6759,#6767,#6769,.T.);
#6767 = VERTEX_POINT('',#6768);
#6768 = CARTESIAN_POINT('',(35.474280649775,-7.666869215671,15.));
#6769 = LINE('',#6770,#6771);
#6770 = CARTESIAN_POINT('',(34.948276096019,-8.40090772032,15.));
#6771 = VECTOR('',#6772,1.);
#6772 = DIRECTION('',(0.582477696868,0.812846684592,0.));
#6773 = ORIENTED_EDGE('',*,*,#6774,.T.);
#6774 = EDGE_CURVE('',#6767,#6775,#6777,.T.);
#6775 = VERTEX_POINT('',#6776);
#6776 = CARTESIAN_POINT('',(35.951150572225,-6.9,15.));
#6777 = LINE('',#6778,#6779);
#6778 = CARTESIAN_POINT('',(35.474280649775,-7.666869215671,15.));
#6779 = VECTOR('',#6780,1.);
#6780 = DIRECTION('',(0.52806785065,0.849202181527,0.));
#6781 = ORIENTED_EDGE('',*,*,#6782,.T.);
#6782 = EDGE_CURVE('',#6775,#6783,#6785,.T.);
#6783 = VERTEX_POINT('',#6784);
#6784 = CARTESIAN_POINT('',(36.376843833151,-6.103583925022,15.));
#6785 = LINE('',#6786,#6787);
#6786 = CARTESIAN_POINT('',(35.951150572225,-6.9,15.));
#6787 = VECTOR('',#6788,1.);
#6788 = DIRECTION('',(0.471396736826,0.881921264348,0.));
#6789 = ORIENTED_EDGE('',*,*,#6790,.T.);
#6790 = EDGE_CURVE('',#6783,#6791,#6793,.T.);
#6791 = VERTEX_POINT('',#6792);
#6792 = CARTESIAN_POINT('',(33.515959184866,-3.94163935336,15.));
#6793 = LINE('',#6794,#6795);
#6794 = CARTESIAN_POINT('',(36.376843833151,-6.103583925022,15.));
#6795 = VECTOR('',#6796,1.);
#6796 = DIRECTION('',(-0.797815374381,0.602901839773,0.));
#6797 = ORIENTED_EDGE('',*,*,#6798,.T.);
#6798 = EDGE_CURVE('',#6791,#6799,#6801,.T.);
#6799 = VERTEX_POINT('',#6800);
#6800 = CARTESIAN_POINT('',(33.7533803338,-3.310826492623,15.));
#6801 = LINE('',#6802,#6803);
#6802 = CARTESIAN_POINT('',(33.515959184866,-3.94163935336,15.));
#6803 = VECTOR('',#6804,1.);
#6804 = DIRECTION('',(0.352250047921,0.935905926757,0.));
#6805 = ORIENTED_EDGE('',*,*,#6806,.T.);
#6806 = EDGE_CURVE('',#6799,#6807,#6809,.T.);
#6807 = VERTEX_POINT('',#6808);
#6808 = CARTESIAN_POINT('',(33.949036010777,-2.665836164556,15.));
#6809 = LINE('',#6810,#6811);
#6810 = CARTESIAN_POINT('',(33.7533803338,-3.310826492623,15.));
#6811 = VECTOR('',#6812,1.);
#6812 = DIRECTION('',(0.290284677254,0.956940335732,0.));
#6813 = ORIENTED_EDGE('',*,*,#6814,.T.);
#6814 = EDGE_CURVE('',#6807,#6815,#6817,.T.);
#6815 = VERTEX_POINT('',#6816);
#6816 = CARTESIAN_POINT('',(34.102088388153,-2.009430316766,15.));
#6817 = LINE('',#6818,#6819);
#6818 = CARTESIAN_POINT('',(33.949036010777,-2.665836164556,15.));
#6819 = VECTOR('',#6820,1.);
#6820 = DIRECTION('',(0.227076263034,0.973876979277,0.));
#6821 = ORIENTED_EDGE('',*,*,#6822,.T.);
#6822 = EDGE_CURVE('',#6815,#6823,#6825,.T.);
#6823 = VERTEX_POINT('',#6824);
#6824 = CARTESIAN_POINT('',(37.681939086959,-1.801261452637,15.));
#6825 = LINE('',#6826,#6827);
#6826 = CARTESIAN_POINT('',(34.102088388153,-2.009430316766,15.));
#6827 = VECTOR('',#6828,1.);
#6828 = DIRECTION('',(0.998313555636,5.805208552164E-02,0.));
#6829 = ORIENTED_EDGE('',*,*,#6830,.T.);
#6830 = EDGE_CURVE('',#6823,#6831,#6833,.T.);
#6831 = VERTEX_POINT('',#6832);
#6832 = CARTESIAN_POINT('',(37.770453140693,-0.902563183376,15.));
#6833 = LINE('',#6834,#6835);
#6834 = CARTESIAN_POINT('',(37.681939086959,-1.801261452637,15.));
#6835 = VECTOR('',#6836,1.);
#6836 = DIRECTION('',(9.801714032956E-02,0.995184726672,0.));
#6837 = ORIENTED_EDGE('',*,*,#6838,.T.);
#6838 = EDGE_CURVE('',#6831,#6839,#6841,.T.);
#6839 = VERTEX_POINT('',#6840);
#6840 = CARTESIAN_POINT('',(37.8,-1.563688735751E-14,15.));
#6841 = LINE('',#6842,#6843);
#6842 = CARTESIAN_POINT('',(37.770453140693,-0.902563183376,15.));
#6843 = VECTOR('',#6844,1.);
#6844 = DIRECTION('',(3.271908282177E-02,0.999464587476,0.));
#6845 = ORIENTED_EDGE('',*,*,#6846,.T.);
#6846 = EDGE_CURVE('',#6839,#6847,#6849,.T.);
#6847 = VERTEX_POINT('',#6848);
#6848 = CARTESIAN_POINT('',(37.770453140693,0.902563183376,15.));
#6849 = LINE('',#6850,#6851);
#6850 = CARTESIAN_POINT('',(37.8,-1.563688735751E-14,15.));
#6851 = VECTOR('',#6852,1.);
#6852 = DIRECTION('',(-3.271908282177E-02,0.999464587476,0.));
#6853 = ORIENTED_EDGE('',*,*,#6854,.T.);
#6854 = EDGE_CURVE('',#6847,#6855,#6857,.T.);
#6855 = VERTEX_POINT('',#6856);
#6856 = CARTESIAN_POINT('',(34.21188207215,1.344419779867,15.));
#6857 = LINE('',#6858,#6859);
#6858 = CARTESIAN_POINT('',(37.770453140693,0.902563183376,15.));
#6859 = VECTOR('',#6860,1.);
#6860 = DIRECTION('',(-0.99237930163,0.123220622042,0.));
#6861 = ORIENTED_EDGE('',*,*,#6862,.T.);
#6862 = EDGE_CURVE('',#6855,#5301,#6863,.T.);
#6863 = LINE('',#6864,#6865);
#6864 = CARTESIAN_POINT('',(34.21188207215,1.344419779867,15.));
#6865 = VECTOR('',#6866,1.);
#6866 = DIRECTION('',(-0.162895473395,0.986643332085,0.));
#6867 = ORIENTED_EDGE('',*,*,#5308,.T.);
#6868 = FACE_BOUND('',#6869,.T.);
#6869 = EDGE_LOOP('',(#6870));
#6870 = ORIENTED_EDGE('',*,*,#6871,.F.);
#6871 = EDGE_CURVE('',#6872,#6872,#6874,.T.);
#6872 = VERTEX_POINT('',#6873);
#6873 = CARTESIAN_POINT('',(27.05,-7.470345474799E-16,15.));
#6874 = CIRCLE('',#6875,3.05);
#6875 = AXIS2_PLACEMENT_3D('',#6876,#6877,#6878);
#6876 = CARTESIAN_POINT('',(24.,0.,15.));
#6877 = DIRECTION('',(0.,0.,1.));
#6878 = DIRECTION('',(1.,0.,0.));
#6879 = PLANE('',#6880);
#6880 = AXIS2_PLACEMENT_3D('',#6881,#6882,#6883);
#6881 = CARTESIAN_POINT('',(24.,-1.407640943216E-15,15.));
#6882 = DIRECTION('',(0.,0.,1.));
#6883 = DIRECTION('',(1.,0.,0.));
#6884 = ADVANCED_FACE('',(#6885),#6896,.F.);
#6885 = FACE_BOUND('',#6886,.F.);
#6886 = EDGE_LOOP('',(#6887,#6893,#6894,#6895));
#6887 = ORIENTED_EDGE('',*,*,#6888,.T.);
#6888 = EDGE_CURVE('',#6091,#6855,#6889,.T.);
#6889 = LINE('',#6890,#6891);
#6890 = CARTESIAN_POINT('',(34.21188207215,1.344419779867,7.));
#6891 = VECTOR('',#6892,1.);
#6892 = DIRECTION('',(0.,0.,1.));
#6893 = ORIENTED_EDGE('',*,*,#6862,.T.);
#6894 = ORIENTED_EDGE('',*,*,#5298,.F.);
#6895 = ORIENTED_EDGE('',*,*,#6098,.F.);
#6896 = PLANE('',#6897);
#6897 = AXIS2_PLACEMENT_3D('',#6898,#6899,#6900);
#6898 = CARTESIAN_POINT('',(34.21188207215,1.344419779867,7.));
#6899 = DIRECTION('',(-0.986643332085,-0.162895473395,0.));
#6900 = DIRECTION('',(-0.162895473395,0.986643332085,0.));
#6901 = ADVANCED_FACE('',(#6902),#6913,.F.);
#6902 = FACE_BOUND('',#6903,.F.);
#6903 = EDGE_LOOP('',(#6904,#6905,#6906,#6912));
#6904 = ORIENTED_EDGE('',*,*,#5338,.T.);
#6905 = ORIENTED_EDGE('',*,*,#6126,.T.);
#6906 = ORIENTED_EDGE('',*,*,#6907,.F.);
#6907 = EDGE_CURVE('',#5363,#6127,#6908,.T.);
#6908 = LINE('',#6909,#6910);
#6909 = CARTESIAN_POINT('',(36.376843833151,6.103583925022,7.));
#6910 = VECTOR('',#6911,1.);
#6911 = DIRECTION('',(0.,0.,1.));
#6912 = ORIENTED_EDGE('',*,*,#5362,.F.);
#6913 = PLANE('',#6914);
#6914 = AXIS2_PLACEMENT_3D('',#6915,#6916,#6917);
#6915 = CARTESIAN_POINT('',(36.749537548656,5.281031366638,7.));
#6916 = DIRECTION('',(-0.910863824921,-0.412707029804,0.));
#6917 = DIRECTION('',(-0.412707029804,0.910863824921,0.));
#6918 = ADVANCED_FACE('',(#6919),#6930,.F.);
#6919 = FACE_BOUND('',#6920,.F.);
#6920 = EDGE_LOOP('',(#6921,#6927,#6928,#6929));
#6921 = ORIENTED_EDGE('',*,*,#6922,.T.);
#6922 = EDGE_CURVE('',#6083,#6847,#6923,.T.);
#6923 = LINE('',#6924,#6925);
#6924 = CARTESIAN_POINT('',(37.770453140693,0.902563183376,7.));
#6925 = VECTOR('',#6926,1.);
#6926 = DIRECTION('',(0.,0.,1.));
#6927 = ORIENTED_EDGE('',*,*,#6854,.T.);
#6928 = ORIENTED_EDGE('',*,*,#6888,.F.);
#6929 = ORIENTED_EDGE('',*,*,#6090,.F.);
#6930 = PLANE('',#6931);
#6931 = AXIS2_PLACEMENT_3D('',#6932,#6933,#6934);
#6932 = CARTESIAN_POINT('',(37.770453140693,0.902563183376,7.));
#6933 = DIRECTION('',(-0.123220622042,-0.99237930163,0.));
#6934 = DIRECTION('',(-0.99237930163,0.123220622042,0.));
#6935 = ADVANCED_FACE('',(#6936),#6947,.F.);
#6936 = FACE_BOUND('',#6937,.F.);
#6937 = EDGE_LOOP('',(#6938,#6939,#6940,#6946));
#6938 = ORIENTED_EDGE('',*,*,#6907,.T.);
#6939 = ORIENTED_EDGE('',*,*,#6134,.T.);
#6940 = ORIENTED_EDGE('',*,*,#6941,.F.);
#6941 = EDGE_CURVE('',#5371,#6135,#6942,.T.);
#6942 = LINE('',#6943,#6944);
#6943 = CARTESIAN_POINT('',(35.951150572225,6.9,7.));
#6944 = VECTOR('',#6945,1.);
#6945 = DIRECTION('',(0.,0.,1.));
#6946 = ORIENTED_EDGE('',*,*,#5370,.F.);
#6947 = PLANE('',#6948);
#6948 = AXIS2_PLACEMENT_3D('',#6949,#6950,#6951);
#6949 = CARTESIAN_POINT('',(36.376843833151,6.103583925022,7.));
#6950 = DIRECTION('',(-0.881921264348,-0.471396736826,0.));
#6951 = DIRECTION('',(-0.471396736826,0.881921264348,0.));
#6952 = ADVANCED_FACE('',(#6953),#6964,.F.);
#6953 = FACE_BOUND('',#6954,.F.);
#6954 = EDGE_LOOP('',(#6955,#6961,#6962,#6963));
#6955 = ORIENTED_EDGE('',*,*,#6956,.T.);
#6956 = EDGE_CURVE('',#6075,#6839,#6957,.T.);
#6957 = LINE('',#6958,#6959);
#6958 = CARTESIAN_POINT('',(37.8,-1.563688735751E-14,7.));
#6959 = VECTOR('',#6960,1.);
#6960 = DIRECTION('',(0.,0.,1.));
#6961 = ORIENTED_EDGE('',*,*,#6846,.T.);
#6962 = ORIENTED_EDGE('',*,*,#6922,.F.);
#6963 = ORIENTED_EDGE('',*,*,#6082,.F.);
#6964 = PLANE('',#6965);
#6965 = AXIS2_PLACEMENT_3D('',#6966,#6967,#6968);
#6966 = CARTESIAN_POINT('',(37.8,-1.563688735751E-14,7.));
#6967 = DIRECTION('',(-0.999464587476,-3.271908282177E-02,0.));
#6968 = DIRECTION('',(-3.271908282177E-02,0.999464587476,0.));
#6969 = ADVANCED_FACE('',(#6970),#6981,.F.);
#6970 = FACE_BOUND('',#6971,.F.);
#6971 = EDGE_LOOP('',(#6972,#6973,#6974,#6980));
#6972 = ORIENTED_EDGE('',*,*,#6941,.T.);
#6973 = ORIENTED_EDGE('',*,*,#6142,.T.);
#6974 = ORIENTED_EDGE('',*,*,#6975,.F.);
#6975 = EDGE_CURVE('',#5379,#6143,#6976,.T.);
#6976 = LINE('',#6977,#6978);
#6977 = CARTESIAN_POINT('',(35.474280649775,7.666869215671,7.));
#6978 = VECTOR('',#6979,1.);
#6979 = DIRECTION('',(0.,0.,1.));
#6980 = ORIENTED_EDGE('',*,*,#5378,.F.);
#6981 = PLANE('',#6982);
#6982 = AXIS2_PLACEMENT_3D('',#6983,#6984,#6985);
#6983 = CARTESIAN_POINT('',(35.951150572225,6.9,7.));
#6984 = DIRECTION('',(-0.849202181527,-0.52806785065,0.));
#6985 = DIRECTION('',(-0.52806785065,0.849202181527,0.));
#6986 = ADVANCED_FACE('',(#6987),#6998,.F.);
#6987 = FACE_BOUND('',#6988,.F.);
#6988 = EDGE_LOOP('',(#6989,#6995,#6996,#6997));
#6989 = ORIENTED_EDGE('',*,*,#6990,.T.);
#6990 = EDGE_CURVE('',#6067,#6831,#6991,.T.);
#6991 = LINE('',#6992,#6993);
#6992 = CARTESIAN_POINT('',(37.770453140693,-0.902563183376,7.));
#6993 = VECTOR('',#6994,1.);
#6994 = DIRECTION('',(0.,0.,1.));
#6995 = ORIENTED_EDGE('',*,*,#6838,.T.);
#6996 = ORIENTED_EDGE('',*,*,#6956,.F.);
#6997 = ORIENTED_EDGE('',*,*,#6074,.F.);
#6998 = PLANE('',#6999);
#6999 = AXIS2_PLACEMENT_3D('',#7000,#7001,#7002);
#7000 = CARTESIAN_POINT('',(37.770453140693,-0.902563183376,7.));
#7001 = DIRECTION('',(-0.999464587476,3.271908282177E-02,0.));
#7002 = DIRECTION('',(3.271908282177E-02,0.999464587476,0.));
#7003 = ADVANCED_FACE('',(#7004),#7015,.F.);
#7004 = FACE_BOUND('',#7005,.F.);
#7005 = EDGE_LOOP('',(#7006,#7007,#7008,#7014));
#7006 = ORIENTED_EDGE('',*,*,#6975,.T.);
#7007 = ORIENTED_EDGE('',*,*,#6150,.T.);
#7008 = ORIENTED_EDGE('',*,*,#7009,.F.);
#7009 = EDGE_CURVE('',#5387,#6151,#7010,.T.);
#7010 = LINE('',#7011,#7012);
#7011 = CARTESIAN_POINT('',(32.171539405,6.27024271879,7.));
#7012 = VECTOR('',#7013,1.);
#7013 = DIRECTION('',(0.,0.,1.));
#7014 = ORIENTED_EDGE('',*,*,#5386,.F.);
#7015 = PLANE('',#7016);
#7016 = AXIS2_PLACEMENT_3D('',#7017,#7018,#7019);
#7017 = CARTESIAN_POINT('',(35.474280649775,7.666869215671,7.));
#7018 = DIRECTION('',(0.389477461857,-0.921035996422,0.));
#7019 = DIRECTION('',(-0.921035996422,-0.389477461857,0.));
#7020 = ADVANCED_FACE('',(#7021),#7032,.F.);
#7021 = FACE_BOUND('',#7022,.F.);
#7022 = EDGE_LOOP('',(#7023,#7029,#7030,#7031));
#7023 = ORIENTED_EDGE('',*,*,#7024,.T.);
#7024 = EDGE_CURVE('',#6059,#6823,#7025,.T.);
#7025 = LINE('',#7026,#7027);
#7026 = CARTESIAN_POINT('',(37.681939086959,-1.801261452637,7.));
#7027 = VECTOR('',#7028,1.);
#7028 = DIRECTION('',(0.,0.,1.));
#7029 = ORIENTED_EDGE('',*,*,#6830,.T.);
#7030 = ORIENTED_EDGE('',*,*,#6990,.F.);
#7031 = ORIENTED_EDGE('',*,*,#6066,.F.);
#7032 = PLANE('',#7033);
#7033 = AXIS2_PLACEMENT_3D('',#7034,#7035,#7036);
#7034 = CARTESIAN_POINT('',(37.681939086959,-1.801261452637,7.));
#7035 = DIRECTION('',(-0.995184726672,9.801714032956E-02,0.));
#7036 = DIRECTION('',(9.801714032956E-02,0.995184726672,0.));
#7037 = ADVANCED_FACE('',(#7038),#7049,.F.);
#7038 = FACE_BOUND('',#7039,.F.);
#7039 = EDGE_LOOP('',(#7040,#7041,#7042,#7048));
#7040 = ORIENTED_EDGE('',*,*,#7009,.T.);
#7041 = ORIENTED_EDGE('',*,*,#6158,.T.);
#7042 = ORIENTED_EDGE('',*,*,#7043,.F.);
#7043 = EDGE_CURVE('',#5395,#6159,#7044,.T.);
#7044 = LINE('',#7045,#7046);
#7045 = CARTESIAN_POINT('',(31.743950017033,6.791261895531,7.));
#7046 = VECTOR('',#7047,1.);
#7047 = DIRECTION('',(0.,0.,1.));
#7048 = ORIENTED_EDGE('',*,*,#5394,.F.);
#7049 = PLANE('',#7050);
#7050 = AXIS2_PLACEMENT_3D('',#7051,#7052,#7053);
#7051 = CARTESIAN_POINT('',(32.171539405,6.27024271879,7.));
#7052 = DIRECTION('',(-0.773010453363,-0.634393284164,0.));
#7053 = DIRECTION('',(-0.634393284164,0.773010453363,0.));
#7054 = ADVANCED_FACE('',(#7055),#7066,.F.);
#7055 = FACE_BOUND('',#7056,.F.);
#7056 = EDGE_LOOP('',(#7057,#7063,#7064,#7065));
#7057 = ORIENTED_EDGE('',*,*,#7058,.T.);
#7058 = EDGE_CURVE('',#6051,#6815,#7059,.T.);
#7059 = LINE('',#7060,#7061);
#7060 = CARTESIAN_POINT('',(34.102088388153,-2.009430316766,7.));
#7061 = VECTOR('',#7062,1.);
#7062 = DIRECTION('',(0.,0.,1.));
#7063 = ORIENTED_EDGE('',*,*,#6822,.T.);
#7064 = ORIENTED_EDGE('',*,*,#7024,.F.);
#7065 = ORIENTED_EDGE('',*,*,#6058,.F.);
#7066 = PLANE('',#7067);
#7067 = AXIS2_PLACEMENT_3D('',#7068,#7069,#7070);
#7068 = CARTESIAN_POINT('',(34.102088388153,-2.009430316766,7.));
#7069 = DIRECTION('',(-5.805208552164E-02,0.998313555636,0.));
#7070 = DIRECTION('',(0.998313555636,5.805208552164E-02,0.));
#7071 = ADVANCED_FACE('',(#7072),#7083,.F.);
#7072 = FACE_BOUND('',#7073,.F.);
#7073 = EDGE_LOOP('',(#7074,#7075,#7076,#7082));
#7074 = ORIENTED_EDGE('',*,*,#7043,.T.);
#7075 = ORIENTED_EDGE('',*,*,#6166,.T.);
#7076 = ORIENTED_EDGE('',*,*,#7077,.F.);
#7077 = EDGE_CURVE('',#5403,#6167,#7078,.T.);
#7078 = LINE('',#7079,#7080);
#7079 = CARTESIAN_POINT('',(31.283199846221,7.283199846221,7.));
#7080 = VECTOR('',#7081,1.);
#7081 = DIRECTION('',(0.,0.,1.));
#7082 = ORIENTED_EDGE('',*,*,#5402,.F.);
#7083 = PLANE('',#7084);
#7084 = AXIS2_PLACEMENT_3D('',#7085,#7086,#7087);
#7085 = CARTESIAN_POINT('',(31.743950017033,6.791261895531,7.));
#7086 = DIRECTION('',(-0.729864072698,-0.683592302023,0.));
#7087 = DIRECTION('',(-0.683592302023,0.729864072698,0.));
#7088 = ADVANCED_FACE('',(#7089),#7100,.F.);
#7089 = FACE_BOUND('',#7090,.F.);
#7090 = EDGE_LOOP('',(#7091,#7097,#7098,#7099));
#7091 = ORIENTED_EDGE('',*,*,#7092,.T.);
#7092 = EDGE_CURVE('',#6043,#6807,#7093,.T.);
#7093 = LINE('',#7094,#7095);
#7094 = CARTESIAN_POINT('',(33.949036010777,-2.665836164556,7.));
#7095 = VECTOR('',#7096,1.);
#7096 = DIRECTION('',(0.,0.,1.));
#7097 = ORIENTED_EDGE('',*,*,#6814,.T.);
#7098 = ORIENTED_EDGE('',*,*,#7058,.F.);
#7099 = ORIENTED_EDGE('',*,*,#6050,.F.);
#7100 = PLANE('',#7101);
#7101 = AXIS2_PLACEMENT_3D('',#7102,#7103,#7104);
#7102 = CARTESIAN_POINT('',(33.949036010777,-2.665836164556,7.));
#7103 = DIRECTION('',(-0.973876979277,0.227076263034,0.));
#7104 = DIRECTION('',(0.227076263034,0.973876979277,0.));
#7105 = ADVANCED_FACE('',(#7106),#7117,.F.);
#7106 = FACE_BOUND('',#7107,.F.);
#7107 = EDGE_LOOP('',(#7108,#7109,#7110,#7116));
#7108 = ORIENTED_EDGE('',*,*,#7077,.T.);
#7109 = ORIENTED_EDGE('',*,*,#6174,.T.);
#7110 = ORIENTED_EDGE('',*,*,#7111,.F.);
#7111 = EDGE_CURVE('',#5411,#6175,#7112,.T.);
#7112 = LINE('',#7113,#7114);
#7113 = CARTESIAN_POINT('',(30.791261895531,7.743950017033,7.));
#7114 = VECTOR('',#7115,1.);
#7115 = DIRECTION('',(0.,0.,1.));
#7116 = ORIENTED_EDGE('',*,*,#5410,.F.);
#7117 = PLANE('',#7118);
#7118 = AXIS2_PLACEMENT_3D('',#7119,#7120,#7121);
#7119 = CARTESIAN_POINT('',(31.283199846221,7.283199846221,7.));
#7120 = DIRECTION('',(-0.683592302023,-0.729864072698,0.));
#7121 = DIRECTION('',(-0.729864072698,0.683592302023,0.));
#7122 = ADVANCED_FACE('',(#7123),#7134,.F.);
#7123 = FACE_BOUND('',#7124,.F.);
#7124 = EDGE_LOOP('',(#7125,#7131,#7132,#7133));
#7125 = ORIENTED_EDGE('',*,*,#7126,.T.);
#7126 = EDGE_CURVE('',#6035,#6799,#7127,.T.);
#7127 = LINE('',#7128,#7129);
#7128 = CARTESIAN_POINT('',(33.7533803338,-3.310826492623,7.));
#7129 = VECTOR('',#7130,1.);
#7130 = DIRECTION('',(0.,0.,1.));
#7131 = ORIENTED_EDGE('',*,*,#6806,.T.);
#7132 = ORIENTED_EDGE('',*,*,#7092,.F.);
#7133 = ORIENTED_EDGE('',*,*,#6042,.F.);
#7134 = PLANE('',#7135);
#7135 = AXIS2_PLACEMENT_3D('',#7136,#7137,#7138);
#7136 = CARTESIAN_POINT('',(33.7533803338,-3.310826492623,7.));
#7137 = DIRECTION('',(-0.956940335732,0.290284677254,0.));
#7138 = DIRECTION('',(0.290284677254,0.956940335732,0.));
#7139 = ADVANCED_FACE('',(#7140),#7151,.F.);
#7140 = FACE_BOUND('',#7141,.F.);
#7141 = EDGE_LOOP('',(#7142,#7143,#7144,#7150));
#7142 = ORIENTED_EDGE('',*,*,#7111,.T.);
#7143 = ORIENTED_EDGE('',*,*,#6182,.T.);
#7144 = ORIENTED_EDGE('',*,*,#7145,.F.);
#7145 = EDGE_CURVE('',#5419,#6183,#7146,.T.);
#7146 = LINE('',#7147,#7148);
#7147 = CARTESIAN_POINT('',(32.40090772032,10.948276096019,7.));
#7148 = VECTOR('',#7149,1.);
#7149 = DIRECTION('',(0.,0.,1.));
#7150 = ORIENTED_EDGE('',*,*,#5418,.F.);
#7151 = PLANE('',#7152);
#7152 = AXIS2_PLACEMENT_3D('',#7153,#7154,#7155);
#7153 = CARTESIAN_POINT('',(30.791261895531,7.743950017033,7.));
#7154 = DIRECTION('',(-0.893590942884,0.448882197014,0.));
#7155 = DIRECTION('',(0.448882197014,0.893590942884,0.));
#7156 = ADVANCED_FACE('',(#7157),#7168,.F.);
#7157 = FACE_BOUND('',#7158,.F.);
#7158 = EDGE_LOOP('',(#7159,#7165,#7166,#7167));
#7159 = ORIENTED_EDGE('',*,*,#7160,.T.);
#7160 = EDGE_CURVE('',#6027,#6791,#7161,.T.);
#7161 = LINE('',#7162,#7163);
#7162 = CARTESIAN_POINT('',(33.515959184866,-3.94163935336,7.));
#7163 = VECTOR('',#7164,1.);
#7164 = DIRECTION('',(0.,0.,1.));
#7165 = ORIENTED_EDGE('',*,*,#6798,.T.);
#7166 = ORIENTED_EDGE('',*,*,#7126,.F.);
#7167 = ORIENTED_EDGE('',*,*,#6034,.F.);
#7168 = PLANE('',#7169);
#7169 = AXIS2_PLACEMENT_3D('',#7170,#7171,#7172);
#7170 = CARTESIAN_POINT('',(33.515959184866,-3.94163935336,7.));
#7171 = DIRECTION('',(-0.935905926757,0.352250047921,0.));
#7172 = DIRECTION('',(0.352250047921,0.935905926757,0.));
#7173 = ADVANCED_FACE('',(#7174),#7185,.F.);
#7174 = FACE_BOUND('',#7175,.F.);
#7175 = EDGE_LOOP('',(#7176,#7177,#7178,#7184));
#7176 = ORIENTED_EDGE('',*,*,#7145,.T.);
#7177 = ORIENTED_EDGE('',*,*,#6190,.T.);
#7178 = ORIENTED_EDGE('',*,*,#7179,.F.);
#7179 = EDGE_CURVE('',#5427,#6191,#7180,.T.);
#7180 = LINE('',#7181,#7182);
#7181 = CARTESIAN_POINT('',(31.666869215671,11.474280649775,7.));
#7182 = VECTOR('',#7183,1.);
#7183 = DIRECTION('',(0.,0.,1.));
#7184 = ORIENTED_EDGE('',*,*,#5426,.F.);
#7185 = PLANE('',#7186);
#7186 = AXIS2_PLACEMENT_3D('',#7187,#7188,#7189);
#7187 = CARTESIAN_POINT('',(32.40090772032,10.948276096019,7.));
#7188 = DIRECTION('',(-0.582477696868,-0.812846684592,0.));
#7189 = DIRECTION('',(-0.812846684592,0.582477696868,0.));
#7190 = ADVANCED_FACE('',(#7191),#7202,.F.);
#7191 = FACE_BOUND('',#7192,.F.);
#7192 = EDGE_LOOP('',(#7193,#7199,#7200,#7201));
#7193 = ORIENTED_EDGE('',*,*,#7194,.T.);
#7194 = EDGE_CURVE('',#6019,#6783,#7195,.T.);
#7195 = LINE('',#7196,#7197);
#7196 = CARTESIAN_POINT('',(36.376843833151,-6.103583925022,7.));
#7197 = VECTOR('',#7198,1.);
#7198 = DIRECTION('',(0.,0.,1.));
#7199 = ORIENTED_EDGE('',*,*,#6790,.T.);
#7200 = ORIENTED_EDGE('',*,*,#7160,.F.);
#7201 = ORIENTED_EDGE('',*,*,#6026,.F.);
#7202 = PLANE('',#7203);
#7203 = AXIS2_PLACEMENT_3D('',#7204,#7205,#7206);
#7204 = CARTESIAN_POINT('',(36.376843833151,-6.103583925022,7.));
#7205 = DIRECTION('',(-0.602901839773,-0.797815374381,0.));
#7206 = DIRECTION('',(-0.797815374381,0.602901839773,0.));
#7207 = ADVANCED_FACE('',(#7208),#7219,.F.);
#7208 = FACE_BOUND('',#7209,.F.);
#7209 = EDGE_LOOP('',(#7210,#7211,#7212,#7218));
#7210 = ORIENTED_EDGE('',*,*,#7179,.T.);
#7211 = ORIENTED_EDGE('',*,*,#6198,.T.);
#7212 = ORIENTED_EDGE('',*,*,#7213,.F.);
#7213 = EDGE_CURVE('',#5435,#6199,#7214,.T.);
#7214 = LINE('',#7215,#7216);
#7215 = CARTESIAN_POINT('',(30.9,11.951150572225,7.));
#7216 = VECTOR('',#7217,1.);
#7217 = DIRECTION('',(0.,0.,1.));
#7218 = ORIENTED_EDGE('',*,*,#5434,.F.);
#7219 = PLANE('',#7220);
#7220 = AXIS2_PLACEMENT_3D('',#7221,#7222,#7223);
#7221 = CARTESIAN_POINT('',(31.666869215671,11.474280649775,7.));
#7222 = DIRECTION('',(-0.52806785065,-0.849202181527,0.));
#7223 = DIRECTION('',(-0.849202181527,0.52806785065,0.));
#7224 = ADVANCED_FACE('',(#7225),#7236,.F.);
#7225 = FACE_BOUND('',#7226,.F.);
#7226 = EDGE_LOOP('',(#7227,#7233,#7234,#7235));
#7227 = ORIENTED_EDGE('',*,*,#7228,.T.);
#7228 = EDGE_CURVE('',#6011,#6775,#7229,.T.);
#7229 = LINE('',#7230,#7231);
#7230 = CARTESIAN_POINT('',(35.951150572225,-6.9,7.));
#7231 = VECTOR('',#7232,1.);
#7232 = DIRECTION('',(0.,0.,1.));
#7233 = ORIENTED_EDGE('',*,*,#6782,.T.);
#7234 = ORIENTED_EDGE('',*,*,#7194,.F.);
#7235 = ORIENTED_EDGE('',*,*,#6018,.F.);
#7236 = PLANE('',#7237);
#7237 = AXIS2_PLACEMENT_3D('',#7238,#7239,#7240);
#7238 = CARTESIAN_POINT('',(35.951150572225,-6.9,7.));
#7239 = DIRECTION('',(-0.881921264348,0.471396736826,0.));
#7240 = DIRECTION('',(0.471396736826,0.881921264348,0.));
#7241 = ADVANCED_FACE('',(#7242),#7253,.F.);
#7242 = FACE_BOUND('',#7243,.F.);
#7243 = EDGE_LOOP('',(#7244,#7245,#7246,#7252));
#7244 = ORIENTED_EDGE('',*,*,#7213,.T.);
#7245 = ORIENTED_EDGE('',*,*,#6206,.T.);
#7246 = ORIENTED_EDGE('',*,*,#7247,.F.);
#7247 = EDGE_CURVE('',#5443,#6207,#7248,.T.);
#7248 = LINE('',#7249,#7250);
#7249 = CARTESIAN_POINT('',(30.103583925022,12.376843833151,7.));
#7250 = VECTOR('',#7251,1.);
#7251 = DIRECTION('',(0.,0.,1.));
#7252 = ORIENTED_EDGE('',*,*,#5442,.F.);
#7253 = PLANE('',#7254);
#7254 = AXIS2_PLACEMENT_3D('',#7255,#7256,#7257);
#7255 = CARTESIAN_POINT('',(30.9,11.951150572225,7.));
#7256 = DIRECTION('',(-0.471396736826,-0.881921264348,0.));
#7257 = DIRECTION('',(-0.881921264348,0.471396736826,0.));
#7258 = ADVANCED_FACE('',(#7259),#7270,.F.);
#7259 = FACE_BOUND('',#7260,.F.);
#7260 = EDGE_LOOP('',(#7261,#7267,#7268,#7269));
#7261 = ORIENTED_EDGE('',*,*,#7262,.T.);
#7262 = EDGE_CURVE('',#6003,#6767,#7263,.T.);
#7263 = LINE('',#7264,#7265);
#7264 = CARTESIAN_POINT('',(35.474280649775,-7.666869215671,7.));
#7265 = VECTOR('',#7266,1.);
#7266 = DIRECTION('',(0.,0.,1.));
#7267 = ORIENTED_EDGE('',*,*,#6774,.T.);
#7268 = ORIENTED_EDGE('',*,*,#7228,.F.);
#7269 = ORIENTED_EDGE('',*,*,#6010,.F.);
#7270 = PLANE('',#7271);
#7271 = AXIS2_PLACEMENT_3D('',#7272,#7273,#7274);
#7272 = CARTESIAN_POINT('',(35.474280649775,-7.666869215671,7.));
#7273 = DIRECTION('',(-0.849202181527,0.52806785065,0.));
#7274 = DIRECTION('',(0.52806785065,0.849202181527,0.));
#7275 = ADVANCED_FACE('',(#7276),#7287,.F.);
#7276 = FACE_BOUND('',#7277,.F.);
#7277 = EDGE_LOOP('',(#7278,#7279,#7280,#7286));
#7278 = ORIENTED_EDGE('',*,*,#7247,.T.);
#7279 = ORIENTED_EDGE('',*,*,#6214,.T.);
#7280 = ORIENTED_EDGE('',*,*,#7281,.F.);
#7281 = EDGE_CURVE('',#5451,#6215,#7282,.T.);
#7282 = LINE('',#7283,#7284);
#7283 = CARTESIAN_POINT('',(27.94163935336,9.515959184866,7.));
#7284 = VECTOR('',#7285,1.);
#7285 = DIRECTION('',(0.,0.,1.));
#7286 = ORIENTED_EDGE('',*,*,#5450,.F.);
#7287 = PLANE('',#7288);
#7288 = AXIS2_PLACEMENT_3D('',#7289,#7290,#7291);
#7289 = CARTESIAN_POINT('',(30.103583925022,12.376843833151,7.));
#7290 = DIRECTION('',(0.797815374381,-0.602901839773,0.));
#7291 = DIRECTION('',(-0.602901839773,-0.797815374381,0.));
#7292 = ADVANCED_FACE('',(#7293),#7304,.F.);
#7293 = FACE_BOUND('',#7294,.F.);
#7294 = EDGE_LOOP('',(#7295,#7301,#7302,#7303));
#7295 = ORIENTED_EDGE('',*,*,#7296,.T.);
#7296 = EDGE_CURVE('',#5995,#6759,#7297,.T.);
#7297 = LINE('',#7298,#7299);
#7298 = CARTESIAN_POINT('',(34.948276096019,-8.40090772032,7.));
#7299 = VECTOR('',#7300,1.);
#7300 = DIRECTION('',(0.,0.,1.));
#7301 = ORIENTED_EDGE('',*,*,#6766,.T.);
#7302 = ORIENTED_EDGE('',*,*,#7262,.F.);
#7303 = ORIENTED_EDGE('',*,*,#6002,.F.);
#7304 = PLANE('',#7305);
#7305 = AXIS2_PLACEMENT_3D('',#7306,#7307,#7308);
#7306 = CARTESIAN_POINT('',(34.948276096019,-8.40090772032,7.));
#7307 = DIRECTION('',(-0.812846684592,0.582477696868,0.));
#7308 = DIRECTION('',(0.582477696868,0.812846684592,0.));
#7309 = ADVANCED_FACE('',(#7310),#7321,.F.);
#7310 = FACE_BOUND('',#7311,.F.);
#7311 = EDGE_LOOP('',(#7312,#7313,#7314,#7320));
#7312 = ORIENTED_EDGE('',*,*,#7281,.T.);
#7313 = ORIENTED_EDGE('',*,*,#6222,.T.);
#7314 = ORIENTED_EDGE('',*,*,#7315,.F.);
#7315 = EDGE_CURVE('',#5459,#6223,#7316,.T.);
#7316 = LINE('',#7317,#7318);
#7317 = CARTESIAN_POINT('',(27.310826492623,9.7533803338,7.));
#7318 = VECTOR('',#7319,1.);
#7319 = DIRECTION('',(0.,0.,1.));
#7320 = ORIENTED_EDGE('',*,*,#5458,.F.);
#7321 = PLANE('',#7322);
#7322 = AXIS2_PLACEMENT_3D('',#7323,#7324,#7325);
#7323 = CARTESIAN_POINT('',(27.94163935336,9.515959184866,7.));
#7324 = DIRECTION('',(-0.352250047921,-0.935905926757,0.));
#7325 = DIRECTION('',(-0.935905926757,0.352250047921,0.));
#7326 = ADVANCED_FACE('',(#7327),#7338,.F.);
#7327 = FACE_BOUND('',#7328,.F.);
#7328 = EDGE_LOOP('',(#7329,#7335,#7336,#7337));
#7329 = ORIENTED_EDGE('',*,*,#7330,.T.);
#7330 = EDGE_CURVE('',#5987,#6751,#7331,.T.);
#7331 = LINE('',#7332,#7333);
#7332 = CARTESIAN_POINT('',(31.743950017033,-6.791261895531,7.));
#7333 = VECTOR('',#7334,1.);
#7334 = DIRECTION('',(0.,0.,1.));
#7335 = ORIENTED_EDGE('',*,*,#6758,.T.);
#7336 = ORIENTED_EDGE('',*,*,#7296,.F.);
#7337 = ORIENTED_EDGE('',*,*,#5994,.F.);
#7338 = PLANE('',#7339);
#7339 = AXIS2_PLACEMENT_3D('',#7340,#7341,#7342);
#7340 = CARTESIAN_POINT('',(31.743950017033,-6.791261895531,7.));
#7341 = DIRECTION('',(0.448882197014,0.893590942884,0.));
#7342 = DIRECTION('',(0.893590942884,-0.448882197014,0.));
#7343 = ADVANCED_FACE('',(#7344),#7355,.F.);
#7344 = FACE_BOUND('',#7345,.F.);
#7345 = EDGE_LOOP('',(#7346,#7347,#7348,#7354));
#7346 = ORIENTED_EDGE('',*,*,#7315,.T.);
#7347 = ORIENTED_EDGE('',*,*,#6230,.T.);
#7348 = ORIENTED_EDGE('',*,*,#7349,.F.);
#7349 = EDGE_CURVE('',#5467,#6231,#7350,.T.);
#7350 = LINE('',#7351,#7352);
#7351 = CARTESIAN_POINT('',(26.665836164556,9.949036010777,7.));
#7352 = VECTOR('',#7353,1.);
#7353 = DIRECTION('',(0.,0.,1.));
#7354 = ORIENTED_EDGE('',*,*,#5466,.F.);
#7355 = PLANE('',#7356);
#7356 = AXIS2_PLACEMENT_3D('',#7357,#7358,#7359);
#7357 = CARTESIAN_POINT('',(27.310826492623,9.7533803338,7.));
#7358 = DIRECTION('',(-0.290284677254,-0.956940335732,0.));
#7359 = DIRECTION('',(-0.956940335732,0.290284677254,0.));
#7360 = ADVANCED_FACE('',(#7361),#7372,.F.);
#7361 = FACE_BOUND('',#7362,.F.);
#7362 = EDGE_LOOP('',(#7363,#7369,#7370,#7371));
#7363 = ORIENTED_EDGE('',*,*,#7364,.T.);
#7364 = EDGE_CURVE('',#5979,#6743,#7365,.T.);
#7365 = LINE('',#7366,#7367);
#7366 = CARTESIAN_POINT('',(31.283199846221,-7.283199846221,7.));
#7367 = VECTOR('',#7368,1.);
#7368 = DIRECTION('',(0.,0.,1.));
#7369 = ORIENTED_EDGE('',*,*,#6750,.T.);
#7370 = ORIENTED_EDGE('',*,*,#7330,.F.);
#7371 = ORIENTED_EDGE('',*,*,#5986,.F.);
#7372 = PLANE('',#7373);
#7373 = AXIS2_PLACEMENT_3D('',#7374,#7375,#7376);
#7374 = CARTESIAN_POINT('',(31.283199846221,-7.283199846221,7.));
#7375 = DIRECTION('',(-0.729864072698,0.683592302023,0.));
#7376 = DIRECTION('',(0.683592302023,0.729864072698,0.));
#7377 = ADVANCED_FACE('',(#7378),#7389,.F.);
#7378 = FACE_BOUND('',#7379,.F.);
#7379 = EDGE_LOOP('',(#7380,#7381,#7382,#7388));
#7380 = ORIENTED_EDGE('',*,*,#7349,.T.);
#7381 = ORIENTED_EDGE('',*,*,#6238,.T.);
#7382 = ORIENTED_EDGE('',*,*,#7383,.F.);
#7383 = EDGE_CURVE('',#5475,#6239,#7384,.T.);
#7384 = LINE('',#7385,#7386);
#7385 = CARTESIAN_POINT('',(26.009430316766,10.102088388153,7.));
#7386 = VECTOR('',#7387,1.);
#7387 = DIRECTION('',(0.,0.,1.));
#7388 = ORIENTED_EDGE('',*,*,#5474,.F.);
#7389 = PLANE('',#7390);
#7390 = AXIS2_PLACEMENT_3D('',#7391,#7392,#7393);
#7391 = CARTESIAN_POINT('',(26.665836164556,9.949036010777,7.));
#7392 = DIRECTION('',(-0.227076263034,-0.973876979277,0.));
#7393 = DIRECTION('',(-0.973876979277,0.227076263034,0.));
#7394 = ADVANCED_FACE('',(#7395),#7406,.F.);
#7395 = FACE_BOUND('',#7396,.F.);
#7396 = EDGE_LOOP('',(#7397,#7403,#7404,#7405));
#7397 = ORIENTED_EDGE('',*,*,#7398,.T.);
#7398 = EDGE_CURVE('',#5971,#6735,#7399,.T.);
#7399 = LINE('',#7400,#7401);
#7400 = CARTESIAN_POINT('',(30.791261895531,-7.743950017033,7.));
#7401 = VECTOR('',#7402,1.);
#7402 = DIRECTION('',(0.,0.,1.));
#7403 = ORIENTED_EDGE('',*,*,#6742,.T.);
#7404 = ORIENTED_EDGE('',*,*,#7364,.F.);
#7405 = ORIENTED_EDGE('',*,*,#5978,.F.);
#7406 = PLANE('',#7407);
#7407 = AXIS2_PLACEMENT_3D('',#7408,#7409,#7410);
#7408 = CARTESIAN_POINT('',(30.791261895531,-7.743950017033,7.));
#7409 = DIRECTION('',(-0.683592302023,0.729864072698,0.));
#7410 = DIRECTION('',(0.729864072698,0.683592302023,0.));
#7411 = ADVANCED_FACE('',(#7412),#7423,.F.);
#7412 = FACE_BOUND('',#7413,.F.);
#7413 = EDGE_LOOP('',(#7414,#7415,#7416,#7422));
#7414 = ORIENTED_EDGE('',*,*,#7383,.T.);
#7415 = ORIENTED_EDGE('',*,*,#6246,.T.);
#7416 = ORIENTED_EDGE('',*,*,#7417,.F.);
#7417 = EDGE_CURVE('',#5483,#6247,#7418,.T.);
#7418 = LINE('',#7419,#7420);
#7419 = CARTESIAN_POINT('',(25.801261452637,13.681939086959,7.));
#7420 = VECTOR('',#7421,1.);
#7421 = DIRECTION('',(0.,0.,1.));
#7422 = ORIENTED_EDGE('',*,*,#5482,.F.);
#7423 = PLANE('',#7424);
#7424 = AXIS2_PLACEMENT_3D('',#7425,#7426,#7427);
#7425 = CARTESIAN_POINT('',(26.009430316766,10.102088388153,7.));
#7426 = DIRECTION('',(-0.998313555636,-5.805208552164E-02,0.));
#7427 = DIRECTION('',(-5.805208552164E-02,0.998313555636,0.));
#7428 = ADVANCED_FACE('',(#7429),#7440,.F.);
#7429 = FACE_BOUND('',#7430,.F.);
#7430 = EDGE_LOOP('',(#7431,#7437,#7438,#7439));
#7431 = ORIENTED_EDGE('',*,*,#7432,.T.);
#7432 = EDGE_CURVE('',#5963,#6727,#7433,.T.);
#7433 = LINE('',#7434,#7435);
#7434 = CARTESIAN_POINT('',(30.27024271879,-8.171539405,7.));
#7435 = VECTOR('',#7436,1.);
#7436 = DIRECTION('',(0.,0.,1.));
#7437 = ORIENTED_EDGE('',*,*,#6734,.T.);
#7438 = ORIENTED_EDGE('',*,*,#7398,.F.);
#7439 = ORIENTED_EDGE('',*,*,#5970,.F.);
#7440 = PLANE('',#7441);
#7441 = AXIS2_PLACEMENT_3D('',#7442,#7443,#7444);
#7442 = CARTESIAN_POINT('',(30.27024271879,-8.171539405,7.));
#7443 = DIRECTION('',(-0.634393284164,0.773010453363,0.));
#7444 = DIRECTION('',(0.773010453363,0.634393284164,0.));
#7445 = ADVANCED_FACE('',(#7446),#7457,.F.);
#7446 = FACE_BOUND('',#7447,.F.);
#7447 = EDGE_LOOP('',(#7448,#7449,#7450,#7456));
#7448 = ORIENTED_EDGE('',*,*,#7417,.T.);
#7449 = ORIENTED_EDGE('',*,*,#6254,.T.);
#7450 = ORIENTED_EDGE('',*,*,#7451,.F.);
#7451 = EDGE_CURVE('',#5491,#6255,#7452,.T.);
#7452 = LINE('',#7453,#7454);
#7453 = CARTESIAN_POINT('',(24.902563183376,13.770453140693,7.));
#7454 = VECTOR('',#7455,1.);
#7455 = DIRECTION('',(0.,0.,1.));
#7456 = ORIENTED_EDGE('',*,*,#5490,.F.);
#7457 = PLANE('',#7458);
#7458 = AXIS2_PLACEMENT_3D('',#7459,#7460,#7461);
#7459 = CARTESIAN_POINT('',(25.801261452637,13.681939086959,7.));
#7460 = DIRECTION('',(-9.801714032956E-02,-0.995184726672,0.));
#7461 = DIRECTION('',(-0.995184726672,9.801714032956E-02,0.));
#7462 = ADVANCED_FACE('',(#7463),#7474,.F.);
#7463 = FACE_BOUND('',#7464,.F.);
#7464 = EDGE_LOOP('',(#7465,#7471,#7472,#7473));
#7465 = ORIENTED_EDGE('',*,*,#7466,.T.);
#7466 = EDGE_CURVE('',#5955,#6719,#7467,.T.);
#7467 = LINE('',#7468,#7469);
#7468 = CARTESIAN_POINT('',(31.666869215671,-11.47428064977,7.));
#7469 = VECTOR('',#7470,1.);
#7470 = DIRECTION('',(0.,0.,1.));
#7471 = ORIENTED_EDGE('',*,*,#6726,.T.);
#7472 = ORIENTED_EDGE('',*,*,#7432,.F.);
#7473 = ORIENTED_EDGE('',*,*,#5962,.F.);
#7474 = PLANE('',#7475);
#7475 = AXIS2_PLACEMENT_3D('',#7476,#7477,#7478);
#7476 = CARTESIAN_POINT('',(31.666869215671,-11.47428064977,7.));
#7477 = DIRECTION('',(-0.921035996422,-0.389477461857,0.));
#7478 = DIRECTION('',(-0.389477461857,0.921035996422,0.));
#7479 = ADVANCED_FACE('',(#7480),#7491,.F.);
#7480 = FACE_BOUND('',#7481,.F.);
#7481 = EDGE_LOOP('',(#7482,#7483,#7484,#7490));
#7482 = ORIENTED_EDGE('',*,*,#7451,.T.);
#7483 = ORIENTED_EDGE('',*,*,#6262,.T.);
#7484 = ORIENTED_EDGE('',*,*,#7485,.F.);
#7485 = EDGE_CURVE('',#5499,#6263,#7486,.T.);
#7486 = LINE('',#7487,#7488);
#7487 = CARTESIAN_POINT('',(24.,13.8,7.));
#7488 = VECTOR('',#7489,1.);
#7489 = DIRECTION('',(0.,0.,1.));
#7490 = ORIENTED_EDGE('',*,*,#5498,.F.);
#7491 = PLANE('',#7492);
#7492 = AXIS2_PLACEMENT_3D('',#7493,#7494,#7495);
#7493 = CARTESIAN_POINT('',(24.902563183376,13.770453140693,7.));
#7494 = DIRECTION('',(-3.271908282178E-02,-0.999464587476,0.));
#7495 = DIRECTION('',(-0.999464587476,3.271908282178E-02,0.));
#7496 = ADVANCED_FACE('',(#7497),#7508,.F.);
#7497 = FACE_BOUND('',#7498,.F.);
#7498 = EDGE_LOOP('',(#7499,#7505,#7506,#7507));
#7499 = ORIENTED_EDGE('',*,*,#7500,.T.);
#7500 = EDGE_CURVE('',#5947,#6711,#7501,.T.);
#7501 = LINE('',#7502,#7503);
#7502 = CARTESIAN_POINT('',(30.9,-11.95115057222,7.));
#7503 = VECTOR('',#7504,1.);
#7504 = DIRECTION('',(0.,0.,1.));
#7505 = ORIENTED_EDGE('',*,*,#6718,.T.);
#7506 = ORIENTED_EDGE('',*,*,#7466,.F.);
#7507 = ORIENTED_EDGE('',*,*,#5954,.F.);
#7508 = PLANE('',#7509);
#7509 = AXIS2_PLACEMENT_3D('',#7510,#7511,#7512);
#7510 = CARTESIAN_POINT('',(30.9,-11.95115057222,7.));
#7511 = DIRECTION('',(-0.52806785065,0.849202181527,0.));
#7512 = DIRECTION('',(0.849202181527,0.52806785065,0.));
#7513 = ADVANCED_FACE('',(#7514),#7525,.F.);
#7514 = FACE_BOUND('',#7515,.F.);
#7515 = EDGE_LOOP('',(#7516,#7517,#7518,#7524));
#7516 = ORIENTED_EDGE('',*,*,#7485,.T.);
#7517 = ORIENTED_EDGE('',*,*,#6270,.T.);
#7518 = ORIENTED_EDGE('',*,*,#7519,.F.);
#7519 = EDGE_CURVE('',#5507,#6271,#7520,.T.);
#7520 = LINE('',#7521,#7522);
#7521 = CARTESIAN_POINT('',(23.097436816624,13.770453140693,7.));
#7522 = VECTOR('',#7523,1.);
#7523 = DIRECTION('',(0.,0.,1.));
#7524 = ORIENTED_EDGE('',*,*,#5506,.F.);
#7525 = PLANE('',#7526);
#7526 = AXIS2_PLACEMENT_3D('',#7527,#7528,#7529);
#7527 = CARTESIAN_POINT('',(24.,13.8,7.));
#7528 = DIRECTION('',(3.271908282178E-02,-0.999464587476,0.));
#7529 = DIRECTION('',(-0.999464587476,-3.271908282178E-02,0.));
#7530 = ADVANCED_FACE('',(#7531),#7542,.F.);
#7531 = FACE_BOUND('',#7532,.F.);
#7532 = EDGE_LOOP('',(#7533,#7539,#7540,#7541));
#7533 = ORIENTED_EDGE('',*,*,#7534,.T.);
#7534 = EDGE_CURVE('',#5939,#6703,#7535,.T.);
#7535 = LINE('',#7536,#7537);
#7536 = CARTESIAN_POINT('',(30.103583925022,-12.37684383315,7.));
#7537 = VECTOR('',#7538,1.);
#7538 = DIRECTION('',(0.,0.,1.));
#7539 = ORIENTED_EDGE('',*,*,#6710,.T.);
#7540 = ORIENTED_EDGE('',*,*,#7500,.F.);
#7541 = ORIENTED_EDGE('',*,*,#5946,.F.);
#7542 = PLANE('',#7543);
#7543 = AXIS2_PLACEMENT_3D('',#7544,#7545,#7546);
#7544 = CARTESIAN_POINT('',(30.103583925022,-12.37684383315,7.));
#7545 = DIRECTION('',(-0.471396736826,0.881921264348,0.));
#7546 = DIRECTION('',(0.881921264348,0.471396736826,0.));
#7547 = ADVANCED_FACE('',(#7548),#7559,.F.);
#7548 = FACE_BOUND('',#7549,.F.);
#7549 = EDGE_LOOP('',(#7550,#7551,#7552,#7558));
#7550 = ORIENTED_EDGE('',*,*,#7519,.T.);
#7551 = ORIENTED_EDGE('',*,*,#6278,.T.);
#7552 = ORIENTED_EDGE('',*,*,#7553,.F.);
#7553 = EDGE_CURVE('',#5515,#6279,#7554,.T.);
#7554 = LINE('',#7555,#7556);
#7555 = CARTESIAN_POINT('',(22.655580220133,10.21188207215,7.));
#7556 = VECTOR('',#7557,1.);
#7557 = DIRECTION('',(0.,0.,1.));
#7558 = ORIENTED_EDGE('',*,*,#5514,.F.);
#7559 = PLANE('',#7560);
#7560 = AXIS2_PLACEMENT_3D('',#7561,#7562,#7563);
#7561 = CARTESIAN_POINT('',(23.097436816624,13.770453140693,7.));
#7562 = DIRECTION('',(0.99237930163,-0.123220622042,0.));
#7563 = DIRECTION('',(-0.123220622042,-0.99237930163,0.));
#7564 = ADVANCED_FACE('',(#7565),#7576,.F.);
#7565 = FACE_BOUND('',#7566,.F.);
#7566 = EDGE_LOOP('',(#7567,#7573,#7574,#7575));
#7567 = ORIENTED_EDGE('',*,*,#7568,.T.);
#7568 = EDGE_CURVE('',#5931,#6695,#7569,.T.);
#7569 = LINE('',#7570,#7571);
#7570 = CARTESIAN_POINT('',(29.281031366638,-12.74953754865,7.));
#7571 = VECTOR('',#7572,1.);
#7572 = DIRECTION('',(0.,0.,1.));
#7573 = ORIENTED_EDGE('',*,*,#6702,.T.);
#7574 = ORIENTED_EDGE('',*,*,#7534,.F.);
#7575 = ORIENTED_EDGE('',*,*,#5938,.F.);
#7576 = PLANE('',#7577);
#7577 = AXIS2_PLACEMENT_3D('',#7578,#7579,#7580);
#7578 = CARTESIAN_POINT('',(29.281031366638,-12.74953754865,7.));
#7579 = DIRECTION('',(-0.412707029804,0.910863824921,0.));
#7580 = DIRECTION('',(0.910863824921,0.412707029804,0.));
#7581 = ADVANCED_FACE('',(#7582),#7593,.F.);
#7582 = FACE_BOUND('',#7583,.F.);
#7583 = EDGE_LOOP('',(#7584,#7585,#7586,#7592));
#7584 = ORIENTED_EDGE('',*,*,#7553,.T.);
#7585 = ORIENTED_EDGE('',*,*,#6286,.T.);
#7586 = ORIENTED_EDGE('',*,*,#7587,.F.);
#7587 = EDGE_CURVE('',#5523,#6287,#7588,.T.);
#7588 = LINE('',#7589,#7590);
#7589 = CARTESIAN_POINT('',(21.990569683234,10.102088388153,7.));
#7590 = VECTOR('',#7591,1.);
#7591 = DIRECTION('',(0.,0.,1.));
#7592 = ORIENTED_EDGE('',*,*,#5522,.F.);
#7593 = PLANE('',#7594);
#7594 = AXIS2_PLACEMENT_3D('',#7595,#7596,#7597);
#7595 = CARTESIAN_POINT('',(22.655580220133,10.21188207215,7.));
#7596 = DIRECTION('',(0.162895473395,-0.986643332085,0.));
#7597 = DIRECTION('',(-0.986643332085,-0.162895473395,0.));
#7598 = ADVANCED_FACE('',(#7599),#7610,.F.);
#7599 = FACE_BOUND('',#7600,.F.);
#7600 = EDGE_LOOP('',(#7601,#7607,#7608,#7609));
#7601 = ORIENTED_EDGE('',*,*,#7602,.T.);
#7602 = EDGE_CURVE('',#5923,#6687,#7603,.T.);
#7603 = LINE('',#7604,#7605);
#7604 = CARTESIAN_POINT('',(27.310826492623,-9.7533803338,7.));
#7605 = VECTOR('',#7606,1.);
#7606 = DIRECTION('',(0.,0.,1.));
#7607 = ORIENTED_EDGE('',*,*,#6694,.T.);
#7608 = ORIENTED_EDGE('',*,*,#7568,.F.);
#7609 = ORIENTED_EDGE('',*,*,#5930,.F.);
#7610 = PLANE('',#7611);
#7611 = AXIS2_PLACEMENT_3D('',#7612,#7613,#7614);
#7612 = CARTESIAN_POINT('',(27.310826492623,-9.7533803338,7.));
#7613 = DIRECTION('',(0.835538857362,0.549431358622,0.));
#7614 = DIRECTION('',(0.549431358622,-0.835538857362,0.));
#7615 = ADVANCED_FACE('',(#7616),#7627,.F.);
#7616 = FACE_BOUND('',#7617,.F.);
#7617 = EDGE_LOOP('',(#7618,#7619,#7620,#7626));
#7618 = ORIENTED_EDGE('',*,*,#7587,.T.);
#7619 = ORIENTED_EDGE('',*,*,#6294,.T.);
#7620 = ORIENTED_EDGE('',*,*,#7621,.F.);
#7621 = EDGE_CURVE('',#5531,#6295,#7622,.T.);
#7622 = LINE('',#7623,#7624);
#7623 = CARTESIAN_POINT('',(21.334163835444,9.949036010777,7.));
#7624 = VECTOR('',#7625,1.);
#7625 = DIRECTION('',(0.,0.,1.));
#7626 = ORIENTED_EDGE('',*,*,#5530,.F.);
#7627 = PLANE('',#7628);
#7628 = AXIS2_PLACEMENT_3D('',#7629,#7630,#7631);
#7629 = CARTESIAN_POINT('',(21.990569683234,10.102088388153,7.));
#7630 = DIRECTION('',(0.227076263034,-0.973876979277,0.));
#7631 = DIRECTION('',(-0.973876979277,-0.227076263034,0.));
#7632 = ADVANCED_FACE('',(#7633),#7644,.F.);
#7633 = FACE_BOUND('',#7634,.F.);
#7634 = EDGE_LOOP('',(#7635,#7641,#7642,#7643));
#7635 = ORIENTED_EDGE('',*,*,#7636,.T.);
#7636 = EDGE_CURVE('',#5915,#6679,#7637,.T.);
#7637 = LINE('',#7638,#7639);
#7638 = CARTESIAN_POINT('',(26.665836164556,-9.949036010777,7.));
#7639 = VECTOR('',#7640,1.);
#7640 = DIRECTION('',(0.,0.,1.));
#7641 = ORIENTED_EDGE('',*,*,#6686,.T.);
#7642 = ORIENTED_EDGE('',*,*,#7602,.F.);
#7643 = ORIENTED_EDGE('',*,*,#5922,.F.);
#7644 = PLANE('',#7645);
#7645 = AXIS2_PLACEMENT_3D('',#7646,#7647,#7648);
#7646 = CARTESIAN_POINT('',(26.665836164556,-9.949036010777,7.));
#7647 = DIRECTION('',(-0.290284677254,0.956940335732,0.));
#7648 = DIRECTION('',(0.956940335732,0.290284677254,0.));
#7649 = ADVANCED_FACE('',(#7650),#7661,.F.);
#7650 = FACE_BOUND('',#7651,.F.);
#7651 = EDGE_LOOP('',(#7652,#7653,#7654,#7660));
#7652 = ORIENTED_EDGE('',*,*,#7621,.T.);
#7653 = ORIENTED_EDGE('',*,*,#6302,.T.);
#7654 = ORIENTED_EDGE('',*,*,#7655,.F.);
#7655 = EDGE_CURVE('',#5539,#6303,#7656,.T.);
#7656 = LINE('',#7657,#7658);
#7657 = CARTESIAN_POINT('',(20.689173507377,9.7533803338,7.));
#7658 = VECTOR('',#7659,1.);
#7659 = DIRECTION('',(0.,0.,1.));
#7660 = ORIENTED_EDGE('',*,*,#5538,.F.);
#7661 = PLANE('',#7662);
#7662 = AXIS2_PLACEMENT_3D('',#7663,#7664,#7665);
#7663 = CARTESIAN_POINT('',(21.334163835444,9.949036010777,7.));
#7664 = DIRECTION('',(0.290284677254,-0.956940335732,0.));
#7665 = DIRECTION('',(-0.956940335732,-0.290284677254,0.));
#7666 = ADVANCED_FACE('',(#7667),#7678,.F.);
#7667 = FACE_BOUND('',#7668,.F.);
#7668 = EDGE_LOOP('',(#7669,#7675,#7676,#7677));
#7669 = ORIENTED_EDGE('',*,*,#7670,.T.);
#7670 = EDGE_CURVE('',#5907,#6671,#7671,.T.);
#7671 = LINE('',#7672,#7673);
#7672 = CARTESIAN_POINT('',(26.009430316766,-10.10208838815,7.));
#7673 = VECTOR('',#7674,1.);
#7674 = DIRECTION('',(0.,0.,1.));
#7675 = ORIENTED_EDGE('',*,*,#6678,.T.);
#7676 = ORIENTED_EDGE('',*,*,#7636,.F.);
#7677 = ORIENTED_EDGE('',*,*,#5914,.F.);
#7678 = PLANE('',#7679);
#7679 = AXIS2_PLACEMENT_3D('',#7680,#7681,#7682);
#7680 = CARTESIAN_POINT('',(26.009430316766,-10.10208838815,7.));
#7681 = DIRECTION('',(-0.227076263034,0.973876979277,0.));
#7682 = DIRECTION('',(0.973876979277,0.227076263034,0.));
#7683 = ADVANCED_FACE('',(#7684),#7695,.F.);
#7684 = FACE_BOUND('',#7685,.F.);
#7685 = EDGE_LOOP('',(#7686,#7687,#7688,#7694));
#7686 = ORIENTED_EDGE('',*,*,#7655,.T.);
#7687 = ORIENTED_EDGE('',*,*,#6310,.T.);
#7688 = ORIENTED_EDGE('',*,*,#7689,.F.);
#7689 = EDGE_CURVE('',#5547,#6311,#7690,.T.);
#7690 = LINE('',#7691,#7692);
#7691 = CARTESIAN_POINT('',(18.718968633362,12.749537548656,7.));
#7692 = VECTOR('',#7693,1.);
#7693 = DIRECTION('',(0.,0.,1.));
#7694 = ORIENTED_EDGE('',*,*,#5546,.F.);
#7695 = PLANE('',#7696);
#7696 = AXIS2_PLACEMENT_3D('',#7697,#7698,#7699);
#7697 = CARTESIAN_POINT('',(20.689173507377,9.7533803338,7.));
#7698 = DIRECTION('',(-0.835538857362,-0.549431358622,0.));
#7699 = DIRECTION('',(-0.549431358622,0.835538857362,0.));
#7700 = ADVANCED_FACE('',(#7701),#7712,.F.);
#7701 = FACE_BOUND('',#7702,.F.);
#7702 = EDGE_LOOP('',(#7703,#7709,#7710,#7711));
#7703 = ORIENTED_EDGE('',*,*,#7704,.T.);
#7704 = EDGE_CURVE('',#5899,#6663,#7705,.T.);
#7705 = LINE('',#7706,#7707);
#7706 = CARTESIAN_POINT('',(25.344419779867,-10.21188207215,7.));
#7707 = VECTOR('',#7708,1.);
#7708 = DIRECTION('',(0.,0.,1.));
#7709 = ORIENTED_EDGE('',*,*,#6670,.T.);
#7710 = ORIENTED_EDGE('',*,*,#7670,.F.);
#7711 = ORIENTED_EDGE('',*,*,#5906,.F.);
#7712 = PLANE('',#7713);
#7713 = AXIS2_PLACEMENT_3D('',#7714,#7715,#7716);
#7714 = CARTESIAN_POINT('',(25.344419779867,-10.21188207215,7.));
#7715 = DIRECTION('',(-0.162895473395,0.986643332085,0.));
#7716 = DIRECTION('',(0.986643332085,0.162895473395,0.));
#7717 = ADVANCED_FACE('',(#7718),#7729,.F.);
#7718 = FACE_BOUND('',#7719,.F.);
#7719 = EDGE_LOOP('',(#7720,#7721,#7722,#7728));
#7720 = ORIENTED_EDGE('',*,*,#7689,.T.);
#7721 = ORIENTED_EDGE('',*,*,#6318,.T.);
#7722 = ORIENTED_EDGE('',*,*,#7723,.F.);
#7723 = EDGE_CURVE('',#5555,#6319,#7724,.T.);
#7724 = LINE('',#7725,#7726);
#7725 = CARTESIAN_POINT('',(17.896416074978,12.376843833151,7.));
#7726 = VECTOR('',#7727,1.);
#7727 = DIRECTION('',(0.,0.,1.));
#7728 = ORIENTED_EDGE('',*,*,#5554,.F.);
#7729 = PLANE('',#7730);
#7730 = AXIS2_PLACEMENT_3D('',#7731,#7732,#7733);
#7731 = CARTESIAN_POINT('',(18.718968633362,12.749537548656,7.));
#7732 = DIRECTION('',(0.412707029804,-0.910863824921,0.));
#7733 = DIRECTION('',(-0.910863824921,-0.412707029804,0.));
#7734 = ADVANCED_FACE('',(#7735),#7746,.F.);
#7735 = FACE_BOUND('',#7736,.F.);
#7736 = EDGE_LOOP('',(#7737,#7743,#7744,#7745));
#7737 = ORIENTED_EDGE('',*,*,#7738,.T.);
#7738 = EDGE_CURVE('',#5891,#6655,#7739,.T.);
#7739 = LINE('',#7740,#7741);
#7740 = CARTESIAN_POINT('',(24.902563183376,-13.77045314069,7.));
#7741 = VECTOR('',#7742,1.);
#7742 = DIRECTION('',(0.,0.,1.));
#7743 = ORIENTED_EDGE('',*,*,#6662,.T.);
#7744 = ORIENTED_EDGE('',*,*,#7704,.F.);
#7745 = ORIENTED_EDGE('',*,*,#5898,.F.);
#7746 = PLANE('',#7747);
#7747 = AXIS2_PLACEMENT_3D('',#7748,#7749,#7750);
#7748 = CARTESIAN_POINT('',(24.902563183376,-13.77045314069,7.));
#7749 = DIRECTION('',(-0.99237930163,0.123220622042,0.));
#7750 = DIRECTION('',(0.123220622042,0.99237930163,0.));
#7751 = ADVANCED_FACE('',(#7752),#7763,.F.);
#7752 = FACE_BOUND('',#7753,.F.);
#7753 = EDGE_LOOP('',(#7754,#7755,#7756,#7762));
#7754 = ORIENTED_EDGE('',*,*,#7723,.T.);
#7755 = ORIENTED_EDGE('',*,*,#6326,.T.);
#7756 = ORIENTED_EDGE('',*,*,#7757,.F.);
#7757 = EDGE_CURVE('',#5563,#6327,#7758,.T.);
#7758 = LINE('',#7759,#7760);
#7759 = CARTESIAN_POINT('',(17.1,11.951150572225,7.));
#7760 = VECTOR('',#7761,1.);
#7761 = DIRECTION('',(0.,0.,1.));
#7762 = ORIENTED_EDGE('',*,*,#5562,.F.);
#7763 = PLANE('',#7764);
#7764 = AXIS2_PLACEMENT_3D('',#7765,#7766,#7767);
#7765 = CARTESIAN_POINT('',(17.896416074978,12.376843833151,7.));
#7766 = DIRECTION('',(0.471396736826,-0.881921264348,0.));
#7767 = DIRECTION('',(-0.881921264348,-0.471396736826,0.));
#7768 = ADVANCED_FACE('',(#7769),#7780,.F.);
#7769 = FACE_BOUND('',#7770,.F.);
#7770 = EDGE_LOOP('',(#7771,#7777,#7778,#7779));
#7771 = ORIENTED_EDGE('',*,*,#7772,.T.);
#7772 = EDGE_CURVE('',#5883,#6647,#7773,.T.);
#7773 = LINE('',#7774,#7775);
#7774 = CARTESIAN_POINT('',(24.,-13.8,7.));
#7775 = VECTOR('',#7776,1.);
#7776 = DIRECTION('',(0.,0.,1.));
#7777 = ORIENTED_EDGE('',*,*,#6654,.T.);
#7778 = ORIENTED_EDGE('',*,*,#7738,.F.);
#7779 = ORIENTED_EDGE('',*,*,#5890,.F.);
#7780 = PLANE('',#7781);
#7781 = AXIS2_PLACEMENT_3D('',#7782,#7783,#7784);
#7782 = CARTESIAN_POINT('',(24.,-13.8,7.));
#7783 = DIRECTION('',(-3.271908282178E-02,0.999464587476,0.));
#7784 = DIRECTION('',(0.999464587476,3.271908282178E-02,0.));
#7785 = ADVANCED_FACE('',(#7786),#7797,.F.);
#7786 = FACE_BOUND('',#7787,.F.);
#7787 = EDGE_LOOP('',(#7788,#7789,#7790,#7796));
#7788 = ORIENTED_EDGE('',*,*,#7757,.T.);
#7789 = ORIENTED_EDGE('',*,*,#6334,.T.);
#7790 = ORIENTED_EDGE('',*,*,#7791,.F.);
#7791 = EDGE_CURVE('',#5571,#6335,#7792,.T.);
#7792 = LINE('',#7793,#7794);
#7793 = CARTESIAN_POINT('',(16.333130784329,11.474280649775,7.));
#7794 = VECTOR('',#7795,1.);
#7795 = DIRECTION('',(0.,0.,1.));
#7796 = ORIENTED_EDGE('',*,*,#5570,.F.);
#7797 = PLANE('',#7798);
#7798 = AXIS2_PLACEMENT_3D('',#7799,#7800,#7801);
#7799 = CARTESIAN_POINT('',(17.1,11.951150572225,7.));
#7800 = DIRECTION('',(0.52806785065,-0.849202181527,0.));
#7801 = DIRECTION('',(-0.849202181527,-0.52806785065,0.));
#7802 = ADVANCED_FACE('',(#7803),#7814,.F.);
#7803 = FACE_BOUND('',#7804,.F.);
#7804 = EDGE_LOOP('',(#7805,#7811,#7812,#7813));
#7805 = ORIENTED_EDGE('',*,*,#7806,.T.);
#7806 = EDGE_CURVE('',#5875,#6639,#7807,.T.);
#7807 = LINE('',#7808,#7809);
#7808 = CARTESIAN_POINT('',(23.097436816624,-13.77045314069,7.));
#7809 = VECTOR('',#7810,1.);
#7810 = DIRECTION('',(0.,0.,1.));
#7811 = ORIENTED_EDGE('',*,*,#6646,.T.);
#7812 = ORIENTED_EDGE('',*,*,#7772,.F.);
#7813 = ORIENTED_EDGE('',*,*,#5882,.F.);
#7814 = PLANE('',#7815);
#7815 = AXIS2_PLACEMENT_3D('',#7816,#7817,#7818);
#7816 = CARTESIAN_POINT('',(23.097436816624,-13.77045314069,7.));
#7817 = DIRECTION('',(3.271908282178E-02,0.999464587476,0.));
#7818 = DIRECTION('',(0.999464587476,-3.271908282178E-02,0.));
#7819 = ADVANCED_FACE('',(#7820),#7831,.F.);
#7820 = FACE_BOUND('',#7821,.F.);
#7821 = EDGE_LOOP('',(#7822,#7823,#7824,#7830));
#7822 = ORIENTED_EDGE('',*,*,#7791,.T.);
#7823 = ORIENTED_EDGE('',*,*,#6342,.T.);
#7824 = ORIENTED_EDGE('',*,*,#7825,.F.);
#7825 = EDGE_CURVE('',#5579,#6343,#7826,.T.);
#7826 = LINE('',#7827,#7828);
#7827 = CARTESIAN_POINT('',(17.72975728121,8.171539405,7.));
#7828 = VECTOR('',#7829,1.);
#7829 = DIRECTION('',(0.,0.,1.));
#7830 = ORIENTED_EDGE('',*,*,#5578,.F.);
#7831 = PLANE('',#7832);
#7832 = AXIS2_PLACEMENT_3D('',#7833,#7834,#7835);
#7833 = CARTESIAN_POINT('',(16.333130784329,11.474280649775,7.));
#7834 = DIRECTION('',(0.921035996422,0.389477461857,0.));
#7835 = DIRECTION('',(0.389477461857,-0.921035996422,0.));
#7836 = ADVANCED_FACE('',(#7837),#7848,.F.);
#7837 = FACE_BOUND('',#7838,.F.);
#7838 = EDGE_LOOP('',(#7839,#7845,#7846,#7847));
#7839 = ORIENTED_EDGE('',*,*,#7840,.T.);
#7840 = EDGE_CURVE('',#5867,#6631,#7841,.T.);
#7841 = LINE('',#7842,#7843);
#7842 = CARTESIAN_POINT('',(22.198738547363,-13.68193908695,7.));
#7843 = VECTOR('',#7844,1.);
#7844 = DIRECTION('',(0.,0.,1.));
#7845 = ORIENTED_EDGE('',*,*,#6638,.T.);
#7846 = ORIENTED_EDGE('',*,*,#7806,.F.);
#7847 = ORIENTED_EDGE('',*,*,#5874,.F.);
#7848 = PLANE('',#7849);
#7849 = AXIS2_PLACEMENT_3D('',#7850,#7851,#7852);
#7850 = CARTESIAN_POINT('',(22.198738547363,-13.68193908695,7.));
#7851 = DIRECTION('',(9.801714032956E-02,0.995184726672,0.));
#7852 = DIRECTION('',(0.995184726672,-9.801714032956E-02,0.));
#7853 = ADVANCED_FACE('',(#7854),#7865,.F.);
#7854 = FACE_BOUND('',#7855,.F.);
#7855 = EDGE_LOOP('',(#7856,#7857,#7858,#7864));
#7856 = ORIENTED_EDGE('',*,*,#7825,.T.);
#7857 = ORIENTED_EDGE('',*,*,#6350,.T.);
#7858 = ORIENTED_EDGE('',*,*,#7859,.F.);
#7859 = EDGE_CURVE('',#5587,#6351,#7860,.T.);
#7860 = LINE('',#7861,#7862);
#7861 = CARTESIAN_POINT('',(17.208738104469,7.743950017033,7.));
#7862 = VECTOR('',#7863,1.);
#7863 = DIRECTION('',(0.,0.,1.));
#7864 = ORIENTED_EDGE('',*,*,#5586,.F.);
#7865 = PLANE('',#7866);
#7866 = AXIS2_PLACEMENT_3D('',#7867,#7868,#7869);
#7867 = CARTESIAN_POINT('',(17.72975728121,8.171539405,7.));
#7868 = DIRECTION('',(0.634393284164,-0.773010453363,0.));
#7869 = DIRECTION('',(-0.773010453363,-0.634393284164,0.));
#7870 = ADVANCED_FACE('',(#7871),#7882,.F.);
#7871 = FACE_BOUND('',#7872,.F.);
#7872 = EDGE_LOOP('',(#7873,#7879,#7880,#7881));
#7873 = ORIENTED_EDGE('',*,*,#7874,.T.);
#7874 = EDGE_CURVE('',#5859,#6623,#7875,.T.);
#7875 = LINE('',#7876,#7877);
#7876 = CARTESIAN_POINT('',(21.990569683234,-10.10208838815,7.));
#7877 = VECTOR('',#7878,1.);
#7878 = DIRECTION('',(0.,0.,1.));
#7879 = ORIENTED_EDGE('',*,*,#6630,.T.);
#7880 = ORIENTED_EDGE('',*,*,#7840,.F.);
#7881 = ORIENTED_EDGE('',*,*,#5866,.F.);
#7882 = PLANE('',#7883);
#7883 = AXIS2_PLACEMENT_3D('',#7884,#7885,#7886);
#7884 = CARTESIAN_POINT('',(21.990569683234,-10.10208838815,7.));
#7885 = DIRECTION('',(0.998313555636,5.805208552164E-02,0.));
#7886 = DIRECTION('',(5.805208552164E-02,-0.998313555636,0.));
#7887 = ADVANCED_FACE('',(#7888),#7899,.F.);
#7888 = FACE_BOUND('',#7889,.F.);
#7889 = EDGE_LOOP('',(#7890,#7891,#7892,#7898));
#7890 = ORIENTED_EDGE('',*,*,#7859,.T.);
#7891 = ORIENTED_EDGE('',*,*,#6358,.T.);
#7892 = ORIENTED_EDGE('',*,*,#7893,.F.);
#7893 = EDGE_CURVE('',#5595,#6359,#7894,.T.);
#7894 = LINE('',#7895,#7896);
#7895 = CARTESIAN_POINT('',(16.716800153779,7.283199846221,7.));
#7896 = VECTOR('',#7897,1.);
#7897 = DIRECTION('',(0.,0.,1.));
#7898 = ORIENTED_EDGE('',*,*,#5594,.F.);
#7899 = PLANE('',#7900);
#7900 = AXIS2_PLACEMENT_3D('',#7901,#7902,#7903);
#7901 = CARTESIAN_POINT('',(17.208738104469,7.743950017033,7.));
#7902 = DIRECTION('',(0.683592302023,-0.729864072698,0.));
#7903 = DIRECTION('',(-0.729864072698,-0.683592302023,0.));
#7904 = ADVANCED_FACE('',(#7905),#7916,.F.);
#7905 = FACE_BOUND('',#7906,.F.);
#7906 = EDGE_LOOP('',(#7907,#7913,#7914,#7915));
#7907 = ORIENTED_EDGE('',*,*,#7908,.T.);
#7908 = EDGE_CURVE('',#5851,#6615,#7909,.T.);
#7909 = LINE('',#7910,#7911);
#7910 = CARTESIAN_POINT('',(21.334163835444,-9.949036010777,7.));
#7911 = VECTOR('',#7912,1.);
#7912 = DIRECTION('',(0.,0.,1.));
#7913 = ORIENTED_EDGE('',*,*,#6622,.T.);
#7914 = ORIENTED_EDGE('',*,*,#7874,.F.);
#7915 = ORIENTED_EDGE('',*,*,#5858,.F.);
#7916 = PLANE('',#7917);
#7917 = AXIS2_PLACEMENT_3D('',#7918,#7919,#7920);
#7918 = CARTESIAN_POINT('',(21.334163835444,-9.949036010777,7.));
#7919 = DIRECTION('',(0.227076263034,0.973876979277,0.));
#7920 = DIRECTION('',(0.973876979277,-0.227076263034,0.));
#7921 = ADVANCED_FACE('',(#7922),#7933,.F.);
#7922 = FACE_BOUND('',#7923,.F.);
#7923 = EDGE_LOOP('',(#7924,#7925,#7926,#7932));
#7924 = ORIENTED_EDGE('',*,*,#7893,.T.);
#7925 = ORIENTED_EDGE('',*,*,#6366,.T.);
#7926 = ORIENTED_EDGE('',*,*,#7927,.F.);
#7927 = EDGE_CURVE('',#5603,#6367,#7928,.T.);
#7928 = LINE('',#7929,#7930);
#7929 = CARTESIAN_POINT('',(16.256049982967,6.791261895531,7.));
#7930 = VECTOR('',#7931,1.);
#7931 = DIRECTION('',(0.,0.,1.));
#7932 = ORIENTED_EDGE('',*,*,#5602,.F.);
#7933 = PLANE('',#7934);
#7934 = AXIS2_PLACEMENT_3D('',#7935,#7936,#7937);
#7935 = CARTESIAN_POINT('',(16.716800153779,7.283199846221,7.));
#7936 = DIRECTION('',(0.729864072698,-0.683592302023,0.));
#7937 = DIRECTION('',(-0.683592302023,-0.729864072698,0.));
#7938 = ADVANCED_FACE('',(#7939),#7950,.F.);
#7939 = FACE_BOUND('',#7940,.F.);
#7940 = EDGE_LOOP('',(#7941,#7947,#7948,#7949));
#7941 = ORIENTED_EDGE('',*,*,#7942,.T.);
#7942 = EDGE_CURVE('',#5843,#6607,#7943,.T.);
#7943 = LINE('',#7944,#7945);
#7944 = CARTESIAN_POINT('',(20.689173507377,-9.7533803338,7.));
#7945 = VECTOR('',#7946,1.);
#7946 = DIRECTION('',(0.,0.,1.));
#7947 = ORIENTED_EDGE('',*,*,#6614,.T.);
#7948 = ORIENTED_EDGE('',*,*,#7908,.F.);
#7949 = ORIENTED_EDGE('',*,*,#5850,.F.);
#7950 = PLANE('',#7951);
#7951 = AXIS2_PLACEMENT_3D('',#7952,#7953,#7954);
#7952 = CARTESIAN_POINT('',(20.689173507377,-9.7533803338,7.));
#7953 = DIRECTION('',(0.290284677254,0.956940335732,0.));
#7954 = DIRECTION('',(0.956940335732,-0.290284677254,0.));
#7955 = ADVANCED_FACE('',(#7956),#7967,.F.);
#7956 = FACE_BOUND('',#7957,.F.);
#7957 = EDGE_LOOP('',(#7958,#7959,#7960,#7966));
#7958 = ORIENTED_EDGE('',*,*,#7927,.T.);
#7959 = ORIENTED_EDGE('',*,*,#6374,.T.);
#7960 = ORIENTED_EDGE('',*,*,#7961,.F.);
#7961 = EDGE_CURVE('',#5611,#6375,#7962,.T.);
#7962 = LINE('',#7963,#7964);
#7963 = CARTESIAN_POINT('',(13.051723903981,8.40090772032,7.));
#7964 = VECTOR('',#7965,1.);
#7965 = DIRECTION('',(0.,0.,1.));
#7966 = ORIENTED_EDGE('',*,*,#5610,.F.);
#7967 = PLANE('',#7968);
#7968 = AXIS2_PLACEMENT_3D('',#7969,#7970,#7971);
#7969 = CARTESIAN_POINT('',(16.256049982967,6.791261895531,7.));
#7970 = DIRECTION('',(-0.448882197014,-0.893590942884,0.));
#7971 = DIRECTION('',(-0.893590942884,0.448882197014,0.));
#7972 = ADVANCED_FACE('',(#7973),#7984,.F.);
#7973 = FACE_BOUND('',#7974,.F.);
#7974 = EDGE_LOOP('',(#7975,#7981,#7982,#7983));
#7975 = ORIENTED_EDGE('',*,*,#7976,.T.);
#7976 = EDGE_CURVE('',#5835,#6599,#7977,.T.);
#7977 = LINE('',#7978,#7979);
#7978 = CARTESIAN_POINT('',(20.05836064664,-9.515959184866,7.));
#7979 = VECTOR('',#7980,1.);
#7980 = DIRECTION('',(0.,0.,1.));
#7981 = ORIENTED_EDGE('',*,*,#6606,.T.);
#7982 = ORIENTED_EDGE('',*,*,#7942,.F.);
#7983 = ORIENTED_EDGE('',*,*,#5842,.F.);
#7984 = PLANE('',#7985);
#7985 = AXIS2_PLACEMENT_3D('',#7986,#7987,#7988);
#7986 = CARTESIAN_POINT('',(20.05836064664,-9.515959184866,7.));
#7987 = DIRECTION('',(0.352250047921,0.935905926757,0.));
#7988 = DIRECTION('',(0.935905926757,-0.352250047921,0.));
#7989 = ADVANCED_FACE('',(#7990),#8001,.F.);
#7990 = FACE_BOUND('',#7991,.F.);
#7991 = EDGE_LOOP('',(#7992,#7993,#7994,#8000));
#7992 = ORIENTED_EDGE('',*,*,#7961,.T.);
#7993 = ORIENTED_EDGE('',*,*,#6382,.T.);
#7994 = ORIENTED_EDGE('',*,*,#7995,.F.);
#7995 = EDGE_CURVE('',#5619,#6383,#7996,.T.);
#7996 = LINE('',#7997,#7998);
#7997 = CARTESIAN_POINT('',(12.525719350225,7.666869215671,7.));
#7998 = VECTOR('',#7999,1.);
#7999 = DIRECTION('',(0.,0.,1.));
#8000 = ORIENTED_EDGE('',*,*,#5618,.F.);
#8001 = PLANE('',#8002);
#8002 = AXIS2_PLACEMENT_3D('',#8003,#8004,#8005);
#8003 = CARTESIAN_POINT('',(13.051723903981,8.40090772032,7.));
#8004 = DIRECTION('',(0.812846684592,-0.582477696868,0.));
#8005 = DIRECTION('',(-0.582477696868,-0.812846684592,0.));
#8006 = ADVANCED_FACE('',(#8007),#8018,.F.);
#8007 = FACE_BOUND('',#8008,.F.);
#8008 = EDGE_LOOP('',(#8009,#8015,#8016,#8017));
#8009 = ORIENTED_EDGE('',*,*,#8010,.T.);
#8010 = EDGE_CURVE('',#5827,#6591,#8011,.T.);
#8011 = LINE('',#8012,#8013);
#8012 = CARTESIAN_POINT('',(17.896416074978,-12.37684383315,7.));
#8013 = VECTOR('',#8014,1.);
#8014 = DIRECTION('',(0.,0.,1.));
#8015 = ORIENTED_EDGE('',*,*,#6598,.T.);
#8016 = ORIENTED_EDGE('',*,*,#7976,.F.);
#8017 = ORIENTED_EDGE('',*,*,#5834,.F.);
#8018 = PLANE('',#8019);
#8019 = AXIS2_PLACEMENT_3D('',#8020,#8021,#8022);
#8020 = CARTESIAN_POINT('',(17.896416074978,-12.37684383315,7.));
#8021 = DIRECTION('',(-0.797815374381,0.602901839773,0.));
#8022 = DIRECTION('',(0.602901839773,0.797815374381,0.));
#8023 = ADVANCED_FACE('',(#8024),#8035,.F.);
#8024 = FACE_BOUND('',#8025,.F.);
#8025 = EDGE_LOOP('',(#8026,#8027,#8028,#8034));
#8026 = ORIENTED_EDGE('',*,*,#7995,.T.);
#8027 = ORIENTED_EDGE('',*,*,#6390,.T.);
#8028 = ORIENTED_EDGE('',*,*,#8029,.F.);
#8029 = EDGE_CURVE('',#5627,#6391,#8030,.T.);
#8030 = LINE('',#8031,#8032);
#8031 = CARTESIAN_POINT('',(12.048849427775,6.9,7.));
#8032 = VECTOR('',#8033,1.);
#8033 = DIRECTION('',(0.,0.,1.));
#8034 = ORIENTED_EDGE('',*,*,#5626,.F.);
#8035 = PLANE('',#8036);
#8036 = AXIS2_PLACEMENT_3D('',#8037,#8038,#8039);
#8037 = CARTESIAN_POINT('',(12.525719350225,7.666869215671,7.));
#8038 = DIRECTION('',(0.849202181527,-0.52806785065,0.));
#8039 = DIRECTION('',(-0.52806785065,-0.849202181527,0.));
#8040 = ADVANCED_FACE('',(#8041),#8052,.F.);
#8041 = FACE_BOUND('',#8042,.F.);
#8042 = EDGE_LOOP('',(#8043,#8049,#8050,#8051));
#8043 = ORIENTED_EDGE('',*,*,#8044,.T.);
#8044 = EDGE_CURVE('',#5819,#6583,#8045,.T.);
#8045 = LINE('',#8046,#8047);
#8046 = CARTESIAN_POINT('',(17.1,-11.95115057222,7.));
#8047 = VECTOR('',#8048,1.);
#8048 = DIRECTION('',(0.,0.,1.));
#8049 = ORIENTED_EDGE('',*,*,#6590,.T.);
#8050 = ORIENTED_EDGE('',*,*,#8010,.F.);
#8051 = ORIENTED_EDGE('',*,*,#5826,.F.);
#8052 = PLANE('',#8053);
#8053 = AXIS2_PLACEMENT_3D('',#8054,#8055,#8056);
#8054 = CARTESIAN_POINT('',(17.1,-11.95115057222,7.));
#8055 = DIRECTION('',(0.471396736826,0.881921264348,0.));
#8056 = DIRECTION('',(0.881921264348,-0.471396736826,0.));
#8057 = ADVANCED_FACE('',(#8058),#8069,.F.);
#8058 = FACE_BOUND('',#8059,.F.);
#8059 = EDGE_LOOP('',(#8060,#8061,#8062,#8068));
#8060 = ORIENTED_EDGE('',*,*,#8029,.T.);
#8061 = ORIENTED_EDGE('',*,*,#6398,.T.);
#8062 = ORIENTED_EDGE('',*,*,#8063,.F.);
#8063 = EDGE_CURVE('',#5635,#6399,#8064,.T.);
#8064 = LINE('',#8065,#8066);
#8065 = CARTESIAN_POINT('',(11.623156166849,6.103583925022,7.));
#8066 = VECTOR('',#8067,1.);
#8067 = DIRECTION('',(0.,0.,1.));
#8068 = ORIENTED_EDGE('',*,*,#5634,.F.);
#8069 = PLANE('',#8070);
#8070 = AXIS2_PLACEMENT_3D('',#8071,#8072,#8073);
#8071 = CARTESIAN_POINT('',(12.048849427775,6.9,7.));
#8072 = DIRECTION('',(0.881921264348,-0.471396736826,0.));
#8073 = DIRECTION('',(-0.471396736826,-0.881921264348,0.));
#8074 = ADVANCED_FACE('',(#8075),#8086,.F.);
#8075 = FACE_BOUND('',#8076,.F.);
#8076 = EDGE_LOOP('',(#8077,#8083,#8084,#8085));
#8077 = ORIENTED_EDGE('',*,*,#8078,.T.);
#8078 = EDGE_CURVE('',#5811,#6575,#8079,.T.);
#8079 = LINE('',#8080,#8081);
#8080 = CARTESIAN_POINT('',(16.333130784329,-11.47428064977,7.));
#8081 = VECTOR('',#8082,1.);
#8082 = DIRECTION('',(0.,0.,1.));
#8083 = ORIENTED_EDGE('',*,*,#6582,.T.);
#8084 = ORIENTED_EDGE('',*,*,#8044,.F.);
#8085 = ORIENTED_EDGE('',*,*,#5818,.F.);
#8086 = PLANE('',#8087);
#8087 = AXIS2_PLACEMENT_3D('',#8088,#8089,#8090);
#8088 = CARTESIAN_POINT('',(16.333130784329,-11.47428064977,7.));
#8089 = DIRECTION('',(0.52806785065,0.849202181527,0.));
#8090 = DIRECTION('',(0.849202181527,-0.52806785065,0.));
#8091 = ADVANCED_FACE('',(#8092),#8103,.F.);
#8092 = FACE_BOUND('',#8093,.F.);
#8093 = EDGE_LOOP('',(#8094,#8095,#8096,#8102));
#8094 = ORIENTED_EDGE('',*,*,#8063,.T.);
#8095 = ORIENTED_EDGE('',*,*,#6406,.T.);
#8096 = ORIENTED_EDGE('',*,*,#8097,.F.);
#8097 = EDGE_CURVE('',#5643,#6407,#8098,.T.);
#8098 = LINE('',#8099,#8100);
#8099 = CARTESIAN_POINT('',(14.484040815134,3.94163935336,7.));
#8100 = VECTOR('',#8101,1.);
#8101 = DIRECTION('',(0.,0.,1.));
#8102 = ORIENTED_EDGE('',*,*,#5642,.F.);
#8103 = PLANE('',#8104);
#8104 = AXIS2_PLACEMENT_3D('',#8105,#8106,#8107);
#8105 = CARTESIAN_POINT('',(11.623156166849,6.103583925022,7.));
#8106 = DIRECTION('',(0.602901839773,0.797815374381,0.));
#8107 = DIRECTION('',(0.797815374381,-0.602901839773,0.));
#8108 = ADVANCED_FACE('',(#8109),#8120,.F.);
#8109 = FACE_BOUND('',#8110,.F.);
#8110 = EDGE_LOOP('',(#8111,#8117,#8118,#8119));
#8111 = ORIENTED_EDGE('',*,*,#8112,.T.);
#8112 = EDGE_CURVE('',#5803,#6567,#8113,.T.);
#8113 = LINE('',#8114,#8115);
#8114 = CARTESIAN_POINT('',(15.59909227968,-10.94827609601,7.));
#8115 = VECTOR('',#8116,1.);
#8116 = DIRECTION('',(0.,0.,1.));
#8117 = ORIENTED_EDGE('',*,*,#6574,.T.);
#8118 = ORIENTED_EDGE('',*,*,#8078,.F.);
#8119 = ORIENTED_EDGE('',*,*,#5810,.F.);
#8120 = PLANE('',#8121);
#8121 = AXIS2_PLACEMENT_3D('',#8122,#8123,#8124);
#8122 = CARTESIAN_POINT('',(15.59909227968,-10.94827609601,7.));
#8123 = DIRECTION('',(0.582477696868,0.812846684592,0.));
#8124 = DIRECTION('',(0.812846684592,-0.582477696868,0.));
#8125 = ADVANCED_FACE('',(#8126),#8137,.F.);
#8126 = FACE_BOUND('',#8127,.F.);
#8127 = EDGE_LOOP('',(#8128,#8129,#8130,#8136));
#8128 = ORIENTED_EDGE('',*,*,#8097,.T.);
#8129 = ORIENTED_EDGE('',*,*,#6414,.T.);
#8130 = ORIENTED_EDGE('',*,*,#8131,.F.);
#8131 = EDGE_CURVE('',#5651,#6415,#8132,.T.);
#8132 = LINE('',#8133,#8134);
#8133 = CARTESIAN_POINT('',(14.2466196662,3.310826492623,7.));
#8134 = VECTOR('',#8135,1.);
#8135 = DIRECTION('',(0.,0.,1.));
#8136 = ORIENTED_EDGE('',*,*,#5650,.F.);
#8137 = PLANE('',#8138);
#8138 = AXIS2_PLACEMENT_3D('',#8139,#8140,#8141);
#8139 = CARTESIAN_POINT('',(14.484040815134,3.94163935336,7.));
#8140 = DIRECTION('',(0.935905926757,-0.352250047921,0.));
#8141 = DIRECTION('',(-0.352250047921,-0.935905926757,0.));
#8142 = ADVANCED_FACE('',(#8143),#8154,.F.);
#8143 = FACE_BOUND('',#8144,.F.);
#8144 = EDGE_LOOP('',(#8145,#8151,#8152,#8153));
#8145 = ORIENTED_EDGE('',*,*,#8146,.T.);
#8146 = EDGE_CURVE('',#5795,#6559,#8147,.T.);
#8147 = LINE('',#8148,#8149);
#8148 = CARTESIAN_POINT('',(17.208738104469,-7.743950017033,7.));
#8149 = VECTOR('',#8150,1.);
#8150 = DIRECTION('',(0.,0.,1.));
#8151 = ORIENTED_EDGE('',*,*,#6566,.T.);
#8152 = ORIENTED_EDGE('',*,*,#8112,.F.);
#8153 = ORIENTED_EDGE('',*,*,#5802,.F.);
#8154 = PLANE('',#8155);
#8155 = AXIS2_PLACEMENT_3D('',#8156,#8157,#8158);
#8156 = CARTESIAN_POINT('',(17.208738104469,-7.743950017033,7.));
#8157 = DIRECTION('',(0.893590942884,-0.448882197014,0.));
#8158 = DIRECTION('',(-0.448882197014,-0.893590942884,0.));
#8159 = ADVANCED_FACE('',(#8160),#8171,.F.);
#8160 = FACE_BOUND('',#8161,.F.);
#8161 = EDGE_LOOP('',(#8162,#8163,#8164,#8170));
#8162 = ORIENTED_EDGE('',*,*,#8131,.T.);
#8163 = ORIENTED_EDGE('',*,*,#6422,.T.);
#8164 = ORIENTED_EDGE('',*,*,#8165,.F.);
#8165 = EDGE_CURVE('',#5659,#6423,#8166,.T.);
#8166 = LINE('',#8167,#8168);
#8167 = CARTESIAN_POINT('',(14.050963989223,2.665836164556,7.));
#8168 = VECTOR('',#8169,1.);
#8169 = DIRECTION('',(0.,0.,1.));
#8170 = ORIENTED_EDGE('',*,*,#5658,.F.);
#8171 = PLANE('',#8172);
#8172 = AXIS2_PLACEMENT_3D('',#8173,#8174,#8175);
#8173 = CARTESIAN_POINT('',(14.2466196662,3.310826492623,7.));
#8174 = DIRECTION('',(0.956940335732,-0.290284677254,0.));
#8175 = DIRECTION('',(-0.290284677254,-0.956940335732,0.));
#8176 = ADVANCED_FACE('',(#8177),#8188,.F.);
#8177 = FACE_BOUND('',#8178,.F.);
#8178 = EDGE_LOOP('',(#8179,#8185,#8186,#8187));
#8179 = ORIENTED_EDGE('',*,*,#8180,.T.);
#8180 = EDGE_CURVE('',#5787,#6551,#8181,.T.);
#8181 = LINE('',#8182,#8183);
#8182 = CARTESIAN_POINT('',(16.716800153779,-7.283199846221,7.));
#8183 = VECTOR('',#8184,1.);
#8184 = DIRECTION('',(0.,0.,1.));
#8185 = ORIENTED_EDGE('',*,*,#6558,.T.);
#8186 = ORIENTED_EDGE('',*,*,#8146,.F.);
#8187 = ORIENTED_EDGE('',*,*,#5794,.F.);
#8188 = PLANE('',#8189);
#8189 = AXIS2_PLACEMENT_3D('',#8190,#8191,#8192);
#8190 = CARTESIAN_POINT('',(16.716800153779,-7.283199846221,7.));
#8191 = DIRECTION('',(0.683592302023,0.729864072698,0.));
#8192 = DIRECTION('',(0.729864072698,-0.683592302023,0.));
#8193 = ADVANCED_FACE('',(#8194),#8205,.F.);
#8194 = FACE_BOUND('',#8195,.F.);
#8195 = EDGE_LOOP('',(#8196,#8197,#8198,#8204));
#8196 = ORIENTED_EDGE('',*,*,#8165,.T.);
#8197 = ORIENTED_EDGE('',*,*,#6430,.T.);
#8198 = ORIENTED_EDGE('',*,*,#8199,.F.);
#8199 = EDGE_CURVE('',#5667,#6431,#8200,.T.);
#8200 = LINE('',#8201,#8202);
#8201 = CARTESIAN_POINT('',(13.897911611847,2.009430316766,7.));
#8202 = VECTOR('',#8203,1.);
#8203 = DIRECTION('',(0.,0.,1.));
#8204 = ORIENTED_EDGE('',*,*,#5666,.F.);
#8205 = PLANE('',#8206);
#8206 = AXIS2_PLACEMENT_3D('',#8207,#8208,#8209);
#8207 = CARTESIAN_POINT('',(14.050963989223,2.665836164556,7.));
#8208 = DIRECTION('',(0.973876979277,-0.227076263034,0.));
#8209 = DIRECTION('',(-0.227076263034,-0.973876979277,0.));
#8210 = ADVANCED_FACE('',(#8211),#8222,.F.);
#8211 = FACE_BOUND('',#8212,.F.);
#8212 = EDGE_LOOP('',(#8213,#8219,#8220,#8221));
#8213 = ORIENTED_EDGE('',*,*,#8214,.T.);
#8214 = EDGE_CURVE('',#5779,#6543,#8215,.T.);
#8215 = LINE('',#8216,#8217);
#8216 = CARTESIAN_POINT('',(16.256049982967,-6.791261895531,7.));
#8217 = VECTOR('',#8218,1.);
#8218 = DIRECTION('',(0.,0.,1.));
#8219 = ORIENTED_EDGE('',*,*,#6550,.T.);
#8220 = ORIENTED_EDGE('',*,*,#8180,.F.);
#8221 = ORIENTED_EDGE('',*,*,#5786,.F.);
#8222 = PLANE('',#8223);
#8223 = AXIS2_PLACEMENT_3D('',#8224,#8225,#8226);
#8224 = CARTESIAN_POINT('',(16.256049982967,-6.791261895531,7.));
#8225 = DIRECTION('',(0.729864072698,0.683592302023,0.));
#8226 = DIRECTION('',(0.683592302023,-0.729864072698,0.));
#8227 = ADVANCED_FACE('',(#8228),#8239,.F.);
#8228 = FACE_BOUND('',#8229,.F.);
#8229 = EDGE_LOOP('',(#8230,#8231,#8232,#8238));
#8230 = ORIENTED_EDGE('',*,*,#8199,.T.);
#8231 = ORIENTED_EDGE('',*,*,#6438,.T.);
#8232 = ORIENTED_EDGE('',*,*,#8233,.F.);
#8233 = EDGE_CURVE('',#5675,#6439,#8234,.T.);
#8234 = LINE('',#8235,#8236);
#8235 = CARTESIAN_POINT('',(10.318060913041,1.801261452637,7.));
#8236 = VECTOR('',#8237,1.);
#8237 = DIRECTION('',(0.,0.,1.));
#8238 = ORIENTED_EDGE('',*,*,#5674,.F.);
#8239 = PLANE('',#8240);
#8240 = AXIS2_PLACEMENT_3D('',#8241,#8242,#8243);
#8241 = CARTESIAN_POINT('',(13.897911611847,2.009430316766,7.));
#8242 = DIRECTION('',(5.805208552164E-02,-0.998313555636,0.));
#8243 = DIRECTION('',(-0.998313555636,-5.805208552164E-02,0.));
#8244 = ADVANCED_FACE('',(#8245),#8256,.F.);
#8245 = FACE_BOUND('',#8246,.F.);
#8246 = EDGE_LOOP('',(#8247,#8253,#8254,#8255));
#8247 = ORIENTED_EDGE('',*,*,#8248,.T.);
#8248 = EDGE_CURVE('',#5771,#6535,#8249,.T.);
#8249 = LINE('',#8250,#8251);
#8250 = CARTESIAN_POINT('',(15.828460595,-6.27024271879,7.));
#8251 = VECTOR('',#8252,1.);
#8252 = DIRECTION('',(0.,0.,1.));
#8253 = ORIENTED_EDGE('',*,*,#6542,.T.);
#8254 = ORIENTED_EDGE('',*,*,#8214,.F.);
#8255 = ORIENTED_EDGE('',*,*,#5778,.F.);
#8256 = PLANE('',#8257);
#8257 = AXIS2_PLACEMENT_3D('',#8258,#8259,#8260);
#8258 = CARTESIAN_POINT('',(15.828460595,-6.27024271879,7.));
#8259 = DIRECTION('',(0.773010453363,0.634393284164,0.));
#8260 = DIRECTION('',(0.634393284164,-0.773010453363,0.));
#8261 = ADVANCED_FACE('',(#8262),#8273,.F.);
#8262 = FACE_BOUND('',#8263,.F.);
#8263 = EDGE_LOOP('',(#8264,#8265,#8266,#8272));
#8264 = ORIENTED_EDGE('',*,*,#8233,.T.);
#8265 = ORIENTED_EDGE('',*,*,#6446,.T.);
#8266 = ORIENTED_EDGE('',*,*,#8267,.F.);
#8267 = EDGE_CURVE('',#5683,#6447,#8268,.T.);
#8268 = LINE('',#8269,#8270);
#8269 = CARTESIAN_POINT('',(10.229546859307,0.902563183376,7.));
#8270 = VECTOR('',#8271,1.);
#8271 = DIRECTION('',(0.,0.,1.));
#8272 = ORIENTED_EDGE('',*,*,#5682,.F.);
#8273 = PLANE('',#8274);
#8274 = AXIS2_PLACEMENT_3D('',#8275,#8276,#8277);
#8275 = CARTESIAN_POINT('',(10.318060913041,1.801261452637,7.));
#8276 = DIRECTION('',(0.995184726672,-9.801714032956E-02,0.));
#8277 = DIRECTION('',(-9.801714032956E-02,-0.995184726672,0.));
#8278 = ADVANCED_FACE('',(#8279),#8290,.F.);
#8279 = FACE_BOUND('',#8280,.F.);
#8280 = EDGE_LOOP('',(#8281,#8287,#8288,#8289));
#8281 = ORIENTED_EDGE('',*,*,#8282,.T.);
#8282 = EDGE_CURVE('',#5763,#6527,#8283,.T.);
#8283 = LINE('',#8284,#8285);
#8284 = CARTESIAN_POINT('',(12.525719350225,-7.666869215671,7.));
#8285 = VECTOR('',#8286,1.);
#8286 = DIRECTION('',(0.,0.,1.));
#8287 = ORIENTED_EDGE('',*,*,#6534,.T.);
#8288 = ORIENTED_EDGE('',*,*,#8248,.F.);
#8289 = ORIENTED_EDGE('',*,*,#5770,.F.);
#8290 = PLANE('',#8291);
#8291 = AXIS2_PLACEMENT_3D('',#8292,#8293,#8294);
#8292 = CARTESIAN_POINT('',(12.525719350225,-7.666869215671,7.));
#8293 = DIRECTION('',(-0.389477461857,0.921035996422,0.));
#8294 = DIRECTION('',(0.921035996422,0.389477461857,0.));
#8295 = ADVANCED_FACE('',(#8296),#8307,.F.);
#8296 = FACE_BOUND('',#8297,.F.);
#8297 = EDGE_LOOP('',(#8298,#8299,#8300,#8306));
#8298 = ORIENTED_EDGE('',*,*,#8267,.T.);
#8299 = ORIENTED_EDGE('',*,*,#6454,.T.);
#8300 = ORIENTED_EDGE('',*,*,#8301,.F.);
#8301 = EDGE_CURVE('',#5691,#6455,#8302,.T.);
#8302 = LINE('',#8303,#8304);
#8303 = CARTESIAN_POINT('',(10.2,1.690012582823E-15,7.));
#8304 = VECTOR('',#8305,1.);
#8305 = DIRECTION('',(0.,0.,1.));
#8306 = ORIENTED_EDGE('',*,*,#5690,.F.);
#8307 = PLANE('',#8308);
#8308 = AXIS2_PLACEMENT_3D('',#8309,#8310,#8311);
#8309 = CARTESIAN_POINT('',(10.229546859307,0.902563183376,7.));
#8310 = DIRECTION('',(0.999464587476,-3.271908282178E-02,0.));
#8311 = DIRECTION('',(-3.271908282178E-02,-0.999464587476,0.));
#8312 = ADVANCED_FACE('',(#8313),#8324,.F.);
#8313 = FACE_BOUND('',#8314,.F.);
#8314 = EDGE_LOOP('',(#8315,#8321,#8322,#8323));
#8315 = ORIENTED_EDGE('',*,*,#8316,.T.);
#8316 = EDGE_CURVE('',#5755,#6519,#8317,.T.);
#8317 = LINE('',#8318,#8319);
#8318 = CARTESIAN_POINT('',(12.048849427775,-6.9,7.));
#8319 = VECTOR('',#8320,1.);
#8320 = DIRECTION('',(0.,0.,1.));
#8321 = ORIENTED_EDGE('',*,*,#6526,.T.);
#8322 = ORIENTED_EDGE('',*,*,#8282,.F.);
#8323 = ORIENTED_EDGE('',*,*,#5762,.F.);
#8324 = PLANE('',#8325);
#8325 = AXIS2_PLACEMENT_3D('',#8326,#8327,#8328);
#8326 = CARTESIAN_POINT('',(12.048849427775,-6.9,7.));
#8327 = DIRECTION('',(0.849202181527,0.52806785065,0.));
#8328 = DIRECTION('',(0.52806785065,-0.849202181527,0.));
#8329 = ADVANCED_FACE('',(#8330),#8341,.F.);
#8330 = FACE_BOUND('',#8331,.F.);
#8331 = EDGE_LOOP('',(#8332,#8333,#8334,#8340));
#8332 = ORIENTED_EDGE('',*,*,#8301,.T.);
#8333 = ORIENTED_EDGE('',*,*,#6462,.T.);
#8334 = ORIENTED_EDGE('',*,*,#8335,.F.);
#8335 = EDGE_CURVE('',#5699,#6463,#8336,.T.);
#8336 = LINE('',#8337,#8338);
#8337 = CARTESIAN_POINT('',(10.229546859307,-0.902563183376,7.));
#8338 = VECTOR('',#8339,1.);
#8339 = DIRECTION('',(0.,0.,1.));
#8340 = ORIENTED_EDGE('',*,*,#5698,.F.);
#8341 = PLANE('',#8342);
#8342 = AXIS2_PLACEMENT_3D('',#8343,#8344,#8345);
#8343 = CARTESIAN_POINT('',(10.2,1.690012582823E-15,7.));
#8344 = DIRECTION('',(0.999464587476,3.271908282178E-02,0.));
#8345 = DIRECTION('',(3.271908282178E-02,-0.999464587476,0.));
#8346 = ADVANCED_FACE('',(#8347),#8358,.F.);
#8347 = FACE_BOUND('',#8348,.F.);
#8348 = EDGE_LOOP('',(#8349,#8355,#8356,#8357));
#8349 = ORIENTED_EDGE('',*,*,#8350,.T.);
#8350 = EDGE_CURVE('',#5747,#6511,#8351,.T.);
#8351 = LINE('',#8352,#8353);
#8352 = CARTESIAN_POINT('',(11.623156166849,-6.103583925022,7.));
#8353 = VECTOR('',#8354,1.);
#8354 = DIRECTION('',(0.,0.,1.));
#8355 = ORIENTED_EDGE('',*,*,#6518,.T.);
#8356 = ORIENTED_EDGE('',*,*,#8316,.F.);
#8357 = ORIENTED_EDGE('',*,*,#5754,.F.);
#8358 = PLANE('',#8359);
#8359 = AXIS2_PLACEMENT_3D('',#8360,#8361,#8362);
#8360 = CARTESIAN_POINT('',(11.623156166849,-6.103583925022,7.));
#8361 = DIRECTION('',(0.881921264348,0.471396736826,0.));
#8362 = DIRECTION('',(0.471396736826,-0.881921264348,0.));
#8363 = ADVANCED_FACE('',(#8364),#8375,.F.);
#8364 = FACE_BOUND('',#8365,.F.);
#8365 = EDGE_LOOP('',(#8366,#8367,#8368,#8374));
#8366 = ORIENTED_EDGE('',*,*,#8335,.T.);
#8367 = ORIENTED_EDGE('',*,*,#6470,.T.);
#8368 = ORIENTED_EDGE('',*,*,#8369,.F.);
#8369 = EDGE_CURVE('',#5707,#6471,#8370,.T.);
#8370 = LINE('',#8371,#8372);
#8371 = CARTESIAN_POINT('',(13.78811792785,-1.344419779867,7.));
#8372 = VECTOR('',#8373,1.);
#8373 = DIRECTION('',(0.,0.,1.));
#8374 = ORIENTED_EDGE('',*,*,#5706,.F.);
#8375 = PLANE('',#8376);
#8376 = AXIS2_PLACEMENT_3D('',#8377,#8378,#8379);
#8377 = CARTESIAN_POINT('',(10.229546859307,-0.902563183376,7.));
#8378 = DIRECTION('',(0.123220622042,0.99237930163,0.));
#8379 = DIRECTION('',(0.99237930163,-0.123220622042,0.));
#8380 = ADVANCED_FACE('',(#8381),#8392,.F.);
#8381 = FACE_BOUND('',#8382,.F.);
#8382 = EDGE_LOOP('',(#8383,#8389,#8390,#8391));
#8383 = ORIENTED_EDGE('',*,*,#8384,.T.);
#8384 = EDGE_CURVE('',#5739,#6503,#8385,.T.);
#8385 = LINE('',#8386,#8387);
#8386 = CARTESIAN_POINT('',(11.250462451344,-5.281031366638,7.));
#8387 = VECTOR('',#8388,1.);
#8388 = DIRECTION('',(0.,0.,1.));
#8389 = ORIENTED_EDGE('',*,*,#6510,.T.);
#8390 = ORIENTED_EDGE('',*,*,#8350,.F.);
#8391 = ORIENTED_EDGE('',*,*,#5746,.F.);
#8392 = PLANE('',#8393);
#8393 = AXIS2_PLACEMENT_3D('',#8394,#8395,#8396);
#8394 = CARTESIAN_POINT('',(11.250462451344,-5.281031366638,7.));
#8395 = DIRECTION('',(0.910863824921,0.412707029804,0.));
#8396 = DIRECTION('',(0.412707029804,-0.910863824921,0.));
#8397 = ADVANCED_FACE('',(#8398),#8409,.F.);
#8398 = FACE_BOUND('',#8399,.F.);
#8399 = EDGE_LOOP('',(#8400,#8401,#8402,#8408));
#8400 = ORIENTED_EDGE('',*,*,#8369,.T.);
#8401 = ORIENTED_EDGE('',*,*,#6478,.T.);
#8402 = ORIENTED_EDGE('',*,*,#8403,.F.);
#8403 = EDGE_CURVE('',#5715,#6479,#8404,.T.);
#8404 = LINE('',#8405,#8406);
#8405 = CARTESIAN_POINT('',(13.897911611847,-2.009430316766,7.));
#8406 = VECTOR('',#8407,1.);
#8407 = DIRECTION('',(0.,0.,1.));
#8408 = ORIENTED_EDGE('',*,*,#5714,.F.);
#8409 = PLANE('',#8410);
#8410 = AXIS2_PLACEMENT_3D('',#8411,#8412,#8413);
#8411 = CARTESIAN_POINT('',(13.78811792785,-1.344419779867,7.));
#8412 = DIRECTION('',(0.986643332085,0.162895473395,0.));
#8413 = DIRECTION('',(0.162895473395,-0.986643332085,0.));
#8414 = ADVANCED_FACE('',(#8415),#8426,.F.);
#8415 = FACE_BOUND('',#8416,.F.);
#8416 = EDGE_LOOP('',(#8417,#8423,#8424,#8425));
#8417 = ORIENTED_EDGE('',*,*,#8418,.T.);
#8418 = EDGE_CURVE('',#5731,#6495,#8419,.T.);
#8419 = LINE('',#8420,#8421);
#8420 = CARTESIAN_POINT('',(14.2466196662,-3.310826492623,7.));
#8421 = VECTOR('',#8422,1.);
#8422 = DIRECTION('',(0.,0.,1.));
#8423 = ORIENTED_EDGE('',*,*,#6502,.T.);
#8424 = ORIENTED_EDGE('',*,*,#8384,.F.);
#8425 = ORIENTED_EDGE('',*,*,#5738,.F.);
#8426 = PLANE('',#8427);
#8427 = AXIS2_PLACEMENT_3D('',#8428,#8429,#8430);
#8428 = CARTESIAN_POINT('',(14.2466196662,-3.310826492623,7.));
#8429 = DIRECTION('',(0.549431358622,-0.835538857362,0.));
#8430 = DIRECTION('',(-0.835538857362,-0.549431358622,0.));
#8431 = ADVANCED_FACE('',(#8432),#8443,.F.);
#8432 = FACE_BOUND('',#8433,.F.);
#8433 = EDGE_LOOP('',(#8434,#8435,#8436,#8442));
#8434 = ORIENTED_EDGE('',*,*,#8403,.T.);
#8435 = ORIENTED_EDGE('',*,*,#6486,.T.);
#8436 = ORIENTED_EDGE('',*,*,#8437,.F.);
#8437 = EDGE_CURVE('',#5723,#6487,#8438,.T.);
#8438 = LINE('',#8439,#8440);
#8439 = CARTESIAN_POINT('',(14.050963989223,-2.665836164556,7.));
#8440 = VECTOR('',#8441,1.);
#8441 = DIRECTION('',(0.,0.,1.));
#8442 = ORIENTED_EDGE('',*,*,#5722,.F.);
#8443 = PLANE('',#8444);
#8444 = AXIS2_PLACEMENT_3D('',#8445,#8446,#8447);
#8445 = CARTESIAN_POINT('',(13.897911611847,-2.009430316766,7.));
#8446 = DIRECTION('',(0.973876979277,0.227076263034,0.));
#8447 = DIRECTION('',(0.227076263034,-0.973876979277,0.));
#8448 = ADVANCED_FACE('',(#8449),#8455,.F.);
#8449 = FACE_BOUND('',#8450,.F.);
#8450 = EDGE_LOOP('',(#8451,#8452,#8453,#8454));
#8451 = ORIENTED_EDGE('',*,*,#8437,.T.);
#8452 = ORIENTED_EDGE('',*,*,#6494,.T.);
#8453 = ORIENTED_EDGE('',*,*,#8418,.F.);
#8454 = ORIENTED_EDGE('',*,*,#5730,.F.);
#8455 = PLANE('',#8456);
#8456 = AXIS2_PLACEMENT_3D('',#8457,#8458,#8459);
#8457 = CARTESIAN_POINT('',(14.050963989223,-2.665836164556,7.));
#8458 = DIRECTION('',(0.956940335732,0.290284677254,0.));
#8459 = DIRECTION('',(0.290284677254,-0.956940335732,0.));
#8460 = ADVANCED_FACE('',(#8461),#8472,.F.);
#8461 = FACE_BOUND('',#8462,.F.);
#8462 = EDGE_LOOP('',(#8463,#8464,#8470,#8471));
#8463 = ORIENTED_EDGE('',*,*,#6871,.F.);
#8464 = ORIENTED_EDGE('',*,*,#8465,.F.);
#8465 = EDGE_CURVE('',#6108,#6872,#8466,.T.);
#8466 = LINE('',#8467,#8468);
#8467 = CARTESIAN_POINT('',(27.05,-7.470345474799E-16,6.));
#8468 = VECTOR('',#8469,1.);
#8469 = DIRECTION('',(0.,0.,1.));
#8470 = ORIENTED_EDGE('',*,*,#6107,.T.);
#8471 = ORIENTED_EDGE('',*,*,#8465,.T.);
#8472 = CYLINDRICAL_SURFACE('',#8473,3.05);
#8473 = AXIS2_PLACEMENT_3D('',#8474,#8475,#8476);
#8474 = CARTESIAN_POINT('',(24.,0.,6.));
#8475 = DIRECTION('',(0.,0.,1.));
#8476 = DIRECTION('',(1.,0.,0.));
#8477 = MANIFOLD_SOLID_BREP('',#8478);
#8478 = CLOSED_SHELL('',(#8479,#8512,#8521));
#8479 = ADVANCED_FACE('',(#8480),#8507,.T.);
#8480 = FACE_BOUND('',#8481,.T.);
#8481 = EDGE_LOOP('',(#8482,#8491,#8499,#8506));
#8482 = ORIENTED_EDGE('',*,*,#8483,.F.);
#8483 = EDGE_CURVE('',#8484,#8484,#8486,.T.);
#8484 = VERTEX_POINT('',#8485);
#8485 = CARTESIAN_POINT('',(3.,-7.347880794884E-16,30.));
#8486 = CIRCLE('',#8487,3.);
#8487 = AXIS2_PLACEMENT_3D('',#8488,#8489,#8490);
#8488 = CARTESIAN_POINT('',(0.,0.,30.));
#8489 = DIRECTION('',(0.,0.,1.));
#8490 = DIRECTION('',(1.,0.,0.));
#8491 = ORIENTED_EDGE('',*,*,#8492,.F.);
#8492 = EDGE_CURVE('',#8493,#8484,#8495,.T.);
#8493 = VERTEX_POINT('',#8494);
#8494 = CARTESIAN_POINT('',(3.,-7.347880794884E-16,-4.));
#8495 = LINE('',#8496,#8497);
#8496 = CARTESIAN_POINT('',(3.,-7.347880794884E-16,-4.));
#8497 = VECTOR('',#8498,1.);
#8498 = DIRECTION('',(0.,0.,1.));
#8499 = ORIENTED_EDGE('',*,*,#8500,.T.);
#8500 = EDGE_CURVE('',#8493,#8493,#8501,.T.);
#8501 = CIRCLE('',#8502,3.);
#8502 = AXIS2_PLACEMENT_3D('',#8503,#8504,#8505);
#8503 = CARTESIAN_POINT('',(0.,0.,-4.));
#8504 = DIRECTION('',(0.,0.,1.));
#8505 = DIRECTION('',(1.,0.,0.));
#8506 = ORIENTED_EDGE('',*,*,#8492,.T.);
#8507 = CYLINDRICAL_SURFACE('',#8508,3.);
#8508 = AXIS2_PLACEMENT_3D('',#8509,#8510,#8511);
#8509 = CARTESIAN_POINT('',(0.,0.,-4.));
#8510 = DIRECTION('',(0.,0.,1.));
#8511 = DIRECTION('',(1.,0.,0.));
#8512 = ADVANCED_FACE('',(#8513),#8516,.T.);
#8513 = FACE_BOUND('',#8514,.T.);
#8514 = EDGE_LOOP('',(#8515));
#8515 = ORIENTED_EDGE('',*,*,#8483,.T.);
#8516 = PLANE('',#8517);
#8517 = AXIS2_PLACEMENT_3D('',#8518,#8519,#8520);
#8518 = CARTESIAN_POINT('',(0.,0.,30.));
#8519 = DIRECTION('',(0.,0.,1.));
#8520 = DIRECTION('',(1.,0.,0.));
#8521 = ADVANCED_FACE('',(#8522),#8525,.F.);
#8522 = FACE_BOUND('',#8523,.T.);
#8523 = EDGE_LOOP('',(#8524));
#8524 = ORIENTED_EDGE('',*,*,#8500,.F.);
#8525 = PLANE('',#8526);
#8526 = AXIS2_PLACEMENT_3D('',#8527,#8528,#8529);
#8527 = CARTESIAN_POINT('',(0.,0.,-4.));
#8528 = DIRECTION('',(0.,0.,1.));
#8529 = DIRECTION('',(1.,0.,0.));
#8530 = MANIFOLD_SOLID_BREP('',#8531);
#8531 = CLOSED_SHELL('',(#8532,#8565,#8574));
#8532 = ADVANCED_FACE('',(#8533),#8560,.T.);
#8533 = FACE_BOUND('',#8534,.T.);
#8534 = EDGE_LOOP('',(#8535,#8544,#8552,#8559));
#8535 = ORIENTED_EDGE('',*,*,#8536,.F.);
#8536 = EDGE_CURVE('',#8537,#8537,#8539,.T.);
#8537 = VERTEX_POINT('',#8538);
#8538 = CARTESIAN_POINT('',(27.,-7.347880794884E-16,25.));
#8539 = CIRCLE('',#8540,3.);
#8540 = AXIS2_PLACEMENT_3D('',#8541,#8542,#8543);
#8541 = CARTESIAN_POINT('',(24.,0.,25.));
#8542 = DIRECTION('',(0.,0.,1.));
#8543 = DIRECTION('',(1.,0.,0.));
#8544 = ORIENTED_EDGE('',*,*,#8545,.F.);
#8545 = EDGE_CURVE('',#8546,#8537,#8548,.T.);
#8546 = VERTEX_POINT('',#8547);
#8547 = CARTESIAN_POINT('',(27.,-7.347880794884E-16,0.));
#8548 = LINE('',#8549,#8550);
#8549 = CARTESIAN_POINT('',(27.,-7.347880794884E-16,0.));
#8550 = VECTOR('',#8551,1.);
#8551 = DIRECTION('',(0.,0.,1.));
#8552 = ORIENTED_EDGE('',*,*,#8553,.T.);
#8553 = EDGE_CURVE('',#8546,#8546,#8554,.T.);
#8554 = CIRCLE('',#8555,3.);
#8555 = AXIS2_PLACEMENT_3D('',#8556,#8557,#8558);
#8556 = CARTESIAN_POINT('',(24.,0.,0.));
#8557 = DIRECTION('',(0.,0.,1.));
#8558 = DIRECTION('',(1.,0.,0.));
#8559 = ORIENTED_EDGE('',*,*,#8545,.T.);
#8560 = CYLINDRICAL_SURFACE('',#8561,3.);
#8561 = AXIS2_PLACEMENT_3D('',#8562,#8563,#8564);
#8562 = CARTESIAN_POINT('',(24.,0.,0.));
#8563 = DIRECTION('',(0.,0.,1.));
#8564 = DIRECTION('',(1.,0.,0.));
#8565 = ADVANCED_FACE('',(#8566),#8569,.T.);
#8566 = FACE_BOUND('',#8567,.T.);
#8567 = EDGE_LOOP('',(#8568));
#8568 = ORIENTED_EDGE('',*,*,#8536,.T.);
#8569 = PLANE('',#8570);
#8570 = AXIS2_PLACEMENT_3D('',#8571,#8572,#8573);
#8571 = CARTESIAN_POINT('',(24.,0.,25.));
#8572 = DIRECTION('',(0.,0.,1.));
#8573 = DIRECTION('',(1.,0.,0.));
#8574 = ADVANCED_FACE('',(#8575),#8578,.F.);
#8575 = FACE_BOUND('',#8576,.T.);
#8576 = EDGE_LOOP('',(#8577));
#8577 = ORIENTED_EDGE('',*,*,#8553,.F.);
#8578 = PLANE('',#8579);
#8579 = AXIS2_PLACEMENT_3D('',#8580,#8581,#8582);
#8580 = CARTESIAN_POINT('',(24.,0.,0.));
#8581 = DIRECTION('',(0.,0.,1.));
#8582 = DIRECTION('',(1.,0.,0.));
#8583 = MANIFOLD_SOLID_BREP('',#8584);
#8584 = CLOSED_SHELL('',(#8585,#8625,#8656,#8746,#8770,#8853,#8865,#8882
    ,#8899,#8916,#8933,#8950));
#8585 = ADVANCED_FACE('',(#8586),#8620,.F.);
#8586 = FACE_BOUND('',#8587,.F.);
#8587 = EDGE_LOOP('',(#8588,#8598,#8606,#8614));
#8588 = ORIENTED_EDGE('',*,*,#8589,.F.);
#8589 = EDGE_CURVE('',#8590,#8592,#8594,.T.);
#8590 = VERTEX_POINT('',#8591);
#8591 = CARTESIAN_POINT('',(-20.,-21.,20.));
#8592 = VERTEX_POINT('',#8593);
#8593 = CARTESIAN_POINT('',(-20.,-21.,23.));
#8594 = LINE('',#8595,#8596);
#8595 = CARTESIAN_POINT('',(-20.,-21.,20.));
#8596 = VECTOR('',#8597,1.);
#8597 = DIRECTION('',(0.,0.,1.));
#8598 = ORIENTED_EDGE('',*,*,#8599,.T.);
#8599 = EDGE_CURVE('',#8590,#8600,#8602,.T.);
#8600 = VERTEX_POINT('',#8601);
#8601 = CARTESIAN_POINT('',(-20.,21.,20.));
#8602 = LINE('',#8603,#8604);
#8603 = CARTESIAN_POINT('',(-20.,-21.,20.));
#8604 = VECTOR('',#8605,1.);
#8605 = DIRECTION('',(0.,1.,0.));
#8606 = ORIENTED_EDGE('',*,*,#8607,.T.);
#8607 = EDGE_CURVE('',#8600,#8608,#8610,.T.);
#8608 = VERTEX_POINT('',#8609);
#8609 = CARTESIAN_POINT('',(-20.,21.,23.));
#8610 = LINE('',#8611,#8612);
#8611 = CARTESIAN_POINT('',(-20.,21.,20.));
#8612 = VECTOR('',#8613,1.);
#8613 = DIRECTION('',(0.,0.,1.));
#8614 = ORIENTED_EDGE('',*,*,#8615,.F.);
#8615 = EDGE_CURVE('',#8592,#8608,#8616,.T.);
#8616 = LINE('',#8617,#8618);
#8617 = CARTESIAN_POINT('',(-20.,-21.,23.));
#8618 = VECTOR('',#8619,1.);
#8619 = DIRECTION('',(0.,1.,0.));
#8620 = PLANE('',#8621);
#8621 = AXIS2_PLACEMENT_3D('',#8622,#8623,#8624);
#8622 = CARTESIAN_POINT('',(-20.,-21.,20.));
#8623 = DIRECTION('',(1.,0.,0.));
#8624 = DIRECTION('',(0.,0.,1.));
#8625 = ADVANCED_FACE('',(#8626),#8651,.F.);
#8626 = FACE_BOUND('',#8627,.F.);
#8627 = EDGE_LOOP('',(#8628,#8636,#8637,#8645));
#8628 = ORIENTED_EDGE('',*,*,#8629,.F.);
#8629 = EDGE_CURVE('',#8590,#8630,#8632,.T.);
#8630 = VERTEX_POINT('',#8631);
#8631 = CARTESIAN_POINT('',(44.,-21.,20.));
#8632 = LINE('',#8633,#8634);
#8633 = CARTESIAN_POINT('',(-20.,-21.,20.));
#8634 = VECTOR('',#8635,1.);
#8635 = DIRECTION('',(1.,0.,0.));
#8636 = ORIENTED_EDGE('',*,*,#8589,.T.);
#8637 = ORIENTED_EDGE('',*,*,#8638,.T.);
#8638 = EDGE_CURVE('',#8592,#8639,#8641,.T.);
#8639 = VERTEX_POINT('',#8640);
#8640 = CARTESIAN_POINT('',(44.,-21.,23.));
#8641 = LINE('',#8642,#8643);
#8642 = CARTESIAN_POINT('',(-20.,-21.,23.));
#8643 = VECTOR('',#8644,1.);
#8644 = DIRECTION('',(1.,0.,0.));
#8645 = ORIENTED_EDGE('',*,*,#8646,.F.);
#8646 = EDGE_CURVE('',#8630,#8639,#8647,.T.);
#8647 = LINE('',#8648,#8649);
#8648 = CARTESIAN_POINT('',(44.,-21.,20.));
#8649 = VECTOR('',#8650,1.);
#8650 = DIRECTION('',(0.,0.,1.));
#8651 = PLANE('',#8652);
#8652 = AXIS2_PLACEMENT_3D('',#8653,#8654,#8655);
#8653 = CARTESIAN_POINT('',(-20.,-21.,20.));
#8654 = DIRECTION('',(0.,1.,0.));
#8655 = DIRECTION('',(0.,0.,1.));
#8656 = ADVANCED_FACE('',(#8657,#8675,#8686,#8697,#8708,#8719,#8730),
  #8741,.T.);
#8657 = FACE_BOUND('',#8658,.T.);
#8658 = EDGE_LOOP('',(#8659,#8660,#8661,#8669));
#8659 = ORIENTED_EDGE('',*,*,#8615,.F.);
#8660 = ORIENTED_EDGE('',*,*,#8638,.T.);
#8661 = ORIENTED_EDGE('',*,*,#8662,.T.);
#8662 = EDGE_CURVE('',#8639,#8663,#8665,.T.);
#8663 = VERTEX_POINT('',#8664);
#8664 = CARTESIAN_POINT('',(44.,21.,23.));
#8665 = LINE('',#8666,#8667);
#8666 = CARTESIAN_POINT('',(44.,-21.,23.));
#8667 = VECTOR('',#8668,1.);
#8668 = DIRECTION('',(0.,1.,0.));
#8669 = ORIENTED_EDGE('',*,*,#8670,.F.);
#8670 = EDGE_CURVE('',#8608,#8663,#8671,.T.);
#8671 = LINE('',#8672,#8673);
#8672 = CARTESIAN_POINT('',(-20.,21.,23.));
#8673 = VECTOR('',#8674,1.);
#8674 = DIRECTION('',(1.,0.,0.));
#8675 = FACE_BOUND('',#8676,.T.);
#8676 = EDGE_LOOP('',(#8677));
#8677 = ORIENTED_EDGE('',*,*,#8678,.F.);
#8678 = EDGE_CURVE('',#8679,#8679,#8681,.T.);
#8679 = VERTEX_POINT('',#8680);
#8680 = CARTESIAN_POINT('',(-13.3,-16.,23.));
#8681 = CIRCLE('',#8682,1.7);
#8682 = AXIS2_PLACEMENT_3D('',#8683,#8684,#8685);
#8683 = CARTESIAN_POINT('',(-15.,-16.,23.));
#8684 = DIRECTION('',(0.,0.,1.));
#8685 = DIRECTION('',(1.,0.,0.));
#8686 = FACE_BOUND('',#8687,.T.);
#8687 = EDGE_LOOP('',(#8688));
#8688 = ORIENTED_EDGE('',*,*,#8689,.F.);
#8689 = EDGE_CURVE('',#8690,#8690,#8692,.T.);
#8690 = VERTEX_POINT('',#8691);
#8691 = CARTESIAN_POINT('',(3.2,-7.837739514543E-16,23.));
#8692 = CIRCLE('',#8693,3.2);
#8693 = AXIS2_PLACEMENT_3D('',#8694,#8695,#8696);
#8694 = CARTESIAN_POINT('',(0.,0.,23.));
#8695 = DIRECTION('',(0.,0.,1.));
#8696 = DIRECTION('',(1.,0.,0.));
#8697 = FACE_BOUND('',#8698,.T.);
#8698 = EDGE_LOOP('',(#8699));
#8699 = ORIENTED_EDGE('',*,*,#8700,.F.);
#8700 = EDGE_CURVE('',#8701,#8701,#8703,.T.);
#8701 = VERTEX_POINT('',#8702);
#8702 = CARTESIAN_POINT('',(40.7,-16.,23.));
#8703 = CIRCLE('',#8704,1.7);
#8704 = AXIS2_PLACEMENT_3D('',#8705,#8706,#8707);
#8705 = CARTESIAN_POINT('',(39.,-16.,23.));
#8706 = DIRECTION('',(0.,0.,1.));
#8707 = DIRECTION('',(1.,0.,0.));
#8708 = FACE_BOUND('',#8709,.T.);
#8709 = EDGE_LOOP('',(#8710));
#8710 = ORIENTED_EDGE('',*,*,#8711,.F.);
#8711 = EDGE_CURVE('',#8712,#8712,#8714,.T.);
#8712 = VERTEX_POINT('',#8713);
#8713 = CARTESIAN_POINT('',(27.2,-7.837739514543E-16,23.));
#8714 = CIRCLE('',#8715,3.2);
#8715 = AXIS2_PLACEMENT_3D('',#8716,#8717,#8718);
#8716 = CARTESIAN_POINT('',(24.,0.,23.));
#8717 = DIRECTION('',(0.,0.,1.));
#8718 = DIRECTION('',(1.,0.,0.));
#8719 = FACE_BOUND('',#8720,.T.);
#8720 = EDGE_LOOP('',(#8721));
#8721 = ORIENTED_EDGE('',*,*,#8722,.F.);
#8722 = EDGE_CURVE('',#8723,#8723,#8725,.T.);
#8723 = VERTEX_POINT('',#8724);
#8724 = CARTESIAN_POINT('',(-13.3,16.,23.));
#8725 = CIRCLE('',#8726,1.7);
#8726 = AXIS2_PLACEMENT_3D('',#8727,#8728,#8729);
#8727 = CARTESIAN_POINT('',(-15.,16.,23.));
#8728 = DIRECTION('',(0.,0.,1.));
#8729 = DIRECTION('',(1.,0.,0.));
#8730 = FACE_BOUND('',#8731,.T.);
#8731 = EDGE_LOOP('',(#8732));
#8732 = ORIENTED_EDGE('',*,*,#8733,.F.);
#8733 = EDGE_CURVE('',#8734,#8734,#8736,.T.);
#8734 = VERTEX_POINT('',#8735);
#8735 = CARTESIAN_POINT('',(40.7,16.,23.));
#8736 = CIRCLE('',#8737,1.7);
#8737 = AXIS2_PLACEMENT_3D('',#8738,#8739,#8740);
#8738 = CARTESIAN_POINT('',(39.,16.,23.));
#8739 = DIRECTION('',(0.,0.,1.));
#8740 = DIRECTION('',(1.,0.,0.));
#8741 = PLANE('',#8742);
#8742 = AXIS2_PLACEMENT_3D('',#8743,#8744,#8745);
#8743 = CARTESIAN_POINT('',(-20.,-21.,23.));
#8744 = DIRECTION('',(0.,0.,1.));
#8745 = DIRECTION('',(1.,0.,0.));
#8746 = ADVANCED_FACE('',(#8747),#8765,.T.);
#8747 = FACE_BOUND('',#8748,.T.);
#8748 = EDGE_LOOP('',(#8749,#8757,#8758,#8759));
#8749 = ORIENTED_EDGE('',*,*,#8750,.F.);
#8750 = EDGE_CURVE('',#8600,#8751,#8753,.T.);
#8751 = VERTEX_POINT('',#8752);
#8752 = CARTESIAN_POINT('',(44.,21.,20.));
#8753 = LINE('',#8754,#8755);
#8754 = CARTESIAN_POINT('',(-20.,21.,20.));
#8755 = VECTOR('',#8756,1.);
#8756 = DIRECTION('',(1.,0.,0.));
#8757 = ORIENTED_EDGE('',*,*,#8607,.T.);
#8758 = ORIENTED_EDGE('',*,*,#8670,.T.);
#8759 = ORIENTED_EDGE('',*,*,#8760,.F.);
#8760 = EDGE_CURVE('',#8751,#8663,#8761,.T.);
#8761 = LINE('',#8762,#8763);
#8762 = CARTESIAN_POINT('',(44.,21.,20.));
#8763 = VECTOR('',#8764,1.);
#8764 = DIRECTION('',(0.,0.,1.));
#8765 = PLANE('',#8766);
#8766 = AXIS2_PLACEMENT_3D('',#8767,#8768,#8769);
#8767 = CARTESIAN_POINT('',(-20.,21.,20.));
#8768 = DIRECTION('',(0.,1.,0.));
#8769 = DIRECTION('',(0.,0.,1.));
#8770 = ADVANCED_FACE('',(#8771,#8782,#8793,#8804,#8815,#8826,#8837),
  #8848,.F.);
#8771 = FACE_BOUND('',#8772,.F.);
#8772 = EDGE_LOOP('',(#8773,#8774,#8775,#8781));
#8773 = ORIENTED_EDGE('',*,*,#8599,.F.);
#8774 = ORIENTED_EDGE('',*,*,#8629,.T.);
#8775 = ORIENTED_EDGE('',*,*,#8776,.T.);
#8776 = EDGE_CURVE('',#8630,#8751,#8777,.T.);
#8777 = LINE('',#8778,#8779);
#8778 = CARTESIAN_POINT('',(44.,-21.,20.));
#8779 = VECTOR('',#8780,1.);
#8780 = DIRECTION('',(0.,1.,0.));
#8781 = ORIENTED_EDGE('',*,*,#8750,.F.);
#8782 = FACE_BOUND('',#8783,.F.);
#8783 = EDGE_LOOP('',(#8784));
#8784 = ORIENTED_EDGE('',*,*,#8785,.F.);
#8785 = EDGE_CURVE('',#8786,#8786,#8788,.T.);
#8786 = VERTEX_POINT('',#8787);
#8787 = CARTESIAN_POINT('',(-13.3,-16.,20.));
#8788 = CIRCLE('',#8789,1.7);
#8789 = AXIS2_PLACEMENT_3D('',#8790,#8791,#8792);
#8790 = CARTESIAN_POINT('',(-15.,-16.,20.));
#8791 = DIRECTION('',(0.,0.,1.));
#8792 = DIRECTION('',(1.,0.,0.));
#8793 = FACE_BOUND('',#8794,.F.);
#8794 = EDGE_LOOP('',(#8795));
#8795 = ORIENTED_EDGE('',*,*,#8796,.F.);
#8796 = EDGE_CURVE('',#8797,#8797,#8799,.T.);
#8797 = VERTEX_POINT('',#8798);
#8798 = CARTESIAN_POINT('',(3.2,-7.837739514543E-16,20.));
#8799 = CIRCLE('',#8800,3.2);
#8800 = AXIS2_PLACEMENT_3D('',#8801,#8802,#8803);
#8801 = CARTESIAN_POINT('',(0.,0.,20.));
#8802 = DIRECTION('',(0.,0.,1.));
#8803 = DIRECTION('',(1.,0.,0.));
#8804 = FACE_BOUND('',#8805,.F.);
#8805 = EDGE_LOOP('',(#8806));
#8806 = ORIENTED_EDGE('',*,*,#8807,.F.);
#8807 = EDGE_CURVE('',#8808,#8808,#8810,.T.);
#8808 = VERTEX_POINT('',#8809);
#8809 = CARTESIAN_POINT('',(40.7,-16.,20.));
#8810 = CIRCLE('',#8811,1.7);
#8811 = AXIS2_PLACEMENT_3D('',#8812,#8813,#8814);
#8812 = CARTESIAN_POINT('',(39.,-16.,20.));
#8813 = DIRECTION('',(0.,0.,1.));
#8814 = DIRECTION('',(1.,0.,0.));
#8815 = FACE_BOUND('',#8816,.F.);
#8816 = EDGE_LOOP('',(#8817));
#8817 = ORIENTED_EDGE('',*,*,#8818,.F.);
#8818 = EDGE_CURVE('',#8819,#8819,#8821,.T.);
#8819 = VERTEX_POINT('',#8820);
#8820 = CARTESIAN_POINT('',(27.2,-7.837739514543E-16,20.));
#8821 = CIRCLE('',#8822,3.2);
#8822 = AXIS2_PLACEMENT_3D('',#8823,#8824,#8825);
#8823 = CARTESIAN_POINT('',(24.,0.,20.));
#8824 = DIRECTION('',(0.,0.,1.));
#8825 = DIRECTION('',(1.,0.,0.));
#8826 = FACE_BOUND('',#8827,.F.);
#8827 = EDGE_LOOP('',(#8828));
#8828 = ORIENTED_EDGE('',*,*,#8829,.F.);
#8829 = EDGE_CURVE('',#8830,#8830,#8832,.T.);
#8830 = VERTEX_POINT('',#8831);
#8831 = CARTESIAN_POINT('',(-13.3,16.,20.));
#8832 = CIRCLE('',#8833,1.7);
#8833 = AXIS2_PLACEMENT_3D('',#8834,#8835,#8836);
#8834 = CARTESIAN_POINT('',(-15.,16.,20.));
#8835 = DIRECTION('',(0.,0.,1.));
#8836 = DIRECTION('',(1.,0.,0.));
#8837 = FACE_BOUND('',#8838,.F.);
#8838 = EDGE_LOOP('',(#8839));
#8839 = ORIENTED_EDGE('',*,*,#8840,.F.);
#8840 = EDGE_CURVE('',#8841,#8841,#8843,.T.);
#8841 = VERTEX_POINT('',#8842);
#8842 = CARTESIAN_POINT('',(40.7,16.,20.));
#8843 = CIRCLE('',#8844,1.7);
#8844 = AXIS2_PLACEMENT_3D('',#8845,#8846,#8847);
#8845 = CARTESIAN_POINT('',(39.,16.,20.));
#8846 = DIRECTION('',(0.,0.,1.));
#8847 = DIRECTION('',(1.,0.,0.));
#8848 = PLANE('',#8849);
#8849 = AXIS2_PLACEMENT_3D('',#8850,#8851,#8852);
#8850 = CARTESIAN_POINT('',(-20.,-21.,20.));
#8851 = DIRECTION('',(0.,0.,1.));
#8852 = DIRECTION('',(1.,0.,0.));
#8853 = ADVANCED_FACE('',(#8854),#8860,.T.);
#8854 = FACE_BOUND('',#8855,.T.);
#8855 = EDGE_LOOP('',(#8856,#8857,#8858,#8859));
#8856 = ORIENTED_EDGE('',*,*,#8646,.F.);
#8857 = ORIENTED_EDGE('',*,*,#8776,.T.);
#8858 = ORIENTED_EDGE('',*,*,#8760,.T.);
#8859 = ORIENTED_EDGE('',*,*,#8662,.F.);
#8860 = PLANE('',#8861);
#8861 = AXIS2_PLACEMENT_3D('',#8862,#8863,#8864);
#8862 = CARTESIAN_POINT('',(44.,-21.,20.));
#8863 = DIRECTION('',(1.,0.,0.));
#8864 = DIRECTION('',(0.,0.,1.));
#8865 = ADVANCED_FACE('',(#8866),#8877,.F.);
#8866 = FACE_BOUND('',#8867,.F.);
#8867 = EDGE_LOOP('',(#8868,#8869,#8875,#8876));
#8868 = ORIENTED_EDGE('',*,*,#8678,.F.);
#8869 = ORIENTED_EDGE('',*,*,#8870,.F.);
#8870 = EDGE_CURVE('',#8786,#8679,#8871,.T.);
#8871 = LINE('',#8872,#8873);
#8872 = CARTESIAN_POINT('',(-13.3,-16.,19.));
#8873 = VECTOR('',#8874,1.);
#8874 = DIRECTION('',(0.,0.,1.));
#8875 = ORIENTED_EDGE('',*,*,#8785,.T.);
#8876 = ORIENTED_EDGE('',*,*,#8870,.T.);
#8877 = CYLINDRICAL_SURFACE('',#8878,1.7);
#8878 = AXIS2_PLACEMENT_3D('',#8879,#8880,#8881);
#8879 = CARTESIAN_POINT('',(-15.,-16.,19.));
#8880 = DIRECTION('',(0.,0.,1.));
#8881 = DIRECTION('',(1.,0.,0.));
#8882 = ADVANCED_FACE('',(#8883),#8894,.F.);
#8883 = FACE_BOUND('',#8884,.F.);
#8884 = EDGE_LOOP('',(#8885,#8886,#8892,#8893));
#8885 = ORIENTED_EDGE('',*,*,#8689,.F.);
#8886 = ORIENTED_EDGE('',*,*,#8887,.F.);
#8887 = EDGE_CURVE('',#8797,#8690,#8888,.T.);
#8888 = LINE('',#8889,#8890);
#8889 = CARTESIAN_POINT('',(3.2,-7.837739514543E-16,19.));
#8890 = VECTOR('',#8891,1.);
#8891 = DIRECTION('',(0.,0.,1.));
#8892 = ORIENTED_EDGE('',*,*,#8796,.T.);
#8893 = ORIENTED_EDGE('',*,*,#8887,.T.);
#8894 = CYLINDRICAL_SURFACE('',#8895,3.2);
#8895 = AXIS2_PLACEMENT_3D('',#8896,#8897,#8898);
#8896 = CARTESIAN_POINT('',(0.,0.,19.));
#8897 = DIRECTION('',(0.,0.,1.));
#8898 = DIRECTION('',(1.,0.,0.));
#8899 = ADVANCED_FACE('',(#8900),#8911,.F.);
#8900 = FACE_BOUND('',#8901,.F.);
#8901 = EDGE_LOOP('',(#8902,#8903,#8909,#8910));
#8902 = ORIENTED_EDGE('',*,*,#8700,.F.);
#8903 = ORIENTED_EDGE('',*,*,#8904,.F.);
#8904 = EDGE_CURVE('',#8808,#8701,#8905,.T.);
#8905 = LINE('',#8906,#8907);
#8906 = CARTESIAN_POINT('',(40.7,-16.,19.));
#8907 = VECTOR('',#8908,1.);
#8908 = DIRECTION('',(0.,0.,1.));
#8909 = ORIENTED_EDGE('',*,*,#8807,.T.);
#8910 = ORIENTED_EDGE('',*,*,#8904,.T.);
#8911 = CYLINDRICAL_SURFACE('',#8912,1.7);
#8912 = AXIS2_PLACEMENT_3D('',#8913,#8914,#8915);
#8913 = CARTESIAN_POINT('',(39.,-16.,19.));
#8914 = DIRECTION('',(0.,0.,1.));
#8915 = DIRECTION('',(1.,0.,0.));
#8916 = ADVANCED_FACE('',(#8917),#8928,.F.);
#8917 = FACE_BOUND('',#8918,.F.);
#8918 = EDGE_LOOP('',(#8919,#8920,#8926,#8927));
#8919 = ORIENTED_EDGE('',*,*,#8711,.F.);
#8920 = ORIENTED_EDGE('',*,*,#8921,.F.);
#8921 = EDGE_CURVE('',#8819,#8712,#8922,.T.);
#8922 = LINE('',#8923,#8924);
#8923 = CARTESIAN_POINT('',(27.2,-7.837739514543E-16,19.));
#8924 = VECTOR('',#8925,1.);
#8925 = DIRECTION('',(0.,0.,1.));
#8926 = ORIENTED_EDGE('',*,*,#8818,.T.);
#8927 = ORIENTED_EDGE('',*,*,#8921,.T.);
#8928 = CYLINDRICAL_SURFACE('',#8929,3.2);
#8929 = AXIS2_PLACEMENT_3D('',#8930,#8931,#8932);
#8930 = CARTESIAN_POINT('',(24.,0.,19.));
#8931 = DIRECTION('',(0.,0.,1.));
#8932 = DIRECTION('',(1.,0.,0.));
#8933 = ADVANCED_FACE('',(#8934),#8945,.F.);
#8934 = FACE_BOUND('',#8935,.F.);
#8935 = EDGE_LOOP('',(#8936,#8937,#8943,#8944));
#8936 = ORIENTED_EDGE('',*,*,#8722,.F.);
#8937 = ORIENTED_EDGE('',*,*,#8938,.F.);
#8938 = EDGE_CURVE('',#8830,#8723,#8939,.T.);
#8939 = LINE('',#8940,#8941);
#8940 = CARTESIAN_POINT('',(-13.3,16.,19.));
#8941 = VECTOR('',#8942,1.);
#8942 = DIRECTION('',(0.,0.,1.));
#8943 = ORIENTED_EDGE('',*,*,#8829,.T.);
#8944 = ORIENTED_EDGE('',*,*,#8938,.T.);
#8945 = CYLINDRICAL_SURFACE('',#8946,1.7);
#8946 = AXIS2_PLACEMENT_3D('',#8947,#8948,#8949);
#8947 = CARTESIAN_POINT('',(-15.,16.,19.));
#8948 = DIRECTION('',(0.,0.,1.));
#8949 = DIRECTION('',(1.,0.,0.));
#8950 = ADVANCED_FACE('',(#8951),#8962,.F.);
#8951 = FACE_BOUND('',#8952,.F.);
#8952 = EDGE_LOOP('',(#8953,#8954,#8960,#8961));
#8953 = ORIENTED_EDGE('',*,*,#8733,.F.);
#8954 = ORIENTED_EDGE('',*,*,#8955,.F.);
#8955 = EDGE_CURVE('',#8841,#8734,#8956,.T.);
#8956 = LINE('',#8957,#8958);
#8957 = CARTESIAN_POINT('',(40.7,16.,19.));
#8958 = VECTOR('',#8959,1.);
#8959 = DIRECTION('',(0.,0.,1.));
#8960 = ORIENTED_EDGE('',*,*,#8840,.T.);
#8961 = ORIENTED_EDGE('',*,*,#8955,.T.);
#8962 = CYLINDRICAL_SURFACE('',#8963,1.7);
#8963 = AXIS2_PLACEMENT_3D('',#8964,#8965,#8966);
#8964 = CARTESIAN_POINT('',(39.,16.,19.));
#8965 = DIRECTION('',(0.,0.,1.));
#8966 = DIRECTION('',(1.,0.,0.));
#8967 = MANIFOLD_SOLID_BREP('',#8968);
#8968 = CLOSED_SHELL('',(#8969,#9067,#9076,#9096,#9224,#9252));
#8969 = ADVANCED_FACE('',(#8970,#8997),#9062,.T.);
#8970 = FACE_BOUND('',#8971,.T.);
#8971 = EDGE_LOOP('',(#8972,#8982,#8989,#8990));
#8972 = ORIENTED_EDGE('',*,*,#8973,.T.);
#8973 = EDGE_CURVE('',#8974,#8976,#8978,.T.);
#8974 = VERTEX_POINT('',#8975);
#8975 = CARTESIAN_POINT('',(19.,-32.,0.));
#8976 = VERTEX_POINT('',#8977);
#8977 = CARTESIAN_POINT('',(19.,-32.,30.));
#8978 = LINE('',#8979,#8980);
#8979 = CARTESIAN_POINT('',(19.,-32.,0.));
#8980 = VECTOR('',#8981,1.);
#8981 = DIRECTION('',(0.,0.,1.));
#8982 = ORIENTED_EDGE('',*,*,#8983,.F.);
#8983 = EDGE_CURVE('',#8976,#8976,#8984,.T.);
#8984 = CIRCLE('',#8985,7.);
#8985 = AXIS2_PLACEMENT_3D('',#8986,#8987,#8988);
#8986 = CARTESIAN_POINT('',(12.,-32.,30.));
#8987 = DIRECTION('',(0.,0.,1.));
#8988 = DIRECTION('',(1.,0.,0.));
#8989 = ORIENTED_EDGE('',*,*,#8973,.F.);
#8990 = ORIENTED_EDGE('',*,*,#8991,.T.);
#8991 = EDGE_CURVE('',#8974,#8974,#8992,.T.);
#8992 = CIRCLE('',#8993,7.);
#8993 = AXIS2_PLACEMENT_3D('',#8994,#8995,#8996);
#8994 = CARTESIAN_POINT('',(12.,-32.,0.));
#8995 = DIRECTION('',(0.,0.,1.));
#8996 = DIRECTION('',(1.,0.,0.));
#8997 = FACE_BOUND('',#8998,.T.);
#8998 = EDGE_LOOP('',(#8999));
#8999 = ORIENTED_EDGE('',*,*,#9000,.T.);
#9000 = EDGE_CURVE('',#9001,#9001,#9003,.T.);
#9001 = VERTEX_POINT('',#9002);
#9002 = CARTESIAN_POINT('',(12.,-39.,9.5));
#9003 = B_SPLINE_CURVE_WITH_KNOTS('',8,(#9004,#9005,#9006,#9007,#9008,
    #9009,#9010,#9011,#9012,#9013,#9014,#9015,#9016,#9017,#9018,#9019,
    #9020,#9021,#9022,#9023,#9024,#9025,#9026,#9027,#9028,#9029,#9030,
    #9031,#9032,#9033,#9034,#9035,#9036,#9037,#9038,#9039,#9040,#9041,
    #9042,#9043,#9044,#9045,#9046,#9047,#9048,#9049,#9050,#9051,#9052,
    #9053,#9054,#9055,#9056,#9057,#9058,#9059,#9060,#9061),
  .UNSPECIFIED.,.T.,.F.,(9,7,7,7,7,7,7,7,9),(0.,0.137062147496,
    0.275536135419,0.441731596227,0.588513944894,0.683783157606,
    0.788569232785,0.894844624627,1.),.UNSPECIFIED.);
#9004 = CARTESIAN_POINT('',(12.,-39.,9.5));
#9005 = CARTESIAN_POINT('',(12.172345862583,-39.,9.5));
#9006 = CARTESIAN_POINT('',(12.341213158802,-38.99515030047,
    9.477369257038));
#9007 = CARTESIAN_POINT('',(12.503237957814,-38.98579479329,
    9.433705375346));
#9008 = CARTESIAN_POINT('',(12.655449206282,-38.97277414101,
    9.371126243583));
#9009 = CARTESIAN_POINT('',(12.795329883858,-38.95730217015,
    9.292265170244));
#9010 = CARTESIAN_POINT('',(12.920924842123,-38.94073531151,
    9.200269301481));
#9011 = CARTESIAN_POINT('',(13.030988629478,-38.92431709075,
    9.09879174179));
#9012 = CARTESIAN_POINT('',(13.22031468148,-38.89348426721,
    8.884043489381));
#9013 = CARTESIAN_POINT('',(13.301147009046,-38.87878298838,
    8.768507863949));
#9014 = CARTESIAN_POINT('',(13.367928934082,-38.86562846962,
    8.647238282875));
#9015 = CARTESIAN_POINT('',(13.420963304691,-38.854587575,8.521737191369
    ));
#9016 = CARTESIAN_POINT('',(13.460528093994,-38.84605661005,
    8.393246643964));
#9017 = CARTESIAN_POINT('',(13.486835601357,-38.84028518434,
    8.262831881707));
#9018 = CARTESIAN_POINT('',(13.5,-38.83739716558,8.131447531774));
#9019 = CARTESIAN_POINT('',(13.5,-38.83739716558,7.842237640132));
#9020 = CARTESIAN_POINT('',(13.481037521972,-38.8415570462,
    7.684476987567));
#9021 = CARTESIAN_POINT('',(13.443110088275,-38.84987819344,
    7.528333918324));
#9022 = CARTESIAN_POINT('',(13.385971721352,-38.86210373788,
    7.375522202487));
#9023 = CARTESIAN_POINT('',(13.309205166148,-38.87771046925,
    7.227995163103));
#9024 = CARTESIAN_POINT('',(13.212284314918,-38.89585010413,
    7.088107155858));
#9025 = CARTESIAN_POINT('',(13.094689208057,-38.91528867815,
    6.958851330607));
#9026 = CARTESIAN_POINT('',(12.83376701346,-38.95126545441,
    6.742997718935));
#9027 = CARTESIAN_POINT('',(12.69129103374,-38.9683956161,6.65007115181)
  );
#9028 = CARTESIAN_POINT('',(12.530896685694,-38.98406024062,6.5728712595
    ));
#9029 = CARTESIAN_POINT('',(12.356478728992,-38.99624629671,
    6.516854903814));
#9030 = CARTESIAN_POINT('',(12.173156867536,-39.00321167401,
    6.48557106505));
#9031 = CARTESIAN_POINT('',(11.986644886337,-39.00417949973,
    6.480695865081));
#9032 = CARTESIAN_POINT('',(11.802788549144,-38.9994363735,
    6.501981487219));
#9033 = CARTESIAN_POINT('',(11.51284684964,-38.9839631935,6.576425862702
    ));
#9034 = CARTESIAN_POINT('',(11.401369391236,-38.97587876922,
    6.615968190533));
#9035 = CARTESIAN_POINT('',(11.293603707453,-38.96602255543,
    6.665472186191));
#9036 = CARTESIAN_POINT('',(11.190575682861,-38.95471927389,
    6.724530349483));
#9037 = CARTESIAN_POINT('',(11.093259693604,-38.94237931802,
    6.792609607795));
#9038 = CARTESIAN_POINT('',(11.002565382607,-38.92947311453,
    6.869055511815));
#9039 = CARTESIAN_POINT('',(10.919317689583,-38.91649635981,
    6.953098754797));
#9040 = CARTESIAN_POINT('',(10.76164175468,-38.89010020632,
    7.143696218751));
#9041 = CARTESIAN_POINT('',(10.688877046025,-38.87675845838,
    7.251719245192));
#9042 = CARTESIAN_POINT('',(10.626922420067,-38.86453825931,
    7.36676752317));
#9043 = CARTESIAN_POINT('',(10.576562892699,-38.85405314426,
    7.487553440509));
#9044 = CARTESIAN_POINT('',(10.538388896235,-38.84581949104,
    7.612706243388));
#9045 = CARTESIAN_POINT('',(10.512799208461,-38.84020474161,7.740802786)
  );
#9046 = CARTESIAN_POINT('',(10.5,-38.83739716558,7.870390130897));
#9047 = CARTESIAN_POINT('',(10.5,-38.83739716558,8.131452004495));
#9048 = CARTESIAN_POINT('',(10.513165281024,-38.84028537644,
    8.262836160949));
#9049 = CARTESIAN_POINT('',(10.539472975739,-38.84605684742,
    8.393248745438));
#9050 = CARTESIAN_POINT('',(10.579037102006,-38.85458764323,
    8.521737096103));
#9051 = CARTESIAN_POINT('',(10.6320705884,-38.86562835281,8.647237106809
    ));
#9052 = CARTESIAN_POINT('',(10.698852227005,-38.87878285878,
    8.768506895742));
#9053 = CARTESIAN_POINT('',(10.779685146129,-38.89348423913,
    8.884043293841));
#9054 = CARTESIAN_POINT('',(10.968978895382,-38.92431180199,
    9.098754905975));
#9055 = CARTESIAN_POINT('',(11.079039958216,-38.94073061439,
    9.200245509486));
#9056 = CARTESIAN_POINT('',(11.20465971482,-38.95730222908,
    9.292270139182));
#9057 = CARTESIAN_POINT('',(11.344581426628,-38.97277929046,
    9.371153352553));
#9058 = CARTESIAN_POINT('',(11.496832956864,-38.98580158881,
    9.43373704508));
#9059 = CARTESIAN_POINT('',(11.658877632203,-38.99515432181,
    9.477388029435));
#9060 = CARTESIAN_POINT('',(11.827725626735,-39.,9.5));
#9061 = CARTESIAN_POINT('',(12.,-39.,9.5));
#9062 = CYLINDRICAL_SURFACE('',#9063,7.);
#9063 = AXIS2_PLACEMENT_3D('',#9064,#9065,#9066);
#9064 = CARTESIAN_POINT('',(12.,-32.,0.));
#9065 = DIRECTION('',(0.,0.,1.));
#9066 = DIRECTION('',(1.,0.,0.));
#9067 = ADVANCED_FACE('',(#9068),#9071,.F.);
#9068 = FACE_BOUND('',#9069,.T.);
#9069 = EDGE_LOOP('',(#9070));
#9070 = ORIENTED_EDGE('',*,*,#8991,.F.);
#9071 = PLANE('',#9072);
#9072 = AXIS2_PLACEMENT_3D('',#9073,#9074,#9075);
#9073 = CARTESIAN_POINT('',(12.,-32.,0.));
#9074 = DIRECTION('',(0.,0.,1.));
#9075 = DIRECTION('',(1.,0.,0.));
#9076 = ADVANCED_FACE('',(#9077,#9080),#9091,.T.);
#9077 = FACE_BOUND('',#9078,.T.);
#9078 = EDGE_LOOP('',(#9079));
#9079 = ORIENTED_EDGE('',*,*,#8983,.T.);
#9080 = FACE_BOUND('',#9081,.T.);
#9081 = EDGE_LOOP('',(#9082));
#9082 = ORIENTED_EDGE('',*,*,#9083,.F.);
#9083 = EDGE_CURVE('',#9084,#9084,#9086,.T.);
#9084 = VERTEX_POINT('',#9085);
#9085 = CARTESIAN_POINT('',(16.5,-32.,30.));
#9086 = CIRCLE('',#9087,4.5);
#9087 = AXIS2_PLACEMENT_3D('',#9088,#9089,#9090);
#9088 = CARTESIAN_POINT('',(12.,-32.,30.));
#9089 = DIRECTION('',(0.,0.,1.));
#9090 = DIRECTION('',(1.,0.,0.));
#9091 = PLANE('',#9092);
#9092 = AXIS2_PLACEMENT_3D('',#9093,#9094,#9095);
#9093 = CARTESIAN_POINT('',(12.,-32.,30.));
#9094 = DIRECTION('',(0.,0.,1.));
#9095 = DIRECTION('',(1.,0.,0.));
#9096 = ADVANCED_FACE('',(#9097),#9219,.F.);
#9097 = FACE_BOUND('',#9098,.F.);
#9098 = EDGE_LOOP('',(#9099,#9211,#9217,#9218));
#9099 = ORIENTED_EDGE('',*,*,#9100,.F.);
#9100 = EDGE_CURVE('',#9101,#9101,#9103,.T.);
#9101 = VERTEX_POINT('',#9102);
#9102 = CARTESIAN_POINT('',(12.,-36.5,9.5));
#9103 = B_SPLINE_CURVE_WITH_KNOTS('',6,(#9104,#9105,#9106,#9107,#9108,
    #9109,#9110,#9111,#9112,#9113,#9114,#9115,#9116,#9117,#9118,#9119,
    #9120,#9121,#9122,#9123,#9124,#9125,#9126,#9127,#9128,#9129,#9130,
    #9131,#9132,#9133,#9134,#9135,#9136,#9137,#9138,#9139,#9140,#9141,
    #9142,#9143,#9144,#9145,#9146,#9147,#9148,#9149,#9150,#9151,#9152,
    #9153,#9154,#9155,#9156,#9157,#9158,#9159,#9160,#9161,#9162,#9163,
    #9164,#9165,#9166,#9167,#9168,#9169,#9170,#9171,#9172,#9173,#9174,
    #9175,#9176,#9177,#9178,#9179,#9180,#9181,#9182,#9183,#9184,#9185,
    #9186,#9187,#9188,#9189,#9190,#9191,#9192,#9193,#9194,#9195,#9196,
    #9197,#9198,#9199,#9200,#9201,#9202,#9203,#9204,#9205,#9206,#9207,
    #9208,#9209,#9210),.UNSPECIFIED.,.T.,.F.,(7,5,5,5,5,5,5,5,5,5,5,5,5,
    5,5,5,5,5,5,5,5,7),(0.,7.418126825442E-02,0.10993210043,
    0.13757364867,0.160805170749,0.179963011663,0.249286269397,
    0.320243182772,0.361314014835,0.424986674115,0.469653507405,
    0.53067301776,0.574492931302,0.610219972465,0.661062747709,
    0.750204460079,0.820370697557,0.839412376674,0.862440622424,
    0.889689689842,0.92503844872,1.),.UNSPECIFIED.);
#9104 = CARTESIAN_POINT('',(12.,-36.5,9.5));
#9105 = CARTESIAN_POINT('',(12.13515137943,-36.5,9.5));
#9106 = CARTESIAN_POINT('',(12.269338881088,-36.49512920274,
    9.485387219341));
#9107 = CARTESIAN_POINT('',(12.399996059691,-36.48551717539,
    9.456552909489));
#9108 = CARTESIAN_POINT('',(12.524656241417,-36.4718719076,9.41466386171
    ));
#9109 = CARTESIAN_POINT('',(12.641158103993,-36.45540473125,
    9.361644766463));
#9110 = CARTESIAN_POINT('',(12.799326492611,-36.42874679234,
    9.270668461357));
#9111 = CARTESIAN_POINT('',(12.848701258232,-36.41968925161,
    9.239019107534));
#9112 = CARTESIAN_POINT('',(12.895971925373,-36.41035474611,
    9.205486213013));
#9113 = CARTESIAN_POINT('',(12.94110858573,-36.40085051552,
    9.170239841854));
#9114 = CARTESIAN_POINT('',(12.98409165734,-36.39127783047,9.13344118128
    ));
#9115 = CARTESIAN_POINT('',(13.056471253334,-36.37434784177,
    9.065709520026));
#9116 = CARTESIAN_POINT('',(13.086744449729,-36.36697901985,
    9.035333233845));
#9117 = CARTESIAN_POINT('',(13.115732011182,-36.35966511831,
    9.004177924392));
#9118 = CARTESIAN_POINT('',(13.143437165995,-36.35244474381,
    8.972302245987));
#9119 = CARTESIAN_POINT('',(13.169864877649,-36.34535350219,
    8.939759888147));
#9120 = CARTESIAN_POINT('',(13.216165184264,-36.33260005121,
    8.878729771525));
#9121 = CARTESIAN_POINT('',(13.236410572064,-36.32689041046,
    8.850423789739));
#9122 = CARTESIAN_POINT('',(13.255761645634,-36.32131446474,
    8.821710693261));
#9123 = CARTESIAN_POINT('',(13.274221942569,-36.31589026905,
    8.792618002415));
#9124 = CARTESIAN_POINT('',(13.291794900626,-36.31063454491,
    8.763171694822));
#9125 = CARTESIAN_POINT('',(13.322246381932,-36.30138017453,
    8.708841891313));
#9126 = CARTESIAN_POINT('',(13.335407694504,-36.29732271466,
    8.684063824682));
#9127 = CARTESIAN_POINT('',(13.347969612261,-36.29339894447,
    8.659075775737));
#9128 = CARTESIAN_POINT('',(13.359933792646,-36.28961691799,
    8.633891093584));
#9129 = CARTESIAN_POINT('',(13.371301733716,-36.2859840995,8.60852270619
    ));
#9130 = CARTESIAN_POINT('',(13.421057364194,-36.26992668362,
    8.49056731546));
#9131 = CARTESIAN_POINT('',(13.452260046638,-36.25938649321,
    8.395887193423));
#9132 = CARTESIAN_POINT('',(13.475726910044,-36.25121878359,
    8.299564589445));
#9133 = CARTESIAN_POINT('',(13.491494649206,-36.24564758586,
    8.202158006357));
#9134 = CARTESIAN_POINT('',(13.49958334798,-36.24278799446,
    8.104191190649));
#9135 = CARTESIAN_POINT('',(13.500400694778,-36.24249902149,
    7.905862557773));
#9136 = CARTESIAN_POINT('',(13.492762696579,-36.24519924672,
    7.805541045599));
#9137 = CARTESIAN_POINT('',(13.477080690222,-36.25074785526,
    7.705772515337));
#9138 = CARTESIAN_POINT('',(13.453333777085,-36.25902606548,
    7.607117703244));
#9139 = CARTESIAN_POINT('',(13.421482901195,-36.2697954299,
    7.510174756434));
#9140 = CARTESIAN_POINT('',(13.35832737329,-36.29016766804,
    7.360876600349));
#9141 = CARTESIAN_POINT('',(13.332441087041,-36.29835203058,
    7.306934557075));
#9142 = CARTESIAN_POINT('',(13.303806990578,-36.3071848277,
    7.253903047677));
#9143 = CARTESIAN_POINT('',(13.272407630495,-36.31658588678,
    7.201913101295));
#9144 = CARTESIAN_POINT('',(13.238224240102,-36.3264620297,
    7.151109704461));
#9145 = CARTESIAN_POINT('',(13.143897012965,-36.35259001616,
    7.024978733404));
#9146 = CARTESIAN_POINT('',(13.079772311184,-36.36937203408,
    6.951478650973));
#9147 = CARTESIAN_POINT('',(13.008815483066,-36.38665017161,
    6.881816446339));
#9148 = CARTESIAN_POINT('',(12.931011618755,-36.40393171021,
    6.816744444298));
#9149 = CARTESIAN_POINT('',(12.846414446373,-36.42065008725,
    6.757127525004));
#9150 = CARTESIAN_POINT('',(12.691181354807,-36.44707579038,
    6.666675172613));
#9151 = CARTESIAN_POINT('',(12.62386692055,-36.45739482861,
    6.632532286727));
#9152 = CARTESIAN_POINT('',(12.553489494035,-36.4668862392,
    6.602012810895));
#9153 = CARTESIAN_POINT('',(12.480350242696,-36.47530512503,
    6.575535232757));
#9154 = CARTESIAN_POINT('',(12.404796008975,-36.48243137354,
    6.553466297993));
#9155 = CARTESIAN_POINT('',(12.221230997856,-36.49581462381,
    6.512434656675));
#9156 = CARTESIAN_POINT('',(12.111570298152,-36.50079042784,
    6.49759046183));
#9157 = CARTESIAN_POINT('',(12.,-36.50251682236,6.492541026724));
#9158 = CARTESIAN_POINT('',(11.888429701848,-36.50079042784,
    6.49759046183));
#9159 = CARTESIAN_POINT('',(11.778769002144,-36.49581462381,
    6.512434656675));
#9160 = CARTESIAN_POINT('',(11.596674993121,-36.4825386205,
    6.553137490068));
#9161 = CARTESIAN_POINT('',(11.522512065417,-36.47557457582,
    6.574700830032));
#9162 = CARTESIAN_POINT('',(11.450665145536,-36.46736285042,
    6.600514195539));
#9163 = CARTESIAN_POINT('',(11.381464903817,-36.45811076843,
    6.630231477485));
#9164 = CARTESIAN_POINT('',(11.315199664686,-36.44804920372,
    6.663457651201));
#9165 = CARTESIAN_POINT('',(11.200674182156,-36.42874690607,
    6.729331150527));
#9166 = CARTESIAN_POINT('',(11.151299222259,-36.41968935265,
    6.760980532829));
#9167 = CARTESIAN_POINT('',(11.104027997819,-36.4103547431,
    6.794513773175));
#9168 = CARTESIAN_POINT('',(11.058890849883,-36.40085039716,
    6.829760579367));
#9169 = CARTESIAN_POINT('',(11.015907714183,-36.39127768346,
    6.866559406839));
#9170 = CARTESIAN_POINT('',(10.917000490963,-36.36814273572,
    6.959115194788));
#9171 = CARTESIAN_POINT('',(10.863280232391,-36.35460258803,
    7.016319889866));
#9172 = CARTESIAN_POINT('',(10.813906072094,-36.34136571416,
    7.075986482536));
#9173 = CARTESIAN_POINT('',(10.768845863824,-36.32865695269,
    7.137777724379));
#9174 = CARTESIAN_POINT('',(10.72806204483,-36.31666917837,
    7.201400670836));
#9175 = CARTESIAN_POINT('',(10.627440876561,-36.28608985942,
    7.380923244662));
#9176 = CARTESIAN_POINT('',(10.576362184504,-36.26931633895,
    7.500156706048));
#9177 = CARTESIAN_POINT('',(10.538162304831,-36.25613385734,
    7.622850626146));
#9178 = CARTESIAN_POINT('',(10.512729496409,-36.24714079829,
    7.747783608103));
#9179 = CARTESIAN_POINT('',(10.5,-36.24264068711,7.873859419331));
#9180 = CARTESIAN_POINT('',(10.5,-36.24264068711,8.099289207078));
#9181 = CARTESIAN_POINT('',(10.507886761607,-36.24542895235,
    8.198557592798));
#9182 = CARTESIAN_POINT('',(10.523653673731,-36.25100374551,
    8.297266970183));
#9183 = CARTESIAN_POINT('',(10.547321346627,-36.25924751292,
    8.394873305778));
#9184 = CARTESIAN_POINT('',(10.578927855943,-36.26992792887,
    8.490796263608));
#9185 = CARTESIAN_POINT('',(10.629263208446,-36.28616473065,
    8.609787831946));
#9186 = CARTESIAN_POINT('',(10.640596214001,-36.28978473635,
    8.635017034021));
#9187 = CARTESIAN_POINT('',(10.652519326031,-36.29355217316,
    8.660064033281));
#9188 = CARTESIAN_POINT('',(10.665034022983,-36.29745967958,
    8.684916093788));
#9189 = CARTESIAN_POINT('',(10.678141939166,-36.30149931649,
    8.709560065729));
#9190 = CARTESIAN_POINT('',(10.708416635321,-36.31069743609,
    8.763517762848));
#9191 = CARTESIAN_POINT('',(10.725858565574,-36.31591307794,
    8.792728812134));
#9192 = CARTESIAN_POINT('',(10.744173915872,-36.32129445291,
    8.82159165675));
#9193 = CARTESIAN_POINT('',(10.763366043689,-36.32682522939,
    8.85008092609));
#9194 = CARTESIAN_POINT('',(10.783438403604,-36.33248778389,
    8.878169755474));
#9195 = CARTESIAN_POINT('',(10.829191719371,-36.34509718799,
    8.938559593219));
#9196 = CARTESIAN_POINT('',(10.855225892792,-36.35208912194,
    8.970688574255));
#9197 = CARTESIAN_POINT('',(10.8825034778,-36.3592077137,9.002169956358)
  );
#9198 = CARTESIAN_POINT('',(10.91102927307,-36.36641883381,9.03295228126
    ));
#9199 = CARTESIAN_POINT('',(10.940806465718,-36.37368551245,
    9.062979405321));
#9200 = CARTESIAN_POINT('',(11.012090406751,-36.39041504299,
    9.130084490906));
#9201 = CARTESIAN_POINT('',(11.054462642373,-36.3998910307,
    9.166614764572));
#9202 = CARTESIAN_POINT('',(11.098944320153,-36.40930596341,
    9.201634300217));
#9203 = CARTESIAN_POINT('',(11.145517614111,-36.41856221257,
    9.234987930968));
#9204 = CARTESIAN_POINT('',(11.194154980401,-36.4275563185,
    9.266511765111));
#9205 = CARTESIAN_POINT('',(11.352256166206,-36.45447026423,
    9.358635319615));
#9206 = CARTESIAN_POINT('',(11.46971584225,-36.4712526751,9.412761349845
    ));
#9207 = CARTESIAN_POINT('',(11.595564391964,-36.4851870526,
    9.455562626014));
#9208 = CARTESIAN_POINT('',(11.727596077212,-36.49501588866,
    9.485047251358));
#9209 = CARTESIAN_POINT('',(11.863285492851,-36.5,9.5));
#9210 = CARTESIAN_POINT('',(12.,-36.5,9.5));
#9211 = ORIENTED_EDGE('',*,*,#9212,.F.);
#9212 = EDGE_CURVE('',#9001,#9101,#9213,.T.);
#9213 = LINE('',#9214,#9215);
#9214 = CARTESIAN_POINT('',(12.,-40.,9.5));
#9215 = VECTOR('',#9216,1.);
#9216 = DIRECTION('',(0.,1.,0.));
#9217 = ORIENTED_EDGE('',*,*,#9000,.T.);
#9218 = ORIENTED_EDGE('',*,*,#9212,.T.);
#9219 = CYLINDRICAL_SURFACE('',#9220,1.5);
#9220 = AXIS2_PLACEMENT_3D('',#9221,#9222,#9223);
#9221 = CARTESIAN_POINT('',(12.,-40.,8.));
#9222 = DIRECTION('',(0.,1.,0.));
#9223 = DIRECTION('',(0.,0.,1.));
#9224 = ADVANCED_FACE('',(#9225,#9244),#9247,.F.);
#9225 = FACE_BOUND('',#9226,.F.);
#9226 = EDGE_LOOP('',(#9227,#9235,#9236,#9237));
#9227 = ORIENTED_EDGE('',*,*,#9228,.T.);
#9228 = EDGE_CURVE('',#9229,#9084,#9231,.T.);
#9229 = VERTEX_POINT('',#9230);
#9230 = CARTESIAN_POINT('',(16.5,-32.,5.));
#9231 = LINE('',#9232,#9233);
#9232 = CARTESIAN_POINT('',(16.5,-32.,5.));
#9233 = VECTOR('',#9234,1.);
#9234 = DIRECTION('',(0.,0.,1.));
#9235 = ORIENTED_EDGE('',*,*,#9083,.F.);
#9236 = ORIENTED_EDGE('',*,*,#9228,.F.);
#9237 = ORIENTED_EDGE('',*,*,#9238,.T.);
#9238 = EDGE_CURVE('',#9229,#9229,#9239,.T.);
#9239 = CIRCLE('',#9240,4.5);
#9240 = AXIS2_PLACEMENT_3D('',#9241,#9242,#9243);
#9241 = CARTESIAN_POINT('',(12.,-32.,5.));
#9242 = DIRECTION('',(0.,0.,1.));
#9243 = DIRECTION('',(1.,0.,0.));
#9244 = FACE_BOUND('',#9245,.F.);
#9245 = EDGE_LOOP('',(#9246));
#9246 = ORIENTED_EDGE('',*,*,#9100,.T.);
#9247 = CYLINDRICAL_SURFACE('',#9248,4.5);
#9248 = AXIS2_PLACEMENT_3D('',#9249,#9250,#9251);
#9249 = CARTESIAN_POINT('',(12.,-32.,5.));
#9250 = DIRECTION('',(0.,0.,1.));
#9251 = DIRECTION('',(1.,0.,0.));
#9252 = ADVANCED_FACE('',(#9253),#9256,.T.);
#9253 = FACE_BOUND('',#9254,.F.);
#9254 = EDGE_LOOP('',(#9255));
#9255 = ORIENTED_EDGE('',*,*,#9238,.F.);
#9256 = PLANE('',#9257);
#9257 = AXIS2_PLACEMENT_3D('',#9258,#9259,#9260);
#9258 = CARTESIAN_POINT('',(12.,-32.,5.));
#9259 = DIRECTION('',(0.,0.,1.));
#9260 = DIRECTION('',(1.,0.,0.));
#9261 = MANIFOLD_SOLID_BREP('',#9262);
#9262 = CLOSED_SHELL('',(#9263,#9296,#9305));
#9263 = ADVANCED_FACE('',(#9264),#9291,.T.);
#9264 = FACE_BOUND('',#9265,.T.);
#9265 = EDGE_LOOP('',(#9266,#9275,#9283,#9290));
#9266 = ORIENTED_EDGE('',*,*,#9267,.F.);
#9267 = EDGE_CURVE('',#9268,#9268,#9270,.T.);
#9268 = VERTEX_POINT('',#9269);
#9269 = CARTESIAN_POINT('',(16.3,-32.,12.));
#9270 = CIRCLE('',#9271,4.3);
#9271 = AXIS2_PLACEMENT_3D('',#9272,#9273,#9274);
#9272 = CARTESIAN_POINT('',(12.,-32.,12.));
#9273 = DIRECTION('',(0.,0.,1.));
#9274 = DIRECTION('',(1.,0.,0.));
#9275 = ORIENTED_EDGE('',*,*,#9276,.F.);
#9276 = EDGE_CURVE('',#9277,#9268,#9279,.T.);
#9277 = VERTEX_POINT('',#9278);
#9278 = CARTESIAN_POINT('',(16.3,-32.,6.));
#9279 = LINE('',#9280,#9281);
#9280 = CARTESIAN_POINT('',(16.3,-32.,6.));
#9281 = VECTOR('',#9282,1.);
#9282 = DIRECTION('',(0.,0.,1.));
#9283 = ORIENTED_EDGE('',*,*,#9284,.T.);
#9284 = EDGE_CURVE('',#9277,#9277,#9285,.T.);
#9285 = CIRCLE('',#9286,4.3);
#9286 = AXIS2_PLACEMENT_3D('',#9287,#9288,#9289);
#9287 = CARTESIAN_POINT('',(12.,-32.,6.));
#9288 = DIRECTION('',(0.,0.,1.));
#9289 = DIRECTION('',(1.,0.,0.));
#9290 = ORIENTED_EDGE('',*,*,#9276,.T.);
#9291 = CYLINDRICAL_SURFACE('',#9292,4.3);
#9292 = AXIS2_PLACEMENT_3D('',#9293,#9294,#9295);
#9293 = CARTESIAN_POINT('',(12.,-32.,6.));
#9294 = DIRECTION('',(0.,0.,1.));
#9295 = DIRECTION('',(1.,0.,0.));
#9296 = ADVANCED_FACE('',(#9297),#9300,.T.);
#9297 = FACE_BOUND('',#9298,.T.);
#9298 = EDGE_LOOP('',(#9299));
#9299 = ORIENTED_EDGE('',*,*,#9267,.T.);
#9300 = PLANE('',#9301);
#9301 = AXIS2_PLACEMENT_3D('',#9302,#9303,#9304);
#9302 = CARTESIAN_POINT('',(12.,-32.,12.));
#9303 = DIRECTION('',(0.,0.,1.));
#9304 = DIRECTION('',(1.,0.,0.));
#9305 = ADVANCED_FACE('',(#9306),#9309,.F.);
#9306 = FACE_BOUND('',#9307,.T.);
#9307 = EDGE_LOOP('',(#9308));
#9308 = ORIENTED_EDGE('',*,*,#9284,.F.);
#9309 = PLANE('',#9310);
#9310 = AXIS2_PLACEMENT_3D('',#9311,#9312,#9313);
#9311 = CARTESIAN_POINT('',(12.,-32.,6.));
#9312 = DIRECTION('',(0.,0.,1.));
#9313 = DIRECTION('',(1.,0.,0.));
#9314 = MANIFOLD_SOLID_BREP('',#9315);
#9315 = CLOSED_SHELL('',(#9316,#9900,#9909));
#9316 = ADVANCED_FACE('',(#9317),#9416,.T.);
#9317 = FACE_BOUND('',#9318,.T.);
#9318 = EDGE_LOOP('',(#9319,#9395,#9405,#9406));
#9319 = ORIENTED_EDGE('',*,*,#9320,.T.);
#9320 = EDGE_CURVE('',#9321,#9323,#9325,.T.);
#9321 = VERTEX_POINT('',#9322);
#9322 = CARTESIAN_POINT('',(15.55,-32.,12.));
#9323 = VERTEX_POINT('',#9324);
#9324 = CARTESIAN_POINT('',(14.729611565882,-31.94946581833,
    23.523726558397));
#9325 = ( BOUNDED_CURVE() B_SPLINE_CURVE(9,(#9326,#9327,#9328,#9329,
    #9330,#9331,#9332,#9333,#9334,#9335,#9336,#9337,#9338,#9339,#9340,
    #9341,#9342,#9343,#9344,#9345,#9346,#9347,#9348,#9349,#9350,#9351,
    #9352,#9353,#9354,#9355,#9356,#9357,#9358,#9359,#9360,#9361,#9362,
    #9363,#9364,#9365,#9366,#9367,#9368,#9369,#9370,#9371,#9372,#9373,
    #9374,#9375,#9376,#9377,#9378,#9379,#9380,#9381,#9382,#9383,#9384,
    #9385,#9386,#9387,#9388,#9389,#9390,#9391,#9392,#9393,#9394),
.UNSPECIFIED.,.F.,.F.) B_SPLINE_CURVE_WITH_KNOTS((10,8,9,8,9,8,9,8,10),(
    0.,4.945362464213,9.890724928427,14.83608739264,19.781449856854,
    24.726812321067,29.672174785281,34.617537249494,39.562899713707),
.UNSPECIFIED.) CURVE() GEOMETRIC_REPRESENTATION_ITEM() 
RATIONAL_B_SPLINE_CURVE((1.669078461068,1.669078461068,1.669078461068,
    1.669078461068,1.669078461068,1.669078461068,1.669078461068,
    1.669078461068,1.669078461068,1.669078461068,1.669078461068,
    1.669078461068,1.669078461068,1.669078461068,1.669078461068,
    1.669078461068,1.669078461068,1.669078461068,1.669078461068,
    1.669078461068,1.669078461068,1.669078461069,1.669078461068,
    1.669078461068,1.669078461068,1.669078461068,1.669078461068,
    1.669078461068,1.669078461068,1.669078461069,1.669078461068,
    1.669078461069,1.669078461068,1.669078461068,1.669078461068,
    1.669078461068,1.669078461068,1.669078461068,1.669078461068,
    1.669078461068,1.669078461068,1.669078461068,1.669078461068,
    1.669078461068,1.669078461068,1.669078461068,1.669078461069,
    1.669078461068,1.669078461069,1.669078461068,1.669078461068,
    1.669078461068,1.669078461068,1.669078461068,1.669078461068,
    1.669078461068,1.669078461068,1.669078461068,1.669078461068,
    1.669078461068,1.669078461068,1.669078461068,1.669078461068,
    1.669078461069,1.669078461068,1.669078461068,1.669078461068,
1.669078461068,1.669078461068)) REPRESENTATION_ITEM('') );
#9326 = CARTESIAN_POINT('',(15.55,-32.,12.));
#9327 = CARTESIAN_POINT('',(15.549999999998,-30.14456890642,
    12.198511972322));
#9328 = CARTESIAN_POINT('',(14.456520051671,-28.2887838567,
    12.397061516014));
#9329 = CARTESIAN_POINT('',(12.273283775793,-27.17410577741,
    12.595466001413));
#9330 = CARTESIAN_POINT('',(9.567091839291,-27.51770321492,
    12.79356382933));
#9331 = CARTESIAN_POINT('',(7.535654122756,-29.5684875285,
    12.991245305201));
#9332 = CARTESIAN_POINT('',(7.215383810753,-32.2564391434,
    13.188259162052));
#9333 = CARTESIAN_POINT('',(8.32636775464,-34.40677634535,
    13.384540087957));
#9334 = CARTESIAN_POINT('',(10.153868319774,-35.47675937744,
    13.579890510855));
#9335 = CARTESIAN_POINT('',(13.787947000003,-35.47502661696,
    13.968486304543));
#9336 = CARTESIAN_POINT('',(15.595588032587,-34.40325358394,
    14.161726708952));
#9337 = CARTESIAN_POINT('',(16.66765564954,-32.27753333676,
    14.353776949763));
#9338 = CARTESIAN_POINT('',(16.316651725488,-29.66408742935,
    14.544488593511));
#9339 = CARTESIAN_POINT('',(14.331593178109,-27.73311920676,
    14.733766609043));
#9340 = CARTESIAN_POINT('',(11.768931216413,-27.44443072845,
    14.92147574763));
#9341 = CARTESIAN_POINT('',(9.732536324451,-28.50720734096,
    15.107521394756));
#9342 = CARTESIAN_POINT('',(8.724800278634,-30.23715190687,
    15.29183017293));
#9343 = CARTESIAN_POINT('',(8.726150504928,-31.94967372717,
    15.474313946993));
#9344 = CARTESIAN_POINT('',(8.727568806189,-33.66219263759,
    15.656836716017));
#9345 = CARTESIAN_POINT('',(9.738297326501,-35.35803056527,
    15.837567894588));
#9346 = CARTESIAN_POINT('',(11.732096607618,-36.35383686486,
    16.016416207029));
#9347 = CARTESIAN_POINT('',(14.166736965805,-36.01222520125,
    16.193296496397));
#9348 = CARTESIAN_POINT('',(15.944472683019,-34.16079290344,
    16.368196400913));
#9349 = CARTESIAN_POINT('',(16.200656647573,-31.79527689338,
    16.541003013987));
#9350 = CARTESIAN_POINT('',(15.217627649488,-29.92360407338,
    16.711748126331));
#9351 = CARTESIAN_POINT('',(13.627702743397,-29.00044000342,
    16.880384922723));
#9352 = CARTESIAN_POINT('',(10.488358683203,-29.003896354,
    17.213466504598));
#9353 = CARTESIAN_POINT('',(8.938049130023,-29.93063094526,
    17.377911311319));
#9354 = CARTESIAN_POINT('',(8.032652992391,-31.75320053737,
    17.540251195659));
#9355 = CARTESIAN_POINT('',(8.350144762672,-33.97009860965,
    17.700536721509));
#9356 = CARTESIAN_POINT('',(10.035418069834,-35.58252141852,
    17.858739015499));
#9357 = CARTESIAN_POINT('',(12.183749171748,-35.81448901065,
    18.014974679926));
#9358 = CARTESIAN_POINT('',(13.88450723688,-34.92215354408,
    18.169258833618));
#9359 = CARTESIAN_POINT('',(14.724048380842,-33.47740156586,
    18.321679227424));
#9360 = CARTESIAN_POINT('',(14.722703803458,-32.0501157251,
    18.472329581417));
#9361 = CARTESIAN_POINT('',(14.721291435897,-30.62282449975,
    18.622940708341));
#9362 = CARTESIAN_POINT('',(13.878771109184,-29.21202908501,
    18.771730168812));
#9363 = CARTESIAN_POINT('',(12.220429655736,-28.38636755783,
    18.918789698755));
#9364 = CARTESIAN_POINT('',(10.199569777138,-28.67100094353,
    19.06419609657));
#9365 = CARTESIAN_POINT('',(8.720661690654,-30.20420694595,
    19.208046746889));
#9366 = CARTESIAN_POINT('',(8.497531651428,-32.1743070876,
    19.350480482353));
#9367 = CARTESIAN_POINT('',(9.314287593054,-33.74399479282,
    19.491594272662));
#9368 = CARTESIAN_POINT('',(10.647873207724,-34.52280224046,
    19.631539070483));
#9369 = CARTESIAN_POINT('',(13.29473560678,-34.52109311055,
    19.909359245255));
#9370 = CARTESIAN_POINT('',(14.608731138037,-33.7405200804,
    20.047239609735));
#9371 = CARTESIAN_POINT('',(15.38709533525,-32.19511321723,
    20.184214021689));
#9372 = CARTESIAN_POINT('',(15.133647592966,-30.29850354012,
    20.320481266972));
#9373 = CARTESIAN_POINT('',(13.700435916688,-28.88349100201,
    20.456107624065));
#9374 = CARTESIAN_POINT('',(11.821157500487,-28.65313401623,
    20.591344456332));
#9375 = CARTESIAN_POINT('',(10.307789895992,-29.42765906305,
    20.726301433664));
#9376 = CARTESIAN_POINT('',(9.549996854322,-30.71425946909,
    20.861139317464));
#9377 = CARTESIAN_POINT('',(9.549985580197,-32.00042021458,
    20.996039570747));
#9378 = CARTESIAN_POINT('',(9.549973737645,-33.28658923205,
    21.130861766148));
#9379 = CARTESIAN_POINT('',(10.307741023607,-34.57348177517,
    21.265661506738));
#9380 = CARTESIAN_POINT('',(11.821465083822,-35.34858213671,
    21.400621420418));
#9381 = CARTESIAN_POINT('',(13.701827175604,-35.11870287743,
    21.53590314112));
#9382 = CARTESIAN_POINT('',(15.136859822231,-33.70303980593,
    21.671616007934));
#9383 = CARTESIAN_POINT('',(15.39116056972,-31.80426564445,
    21.808011179186));
#9384 = CARTESIAN_POINT('',(14.612027109748,-30.2566352708,
    21.94515342822));
#9385 = CARTESIAN_POINT('',(13.296132692477,-29.47476154516,
    22.083239891376));
#9386 = CARTESIAN_POINT('',(10.644956961539,-29.4730071741,
    22.361544065464));
#9387 = CARTESIAN_POINT('',(9.308955316639,-30.25306857438,
    22.501766721823));
#9388 = CARTESIAN_POINT('',(8.490420122929,-31.82562291648,
    22.64319213823));
#9389 = CARTESIAN_POINT('',(8.71360392886,-33.79983200994,
    22.785967704994));
#9390 = CARTESIAN_POINT('',(10.195593753466,-35.33680558648,
    22.930188296691));
#9391 = CARTESIAN_POINT('',(12.221275966792,-35.62227959115,
    23.075987622753));
#9392 = CARTESIAN_POINT('',(13.883673914575,-34.79463093955,
    23.223459775445));
#9393 = CARTESIAN_POINT('',(14.728255761492,-33.38032786674,
    23.372677092737));
#9394 = CARTESIAN_POINT('',(14.729611565882,-31.94946581833,
    23.523726558397));
#9395 = ORIENTED_EDGE('',*,*,#9396,.F.);
#9396 = EDGE_CURVE('',#9323,#9323,#9397,.T.);
#9397 = ( BOUNDED_CURVE() B_SPLINE_CURVE(6,(#9398,#9399,#9400,#9401,
#9402,#9403,#9404),.UNSPECIFIED.,.T.,.F.) B_SPLINE_CURVE_WITH_KNOTS((1,6
    ,6,1),(-6.28318530718,0.,6.28318530718,12.566370614359),
.UNSPECIFIED.) CURVE() GEOMETRIC_REPRESENTATION_ITEM() 
RATIONAL_B_SPLINE_CURVE((1.669078461068,1.03672962321,1.038346699848,
    0.853534330196,1.038346699848,1.03672962321,1.669078461068)) 
REPRESENTATION_ITEM('') );
#9398 = CARTESIAN_POINT('',(14.729611565882,-31.94946581833,
    23.523726558397));
#9399 = CARTESIAN_POINT('',(13.938262726908,-32.09248624691,
    23.957813650046));
#9400 = CARTESIAN_POINT('',(14.380164569751,-32.21684645787,
    24.998667906285));
#9401 = CARTESIAN_POINT('',(15.743329419494,-32.13892437389,
    25.309331377339));
#9402 = CARTESIAN_POINT('',(16.190110698154,-31.88973500179,
    24.005838685813));
#9403 = CARTESIAN_POINT('',(15.520960404856,-31.80644538976,
    23.089639466747));
#9404 = CARTESIAN_POINT('',(14.729611565882,-31.94946581833,
    23.523726558397));
#9405 = ORIENTED_EDGE('',*,*,#9320,.F.);
#9406 = ORIENTED_EDGE('',*,*,#9407,.T.);
#9407 = EDGE_CURVE('',#9321,#9321,#9408,.T.);
#9408 = ( BOUNDED_CURVE() B_SPLINE_CURVE(6,(#9409,#9410,#9411,#9412,
#9413,#9414,#9415),.UNSPECIFIED.,.T.,.F.) B_SPLINE_CURVE_WITH_KNOTS((1,6
    ,6,1),(-6.28318530718,0.,6.28318530718,12.566370614359),
.UNSPECIFIED.) CURVE() GEOMETRIC_REPRESENTATION_ITEM() 
RATIONAL_B_SPLINE_CURVE((1.669078461068,1.03672962321,1.038346699848,
    0.853534330196,1.038346699848,1.03672962321,1.669078461068)) 
REPRESENTATION_ITEM('') );
#9409 = CARTESIAN_POINT('',(15.55,-32.,12.));
#9410 = CARTESIAN_POINT('',(15.55,-32.,11.086151308436));
#9411 = CARTESIAN_POINT('',(14.419998495199,-32.,10.954938189215));
#9412 = CARTESIAN_POINT('',(13.487985693445,-32.,12.));
#9413 = CARTESIAN_POINT('',(14.419998495199,-32.,13.045061810785));
#9414 = CARTESIAN_POINT('',(15.55,-32.,12.913848691564));
#9415 = CARTESIAN_POINT('',(15.55,-32.,12.));
#9416 = ( BOUNDED_SURFACE() B_SPLINE_SURFACE(6,9,(
    (#9417,#9418,#9419,#9420,#9421,#9422,#9423,#9424,#9425,#9426,#9427
      ,#9428,#9429,#9430,#9431,#9432,#9433,#9434,#9435,#9436,#9437,#9438
      ,#9439,#9440,#9441,#9442,#9443,#9444,#9445,#9446,#9447,#9448,#9449
      ,#9450,#9451,#9452,#9453,#9454,#9455,#9456,#9457,#9458,#9459,#9460
      ,#9461,#9462,#9463,#9464,#9465,#9466,#9467,#9468,#9469,#9470,#9471
      ,#9472,#9473,#9474,#9475,#9476,#9477,#9478,#9479,#9480,#9481,#9482
      ,#9483,#9484,#9485)
    ,(#9486,#9487,#9488,#9489,#9490,#9491,#9492,#9493,#9494,#9495,#9496
      ,#9497,#9498,#9499,#9500,#9501,#9502,#9503,#9504,#9505,#9506,#9507
      ,#9508,#9509,#9510,#9511,#9512,#9513,#9514,#9515,#9516,#9517,#9518
      ,#9519,#9520,#9521,#9522,#9523,#9524,#9525,#9526,#9527,#9528,#9529
      ,#9530,#9531,#9532,#9533,#9534,#9535,#9536,#9537,#9538,#9539,#9540
      ,#9541,#9542,#9543,#9544,#9545,#9546,#9547,#9548,#9549,#9550,#9551
      ,#9552,#9553,#9554)
    ,(#9555,#9556,#9557,#9558,#9559,#9560,#9561,#9562,#9563,#9564,#9565
      ,#9566,#9567,#9568,#9569,#9570,#9571,#9572,#9573,#9574,#9575,#9576
      ,#9577,#9578,#9579,#9580,#9581,#9582,#9583,#9584,#9585,#9586,#9587
      ,#9588,#9589,#9590,#9591,#9592,#9593,#9594,#9595,#9596,#9597,#9598
      ,#9599,#9600,#9601,#9602,#9603,#9604,#9605,#9606,#9607,#9608,#9609
      ,#9610,#9611,#9612,#9613,#9614,#9615,#9616,#9617,#9618,#9619,#9620
      ,#9621,#9622,#9623)
    ,(#9624,#9625,#9626,#9627,#9628,#9629,#9630,#9631,#9632,#9633,#9634
      ,#9635,#9636,#9637,#9638,#9639,#9640,#9641,#9642,#9643,#9644,#9645
      ,#9646,#9647,#9648,#9649,#9650,#9651,#9652,#9653,#9654,#9655,#9656
      ,#9657,#9658,#9659,#9660,#9661,#9662,#9663,#9664,#9665,#9666,#9667
      ,#9668,#9669,#9670,#9671,#9672,#9673,#9674,#9675,#9676,#9677,#9678
      ,#9679,#9680,#9681,#9682,#9683,#9684,#9685,#9686,#9687,#9688,#9689
      ,#9690,#9691,#9692)
    ,(#9693,#9694,#9695,#9696,#9697,#9698,#9699,#9700,#9701,#9702,#9703
      ,#9704,#9705,#9706,#9707,#9708,#9709,#9710,#9711,#9712,#9713,#9714
      ,#9715,#9716,#9717,#9718,#9719,#9720,#9721,#9722,#9723,#9724,#9725
      ,#9726,#9727,#9728,#9729,#9730,#9731,#9732,#9733,#9734,#9735,#9736
      ,#9737,#9738,#9739,#9740,#9741,#9742,#9743,#9744,#9745,#9746,#9747
      ,#9748,#9749,#9750,#9751,#9752,#9753,#9754,#9755,#9756,#9757,#9758
      ,#9759,#9760,#9761)
    ,(#9762,#9763,#9764,#9765,#9766,#9767,#9768,#9769,#9770,#9771,#9772
      ,#9773,#9774,#9775,#9776,#9777,#9778,#9779,#9780,#9781,#9782,#9783
      ,#9784,#9785,#9786,#9787,#9788,#9789,#9790,#9791,#9792,#9793,#9794
      ,#9795,#9796,#9797,#9798,#9799,#9800,#9801,#9802,#9803,#9804,#9805
      ,#9806,#9807,#9808,#9809,#9810,#9811,#9812,#9813,#9814,#9815,#9816
      ,#9817,#9818,#9819,#9820,#9821,#9822,#9823,#9824,#9825,#9826,#9827
      ,#9828,#9829,#9830)
    ,(#9831,#9832,#9833,#9834,#9835,#9836,#9837,#9838,#9839,#9840,#9841
      ,#9842,#9843,#9844,#9845,#9846,#9847,#9848,#9849,#9850,#9851,#9852
      ,#9853,#9854,#9855,#9856,#9857,#9858,#9859,#9860,#9861,#9862,#9863
      ,#9864,#9865,#9866,#9867,#9868,#9869,#9870,#9871,#9872,#9873,#9874
      ,#9875,#9876,#9877,#9878,#9879,#9880,#9881,#9882,#9883,#9884,#9885
      ,#9886,#9887,#9888,#9889,#9890,#9891,#9892,#9893,#9894,#9895,#9896
      ,#9897,#9898,#9899
)),.UNSPECIFIED.,.T.,.F.,.F.) B_SPLINE_SURFACE_WITH_KNOTS((1,6,6,1),(10,
    8,9,8,9,8,9,8,10),(-6.28318530718,0.,6.28318530718,12.566370614359),
  (0.,4.945362464213,9.890724928427,14.83608739264,19.781449856854,
    24.726812321067,29.672174785281,34.617537249494,39.562899713707),
.UNSPECIFIED.) GEOMETRIC_REPRESENTATION_ITEM() RATIONAL_B_SPLINE_SURFACE
((
    (1.669078461068,1.669078461068,1.669078461068,1.669078461068
      ,1.669078461068,1.669078461068,1.669078461068,1.669078461068
      ,1.669078461068,1.669078461068,1.669078461068,1.669078461068
      ,1.669078461068,1.669078461068,1.669078461068,1.669078461068
      ,1.669078461068,1.669078461068,1.669078461068,1.669078461068
      ,1.669078461068,1.669078461069,1.669078461068,1.669078461068
      ,1.669078461068,1.669078461068,1.669078461068,1.669078461068
      ,1.669078461068,1.669078461069,1.669078461068,1.669078461069
      ,1.669078461068,1.669078461068,1.669078461068,1.669078461068
      ,1.669078461068,1.669078461068,1.669078461068,1.669078461068
      ,1.669078461068,1.669078461068,1.669078461068,1.669078461068
      ,1.669078461068,1.669078461068,1.669078461069,1.669078461068
      ,1.669078461069,1.669078461068,1.669078461068,1.669078461068
      ,1.669078461068,1.669078461068,1.669078461068,1.669078461068
      ,1.669078461068,1.669078461068,1.669078461068,1.669078461068
      ,1.669078461068,1.669078461068,1.669078461068,1.669078461069
      ,1.669078461068,1.669078461068,1.669078461068,1.669078461068
      ,1.669078461068)
    ,(1.03672962321,1.03672962321,1.03672962321,1.03672962321
      ,1.03672962321,1.03672962321,1.03672962321,1.03672962321
      ,1.03672962321,1.03672962321,1.03672962321,1.03672962321
      ,1.03672962321,1.03672962321,1.03672962321,1.03672962321
      ,1.03672962321,1.03672962321,1.03672962321,1.03672962321
      ,1.036729623209,1.03672962321,1.036729623209,1.03672962321
      ,1.03672962321,1.03672962321,1.03672962321,1.03672962321
      ,1.036729623209,1.03672962321,1.036729623209,1.03672962321
      ,1.03672962321,1.03672962321,1.03672962321,1.03672962321
      ,1.03672962321,1.03672962321,1.03672962321,1.03672962321
      ,1.03672962321,1.03672962321,1.03672962321,1.03672962321
      ,1.03672962321,1.036729623209,1.03672962321,1.036729623209
      ,1.03672962321,1.03672962321,1.03672962321,1.03672962321
      ,1.03672962321,1.03672962321,1.03672962321,1.03672962321
      ,1.03672962321,1.03672962321,1.03672962321,1.03672962321
      ,1.03672962321,1.03672962321,1.036729623209,1.03672962321
      ,1.036729623209,1.03672962321,1.03672962321,1.03672962321
      ,1.03672962321)
    ,(1.038346699848,1.038346699848,1.038346699848,1.038346699847
      ,1.038346699848,1.038346699847,1.038346699848,1.038346699847
      ,1.038346699848,1.038346699848,1.038346699848,1.038346699848
      ,1.038346699847,1.038346699848,1.038346699847,1.038346699848
      ,1.038346699848,1.038346699848,1.038346699847,1.038346699848
      ,1.038346699847,1.038346699848,1.038346699847,1.038346699848
      ,1.038346699847,1.038346699848,1.038346699847,1.038346699848
      ,1.038346699847,1.038346699848,1.038346699847,1.038346699848
      ,1.038346699847,1.038346699848,1.038346699848,1.038346699848
      ,1.038346699848,1.038346699847,1.038346699848,1.038346699847
      ,1.038346699848,1.038346699847,1.038346699848,1.038346699847
      ,1.038346699848,1.038346699847,1.038346699848,1.038346699847
      ,1.038346699848,1.038346699847,1.038346699848,1.038346699848
      ,1.038346699847,1.038346699848,1.038346699847,1.038346699848
      ,1.038346699847,1.038346699848,1.038346699847,1.038346699848
      ,1.038346699847,1.038346699848,1.038346699847,1.038346699848
      ,1.038346699847,1.038346699848,1.038346699847,1.038346699848
      ,1.038346699848)
    ,(0.853534330196,0.853534330196,0.853534330196,0.853534330196
      ,0.853534330196,0.853534330196,0.853534330196,0.853534330196
      ,0.853534330196,0.853534330196,0.853534330196,0.853534330196
      ,0.853534330196,0.853534330196,0.853534330196,0.853534330196
      ,0.853534330196,0.853534330196,0.853534330196,0.853534330196
      ,0.853534330196,0.853534330196,0.853534330196,0.853534330196
      ,0.853534330196,0.853534330196,0.853534330196,0.853534330196
      ,0.853534330196,0.853534330196,0.853534330196,0.853534330196
      ,0.853534330196,0.853534330196,0.853534330196,0.853534330196
      ,0.853534330196,0.853534330196,0.853534330196,0.853534330196
      ,0.853534330196,0.853534330196,0.853534330196,0.853534330196
      ,0.853534330196,0.853534330196,0.853534330196,0.853534330196
      ,0.853534330196,0.853534330196,0.853534330196,0.853534330196
      ,0.853534330196,0.853534330196,0.853534330196,0.853534330196
      ,0.853534330196,0.853534330196,0.853534330196,0.853534330196
      ,0.853534330196,0.853534330196,0.853534330196,0.853534330196
      ,0.853534330196,0.853534330196,0.853534330196,0.853534330196
      ,0.853534330196)
    ,(1.038346699848,1.038346699847,1.038346699848,1.038346699847
      ,1.038346699848,1.038346699847,1.038346699848,1.038346699847
      ,1.038346699848,1.038346699847,1.038346699848,1.038346699848
      ,1.038346699847,1.038346699848,1.038346699847,1.038346699848
      ,1.038346699848,1.038346699848,1.038346699847,1.038346699848
      ,1.038346699847,1.038346699848,1.038346699847,1.038346699848
      ,1.038346699847,1.038346699848,1.038346699847,1.038346699848
      ,1.038346699847,1.038346699848,1.038346699847,1.038346699848
      ,1.038346699847,1.038346699848,1.038346699848,1.038346699848
      ,1.038346699848,1.038346699847,1.038346699848,1.038346699847
      ,1.038346699848,1.038346699847,1.038346699848,1.038346699847
      ,1.038346699848,1.038346699847,1.038346699848,1.038346699847
      ,1.038346699848,1.038346699847,1.038346699848,1.038346699848
      ,1.038346699848,1.038346699848,1.038346699847,1.038346699848
      ,1.038346699847,1.038346699848,1.038346699847,1.038346699848
      ,1.038346699847,1.038346699848,1.038346699847,1.038346699848
      ,1.038346699847,1.038346699848,1.038346699847,1.038346699848
      ,1.038346699848)
    ,(1.03672962321,1.03672962321,1.03672962321,1.03672962321
      ,1.03672962321,1.036729623209,1.03672962321,1.03672962321
      ,1.03672962321,1.03672962321,1.03672962321,1.03672962321
      ,1.03672962321,1.03672962321,1.03672962321,1.03672962321
      ,1.03672962321,1.03672962321,1.03672962321,1.03672962321
      ,1.03672962321,1.03672962321,1.036729623209,1.03672962321
      ,1.03672962321,1.03672962321,1.03672962321,1.03672962321
      ,1.036729623209,1.03672962321,1.036729623209,1.03672962321
      ,1.03672962321,1.03672962321,1.03672962321,1.03672962321
      ,1.03672962321,1.03672962321,1.03672962321,1.03672962321
      ,1.03672962321,1.03672962321,1.03672962321,1.03672962321
      ,1.03672962321,1.036729623209,1.03672962321,1.036729623209
      ,1.03672962321,1.03672962321,1.03672962321,1.03672962321
      ,1.03672962321,1.03672962321,1.03672962321,1.03672962321
      ,1.03672962321,1.03672962321,1.03672962321,1.03672962321
      ,1.03672962321,1.03672962321,1.036729623209,1.03672962321
      ,1.036729623209,1.03672962321,1.03672962321,1.03672962321
      ,1.03672962321)
    ,(1.669078461068,1.669078461068,1.669078461068,1.669078461068
      ,1.669078461068,1.669078461068,1.669078461068,1.669078461068
      ,1.669078461068,1.669078461068,1.669078461068,1.669078461068
      ,1.669078461068,1.669078461068,1.669078461068,1.669078461068
      ,1.669078461068,1.669078461068,1.669078461068,1.669078461068
      ,1.669078461068,1.669078461069,1.669078461068,1.669078461068
      ,1.669078461068,1.669078461068,1.669078461068,1.669078461068
      ,1.669078461068,1.669078461069,1.669078461068,1.669078461069
      ,1.669078461068,1.669078461068,1.669078461068,1.669078461068
      ,1.669078461068,1.669078461068,1.669078461068,1.669078461068
      ,1.669078461068,1.669078461068,1.669078461068,1.669078461068
      ,1.669078461068,1.669078461068,1.669078461069,1.669078461068
      ,1.669078461069,1.669078461068,1.669078461068,1.669078461068
      ,1.669078461068,1.669078461068,1.669078461068,1.669078461068
      ,1.669078461068,1.669078461068,1.669078461068,1.669078461068
      ,1.669078461068,1.669078461068,1.669078461068,1.669078461069
      ,1.669078461068,1.669078461068,1.669078461068,1.669078461068
,1.669078461068))) REPRESENTATION_ITEM('') SURFACE() );
#9417 = CARTESIAN_POINT('',(15.55,-32.,12.));
#9418 = CARTESIAN_POINT('',(15.549999999998,-30.14456890642,
    12.198511972322));
#9419 = CARTESIAN_POINT('',(14.456520051671,-28.2887838567,
    12.397061516014));
#9420 = CARTESIAN_POINT('',(12.273283775793,-27.17410577741,
    12.595466001413));
#9421 = CARTESIAN_POINT('',(9.567091839291,-27.51770321492,
    12.79356382933));
#9422 = CARTESIAN_POINT('',(7.535654122756,-29.5684875285,
    12.991245305201));
#9423 = CARTESIAN_POINT('',(7.215383810753,-32.2564391434,
    13.188259162052));
#9424 = CARTESIAN_POINT('',(8.32636775464,-34.40677634535,
    13.384540087957));
#9425 = CARTESIAN_POINT('',(10.153868319774,-35.47675937744,
    13.579890510855));
#9426 = CARTESIAN_POINT('',(13.787947000003,-35.47502661696,
    13.968486304543));
#9427 = CARTESIAN_POINT('',(15.595588032587,-34.40325358394,
    14.161726708952));
#9428 = CARTESIAN_POINT('',(16.66765564954,-32.27753333676,
    14.353776949763));
#9429 = CARTESIAN_POINT('',(16.316651725488,-29.66408742935,
    14.544488593511));
#9430 = CARTESIAN_POINT('',(14.331593178109,-27.73311920676,
    14.733766609043));
#9431 = CARTESIAN_POINT('',(11.768931216413,-27.44443072845,
    14.92147574763));
#9432 = CARTESIAN_POINT('',(9.732536324451,-28.50720734096,
    15.107521394756));
#9433 = CARTESIAN_POINT('',(8.724800278634,-30.23715190687,
    15.29183017293));
#9434 = CARTESIAN_POINT('',(8.726150504928,-31.94967372717,
    15.474313946993));
#9435 = CARTESIAN_POINT('',(8.727568806189,-33.66219263759,
    15.656836716017));
#9436 = CARTESIAN_POINT('',(9.738297326501,-35.35803056527,
    15.837567894588));
#9437 = CARTESIAN_POINT('',(11.732096607618,-36.35383686486,
    16.016416207029));
#9438 = CARTESIAN_POINT('',(14.166736965805,-36.01222520125,
    16.193296496397));
#9439 = CARTESIAN_POINT('',(15.944472683019,-34.16079290344,
    16.368196400913));
#9440 = CARTESIAN_POINT('',(16.200656647573,-31.79527689338,
    16.541003013987));
#9441 = CARTESIAN_POINT('',(15.217627649488,-29.92360407338,
    16.711748126331));
#9442 = CARTESIAN_POINT('',(13.627702743397,-29.00044000342,
    16.880384922723));
#9443 = CARTESIAN_POINT('',(10.488358683203,-29.003896354,
    17.213466504598));
#9444 = CARTESIAN_POINT('',(8.938049130023,-29.93063094526,
    17.377911311319));
#9445 = CARTESIAN_POINT('',(8.032652992391,-31.75320053737,
    17.540251195659));
#9446 = CARTESIAN_POINT('',(8.350144762672,-33.97009860965,
    17.700536721509));
#9447 = CARTESIAN_POINT('',(10.035418069834,-35.58252141852,
    17.858739015499));
#9448 = CARTESIAN_POINT('',(12.183749171748,-35.81448901065,
    18.014974679926));
#9449 = CARTESIAN_POINT('',(13.88450723688,-34.92215354408,
    18.169258833618));
#9450 = CARTESIAN_POINT('',(14.724048380842,-33.47740156586,
    18.321679227424));
#9451 = CARTESIAN_POINT('',(14.722703803458,-32.0501157251,
    18.472329581417));
#9452 = CARTESIAN_POINT('',(14.721291435897,-30.62282449975,
    18.622940708341));
#9453 = CARTESIAN_POINT('',(13.878771109184,-29.21202908501,
    18.771730168812));
#9454 = CARTESIAN_POINT('',(12.220429655736,-28.38636755783,
    18.918789698755));
#9455 = CARTESIAN_POINT('',(10.199569777138,-28.67100094353,
    19.06419609657));
#9456 = CARTESIAN_POINT('',(8.720661690654,-30.20420694595,
    19.208046746889));
#9457 = CARTESIAN_POINT('',(8.497531651428,-32.1743070876,
    19.350480482353));
#9458 = CARTESIAN_POINT('',(9.314287593054,-33.74399479282,
    19.491594272662));
#9459 = CARTESIAN_POINT('',(10.647873207724,-34.52280224046,
    19.631539070483));
#9460 = CARTESIAN_POINT('',(13.29473560678,-34.52109311055,
    19.909359245255));
#9461 = CARTESIAN_POINT('',(14.608731138037,-33.7405200804,
    20.047239609735));
#9462 = CARTESIAN_POINT('',(15.38709533525,-32.19511321723,
    20.184214021689));
#9463 = CARTESIAN_POINT('',(15.133647592966,-30.29850354012,
    20.320481266972));
#9464 = CARTESIAN_POINT('',(13.700435916688,-28.88349100201,
    20.456107624065));
#9465 = CARTESIAN_POINT('',(11.821157500487,-28.65313401623,
    20.591344456332));
#9466 = CARTESIAN_POINT('',(10.307789895992,-29.42765906305,
    20.726301433664));
#9467 = CARTESIAN_POINT('',(9.549996854322,-30.71425946909,
    20.861139317464));
#9468 = CARTESIAN_POINT('',(9.549985580197,-32.00042021458,
    20.996039570747));
#9469 = CARTESIAN_POINT('',(9.549973737645,-33.28658923205,
    21.130861766148));
#9470 = CARTESIAN_POINT('',(10.307741023607,-34.57348177517,
    21.265661506738));
#9471 = CARTESIAN_POINT('',(11.821465083822,-35.34858213671,
    21.400621420418));
#9472 = CARTESIAN_POINT('',(13.701827175604,-35.11870287743,
    21.53590314112));
#9473 = CARTESIAN_POINT('',(15.136859822231,-33.70303980593,
    21.671616007934));
#9474 = CARTESIAN_POINT('',(15.39116056972,-31.80426564445,
    21.808011179186));
#9475 = CARTESIAN_POINT('',(14.612027109748,-30.2566352708,
    21.94515342822));
#9476 = CARTESIAN_POINT('',(13.296132692477,-29.47476154516,
    22.083239891376));
#9477 = CARTESIAN_POINT('',(10.644956961539,-29.4730071741,
    22.361544065464));
#9478 = CARTESIAN_POINT('',(9.308955316639,-30.25306857438,
    22.501766721823));
#9479 = CARTESIAN_POINT('',(8.490420122929,-31.82562291648,
    22.64319213823));
#9480 = CARTESIAN_POINT('',(8.71360392886,-33.79983200994,
    22.785967704994));
#9481 = CARTESIAN_POINT('',(10.195593753466,-35.33680558648,
    22.930188296691));
#9482 = CARTESIAN_POINT('',(12.221275966792,-35.62227959115,
    23.075987622753));
#9483 = CARTESIAN_POINT('',(13.883673914575,-34.79463093955,
    23.223459775445));
#9484 = CARTESIAN_POINT('',(14.728255761492,-33.38032786674,
    23.372677092737));
#9485 = CARTESIAN_POINT('',(14.729611565882,-31.94946581833,
    23.523726558397));
#9486 = CARTESIAN_POINT('',(15.55,-32.,11.086151308436));
#9487 = CARTESIAN_POINT('',(15.602912347097,-30.14457007586,
    11.284663280757));
#9488 = CARTESIAN_POINT('',(14.562527464516,-28.22663977307,
    11.486660779879));
#9489 = CARTESIAN_POINT('',(12.368958844402,-26.98895789699,
    11.691966835902));
#9490 = CARTESIAN_POINT('',(9.531370810402,-27.2087763581,
    11.900416676839));
#9491 = CARTESIAN_POINT('',(7.246976905054,-29.28003661829,
    12.111838970017));
#9492 = CARTESIAN_POINT('',(6.76299513066,-32.19517086016,
    12.325939372947));
#9493 = CARTESIAN_POINT('',(7.89980822215,-34.61783631706,
    12.542544349804));
#9494 = CARTESIAN_POINT('',(9.905216687496,-35.87966032901,
    12.761351091522));
#9495 = CARTESIAN_POINT('',(14.010760444824,-35.98327738203,
    13.202850019724));
#9496 = CARTESIAN_POINT('',(16.112123135208,-34.82520560268,
    13.425532488119));
#9497 = CARTESIAN_POINT('',(17.439111151217,-32.41734704801,
    13.649904274082));
#9498 = CARTESIAN_POINT('',(17.158757236638,-29.34591249793,
    13.875586808708));
#9499 = CARTESIAN_POINT('',(14.899126778658,-26.94197473773,
    14.102435620749));
#9500 = CARTESIAN_POINT('',(11.814309176988,-26.47370433295,
    14.329984836278));
#9501 = CARTESIAN_POINT('',(9.288027075949,-27.68922074946,
    14.558002413048));
#9502 = CARTESIAN_POINT('',(7.988198249057,-29.78114527127,
    14.786190298833));
#9503 = CARTESIAN_POINT('',(7.938057450655,-31.90153169844,
    15.014193186812));
#9504 = CARTESIAN_POINT('',(7.887920149424,-34.02190217042,
    15.242347043268));
#9505 = CARTESIAN_POINT('',(9.087527922124,-36.17122547551,
    15.470479372934));
#9506 = CARTESIAN_POINT('',(11.551077327974,-37.50143474978,
    15.698242542584));
#9507 = CARTESIAN_POINT('',(14.647857752011,-37.17692933397,
    15.925312175893));
#9508 = CARTESIAN_POINT('',(17.007215087717,-34.88783893154,
    16.151497514141));
#9509 = CARTESIAN_POINT('',(17.429291634782,-31.84765504677,
    16.376294207362));
#9510 = CARTESIAN_POINT('',(16.225027345772,-29.39265282501,
    16.599593756047));
#9511 = CARTESIAN_POINT('',(14.194181102234,-28.14189231412,
    16.821010327493));
#9512 = CARTESIAN_POINT('',(10.114402047277,-28.04496274619,
    17.259618196365));
#9513 = CARTESIAN_POINT('',(8.064250975393,-29.1988794115,
    17.476800032805));
#9514 = CARTESIAN_POINT('',(6.820019053803,-31.54406785394,
    17.691604354271));
#9515 = CARTESIAN_POINT('',(7.157088601661,-34.45300010954,
    17.903757967344));
#9516 = CARTESIAN_POINT('',(9.312783625724,-36.61232266187,
    18.113064031688));
#9517 = CARTESIAN_POINT('',(12.102830843768,-36.97313375439,
    18.319290687295));
#9518 = CARTESIAN_POINT('',(14.332102936392,-35.86528818883,
    18.52223957973));
#9519 = CARTESIAN_POINT('',(15.459931146234,-34.02778332845,
    18.721787534773));
#9520 = CARTESIAN_POINT('',(15.507499748849,-32.19434040169,
    18.917766443199));
#9521 = CARTESIAN_POINT('',(15.554935170701,-30.36090276834,
    19.113817876046));
#9522 = CARTESIAN_POINT('',(14.521628829411,-28.53095819525,
    19.306361270733));
#9523 = CARTESIAN_POINT('',(12.436232983202,-27.43596726763,
    19.495232445496));
#9524 = CARTESIAN_POINT('',(9.878076575138,-27.75376222049,
    19.680260984059));
#9525 = CARTESIAN_POINT('',(8.017430363913,-29.64669393543,
    19.861447206417));
#9526 = CARTESIAN_POINT('',(7.71915084516,-32.05225167635,
    20.038563302941));
#9527 = CARTESIAN_POINT('',(8.671090204303,-33.96082158904,
    20.211689124956));
#9528 = CARTESIAN_POINT('',(10.236132375017,-34.92444285976,
    20.380736225419));
#9529 = CARTESIAN_POINT('',(13.348030236864,-35.01817835834,
    20.710738067154));
#9530 = CARTESIAN_POINT('',(14.89576668369,-34.14810136399,
    20.871693105112));
#9531 = CARTESIAN_POINT('',(15.815925847873,-32.39472192377,
    21.028589400037));
#9532 = CARTESIAN_POINT('',(15.54599462181,-30.2577568664,21.18154050802
    ));
#9533 = CARTESIAN_POINT('',(13.974407219887,-28.7154767266,
    21.330480522264));
#9534 = CARTESIAN_POINT('',(11.987575772056,-28.46281447546,
    21.475664339117));
#9535 = CARTESIAN_POINT('',(10.407394353519,-29.23987894859,
    21.617107527972));
#9536 = CARTESIAN_POINT('',(9.604215022385,-30.52590287858,
    21.754997651462));
#9537 = CARTESIAN_POINT('',(9.556566004,-31.80865689544,21.889517583083)
  );
#9538 = CARTESIAN_POINT('',(9.509046111936,-33.09142157011,
    22.023959013686));
#9539 = CARTESIAN_POINT('',(10.217523879353,-34.37193057908,
    22.154927534464));
#9540 = CARTESIAN_POINT('',(11.656367443965,-35.14015983423,
    22.282612311525));
#9541 = CARTESIAN_POINT('',(13.418960862741,-34.93373422465,
    22.407155848255));
#9542 = CARTESIAN_POINT('',(14.708018954064,-33.65313394849,
    22.528768170477));
#9543 = CARTESIAN_POINT('',(14.944924595755,-32.00459693786,
    22.647706859132));
#9544 = CARTESIAN_POINT('',(14.311705723685,-30.67251001529,
    22.764174292202));
#9545 = CARTESIAN_POINT('',(13.235956640793,-29.98376319238,
    22.878461187728));
#9546 = CARTESIAN_POINT('',(11.062125989453,-29.88652091524,
    23.103202431751));
#9547 = CARTESIAN_POINT('',(9.963490620132,-30.47810083976,
    23.213666536678));
#9548 = CARTESIAN_POINT('',(9.283292310719,-31.70481731403,
    23.322464536735));
#9549 = CARTESIAN_POINT('',(9.42965046507,-33.23554711189,
    23.429989743981));
#9550 = CARTESIAN_POINT('',(10.523509383343,-34.40798153825,
    23.53635900651));
#9551 = CARTESIAN_POINT('',(12.005255821178,-34.66040671844,
    23.642077926675));
#9552 = CARTESIAN_POINT('',(13.236072145212,-34.10506861263,
    23.747341414826));
#9553 = CARTESIAN_POINT('',(13.887961433249,-33.11379874635,
    23.85247159263));
#9554 = CARTESIAN_POINT('',(13.938262726908,-32.09248624691,
    23.957813650046));
#9555 = CARTESIAN_POINT('',(14.419998495199,-32.,10.954938189215));
#9556 = CARTESIAN_POINT('',(14.480508154818,-30.72936608882,
    11.088022446428));
#9557 = CARTESIAN_POINT('',(13.792607174963,-29.3870755845,
    11.225010105959));
#9558 = CARTESIAN_POINT('',(12.285519383014,-28.48086420888,
    11.366100232031));
#9559 = CARTESIAN_POINT('',(10.277979603401,-28.56631621777,
    11.511459610361));
#9560 = CARTESIAN_POINT('',(8.570835000103,-29.98772274513,
    11.661133430934));
#9561 = CARTESIAN_POINT('',(8.131523556963,-32.12370027871,
    11.815337406391));
#9562 = CARTESIAN_POINT('',(8.930757259041,-33.9652240857,
    11.974016648341));
#9563 = CARTESIAN_POINT('',(10.435209454896,-34.95798448331,
    12.137259158771));
#9564 = CARTESIAN_POINT('',(13.596600982917,-35.08028801648,
    12.472814688798));
#9565 = CARTESIAN_POINT('',(15.254438655011,-34.21011156321,
    12.64512751171));
#9566 = CARTESIAN_POINT('',(16.356696355514,-32.33140938172,
    12.821988345145));
#9567 = CARTESIAN_POINT('',(16.217806777848,-29.8529161583,
    13.003290540377));
#9568 = CARTESIAN_POINT('',(14.437033734248,-27.78769381845,
    13.189077773471));
#9569 = CARTESIAN_POINT('',(11.831268716824,-27.29741930131,
    13.379114573407));
#9570 = CARTESIAN_POINT('',(9.620918827486,-28.29236886598,
    13.573343555704));
#9571 = CARTESIAN_POINT('',(8.447845823468,-30.11025008826,
    13.771585166288));
#9572 = CARTESIAN_POINT('',(8.387537685283,-31.99801707522,
    13.973626814948));
#9573 = CARTESIAN_POINT('',(8.327083908677,-33.88577221243,
    14.17575539255));
#9574 = CARTESIAN_POINT('',(9.37896796925,-35.8442645708,14.381797503309
    ));
#9575 = CARTESIAN_POINT('',(11.611208556128,-37.11758446865,
    14.591556235673));
#9576 = CARTESIAN_POINT('',(14.512062330733,-36.9080492485,
    14.804847824568));
#9577 = CARTESIAN_POINT('',(16.862604110127,-34.79933399781,
    15.021481294331));
#9578 = CARTESIAN_POINT('',(17.371991986865,-31.81159606707,
    15.24112806246));
#9579 = CARTESIAN_POINT('',(16.214360488353,-29.32055162179,
    15.463594170585));
#9580 = CARTESIAN_POINT('',(14.158595620564,-28.0177159185,
    15.688541293004));
#9581 = CARTESIAN_POINT('',(9.939176577796,-27.89927140232,
    16.142818176229));
#9582 = CARTESIAN_POINT('',(7.774255294744,-29.08350965783,
    16.372137070928));
#9583 = CARTESIAN_POINT('',(6.400270281426,-31.55690826981,
    16.603363975471));
#9584 = CARTESIAN_POINT('',(6.677683001572,-34.72123079303,
    16.836075324431));
#9585 = CARTESIAN_POINT('',(8.998564533564,-37.20691994657,
    17.070109482041));
#9586 = CARTESIAN_POINT('',(12.177988734716,-37.69898577223,
    17.304944989937));
#9587 = CARTESIAN_POINT('',(14.786456804915,-36.45251476368,
    17.540321780268));
#9588 = CARTESIAN_POINT('',(16.132547287099,-34.29869281965,
    17.775906105154));
#9589 = CARTESIAN_POINT('',(16.189901488932,-32.11208343835,
    18.011299708772));
#9590 = CARTESIAN_POINT('',(16.247252399214,-29.92549194656,
    18.246862476328));
#9591 = CARTESIAN_POINT('',(15.015804151661,-27.70567483765,
    18.482417772934));
#9592 = CARTESIAN_POINT('',(12.478633232043,-26.32734610996,
    18.71757619562));
#9593 = CARTESIAN_POINT('',(9.284196944894,-26.65445308761,
    18.951974046102));
#9594 = CARTESIAN_POINT('',(6.847110389837,-29.00963114504,
    19.185397626336));
#9595 = CARTESIAN_POINT('',(6.406637824162,-32.14079736447,
    19.417281244575));
#9596 = CARTESIAN_POINT('',(7.641204815597,-34.67075401502,
    19.64750306542));
#9597 = CARTESIAN_POINT('',(9.727751460209,-35.96253696143,
    19.87563012853));
#9598 = CARTESIAN_POINT('',(13.922857333723,-36.07348817405,
    20.32717882903));
#9599 = CARTESIAN_POINT('',(16.032675020037,-34.89256185201,
    20.55058984246));
#9600 = CARTESIAN_POINT('',(17.315288811449,-32.48670590879,
    20.771350748916));
#9601 = CARTESIAN_POINT('',(16.973877159118,-29.50115603016,
    20.989154451846));
#9602 = CARTESIAN_POINT('',(14.766906634921,-27.28717240811,
    21.203779892522));
#9603 = CARTESIAN_POINT('',(11.91461322331,-26.91524343312,
    21.414966036486));
#9604 = CARTESIAN_POINT('',(9.636525388299,-28.04240156975,
    21.622489619759));
#9605 = CARTESIAN_POINT('',(8.482004786722,-29.91319720819,
    21.826211761173));
#9606 = CARTESIAN_POINT('',(8.427538962252,-31.78025959532,
    22.025942712216));
#9607 = CARTESIAN_POINT('',(8.373222053892,-33.64731598769,
    22.225755472293));
#9608 = CARTESIAN_POINT('',(9.419500173453,-35.51116270066,22.4216460304
    ));
#9609 = CARTESIAN_POINT('',(11.535172907513,-36.62695241521,
    22.613429273677));
#9610 = CARTESIAN_POINT('',(14.12864946467,-36.30684877102,
    22.800912873832));
#9611 = CARTESIAN_POINT('',(16.008521545677,-34.39354774526,
    22.984096671355));
#9612 = CARTESIAN_POINT('',(16.31029068464,-31.97131368879,
    23.162723152303));
#9613 = CARTESIAN_POINT('',(15.357507868198,-30.05212826646,
    23.336881372501));
#9614 = CARTESIAN_POINT('',(13.791620899029,-29.08142714171,
    23.506470460571));
#9615 = CARTESIAN_POINT('',(10.678753991648,-28.97407886626,
    23.836581038983));
#9616 = CARTESIAN_POINT('',(9.130892978629,-29.83764530858,
    23.99710281592));
#9617 = CARTESIAN_POINT('',(8.21099545641,-31.58154472756,
    24.153075439315));
#9618 = CARTESIAN_POINT('',(8.477615148889,-33.70324058509,
    24.304624710969));
#9619 = CARTESIAN_POINT('',(10.031042741369,-35.22618858335,
    24.45167570949));
#9620 = CARTESIAN_POINT('',(11.983914781599,-35.47669201081,
    24.594512722438));
#9621 = CARTESIAN_POINT('',(13.53488639731,-34.71986902582,
    24.733151818624));
#9622 = CARTESIAN_POINT('',(14.325621102294,-33.46685633071,
    24.86780236273));
#9623 = CARTESIAN_POINT('',(14.380164569751,-32.21684645787,
    24.998667906285));
#9624 = CARTESIAN_POINT('',(13.487985693445,-32.,12.));
#9625 = CARTESIAN_POINT('',(13.487985693443,-31.21169792686,
    12.07912019804));
#9626 = CARTESIAN_POINT('',(13.023803124436,-30.42261663797,
    12.158137107972));
#9627 = CARTESIAN_POINT('',(12.095956670291,-29.94503033687,
    12.237552800151));
#9628 = CARTESIAN_POINT('',(10.938854564157,-30.07586851315,
    12.317811529544));
#9629 = CARTESIAN_POINT('',(10.027051727216,-30.93544201386,
    12.399214859453));
#9630 = CARTESIAN_POINT('',(9.831189162032,-32.14207323288,
    12.482453552062));
#9631 = CARTESIAN_POINT('',(10.319394492388,-33.16059719297,
    12.567707157562));
#9632 = CARTESIAN_POINT('',(11.186142164138,-33.68933190873,
    12.655518824612));
#9633 = CARTESIAN_POINT('',(12.973814324807,-33.69409546988,
    12.836929193088));
#9634 = CARTESIAN_POINT('',(13.895158173518,-33.17028167605,
    12.930541547674));
#9635 = CARTESIAN_POINT('',(14.490349036825,-32.08408282861,
    13.027425801142));
#9636 = CARTESIAN_POINT('',(14.378976764383,-30.67262670953,
    13.127990014459));
#9637 = CARTESIAN_POINT('',(13.339672169036,-29.48366476401,
    13.232495439334));
#9638 = CARTESIAN_POINT('',(11.787989380143,-29.20187544054,
    13.341313890407));
#9639 = CARTESIAN_POINT('',(10.45645879305,-29.82214494112,
    13.454705473964));
#9640 = CARTESIAN_POINT('',(9.756556210624,-30.95717643379,
    13.572871913372));
#9641 = CARTESIAN_POINT('',(9.752844280712,-32.1383528082,
    13.696055502451));
#9642 = CARTESIAN_POINT('',(9.74894520472,-33.31953718225,
    13.819131889823));
#9643 = CARTESIAN_POINT('',(10.440621124735,-34.54833181079,
    13.947133568838));
#9644 = CARTESIAN_POINT('',(11.889252026614,-35.35271053293,
    14.080311466962));
#9645 = CARTESIAN_POINT('',(13.792881171656,-35.21641323197,
    14.218899690659));
#9646 = CARTESIAN_POINT('',(15.402140467797,-33.8087977315,
    14.362932223821));
#9647 = CARTESIAN_POINT('',(15.774183895172,-31.7157533353,
    14.512719459934));
#9648 = CARTESIAN_POINT('',(14.934215458183,-29.93114840751,
    14.668174002575));
#9649 = CARTESIAN_POINT('',(13.414344522135,-28.99879119863,
    14.829424552279));
#9650 = CARTESIAN_POINT('',(10.266589046124,-28.98928928676,
    15.163449979805));
#9651 = CARTESIAN_POINT('',(8.637810873026,-29.91183071512,
    15.336224799242));
#9652 = CARTESIAN_POINT('',(7.584420625903,-31.83142615749,
    15.514786296422));
#9653 = CARTESIAN_POINT('',(7.78792172676,-34.33303864147,
    15.698995465267));
#9654 = CARTESIAN_POINT('',(9.651370999519,-36.39771917188,
    15.888931682115));
#9655 = CARTESIAN_POINT('',(12.342097765091,-36.83544084545,
    16.084274393506));
#9656 = CARTESIAN_POINT('',(14.596333232681,-35.74660870512,
    16.284982036147));
#9657 = CARTESIAN_POINT('',(15.758623265609,-33.82754944443,
    16.490813372578));
#9658 = CARTESIAN_POINT('',(15.762319666044,-31.86222601211,
    16.701510755436));
#9659 = CARTESIAN_POINT('',(15.766202429601,-29.89691738269,
    16.912315978094));
#9660 = CARTESIAN_POINT('',(14.612102518317,-27.88450755859,
    17.128129174771));
#9661 = CARTESIAN_POINT('',(12.241258826095,-26.61238096363,
    17.348698152861));
#9662 = CARTESIAN_POINT('',(9.200098763048,-26.90531821247,
    17.573811784267));
#9663 = CARTESIAN_POINT('',(6.769327370791,-29.18777500634,
    17.803202347632));
#9664 = CARTESIAN_POINT('',(6.306414837995,-32.36786385721,
    18.036488175466));
#9665 = CARTESIAN_POINT('',(7.603487348004,-34.98266117396,
    18.273402686926));
#9666 = CARTESIAN_POINT('',(9.828064967615,-36.31187161591,
    18.513530895393));
#9667 = CARTESIAN_POINT('',(14.329710111549,-36.31657021388,
    18.999476392267));
#9668 = CARTESIAN_POINT('',(16.608143160974,-34.99221356468,
    19.24527996937));
#9669 = CARTESIAN_POINT('',(18.010759065071,-32.31066537418,
    19.493574115881));
#9670 = CARTESIAN_POINT('',(17.631193443032,-28.92854264374,
    19.743812346283));
#9671 = CARTESIAN_POINT('',(15.07479727581,-26.32115819715,
    19.995812453199));
#9672 = CARTESIAN_POINT('',(11.644413219237,-25.8790087789,
    20.248883409474));
#9673 = CARTESIAN_POINT('',(8.875019465476,-27.29171553729,
    20.502723719624));
#9674 = CARTESIAN_POINT('',(7.487994341287,-29.64555196129,
    20.756891431855));
#9675 = CARTESIAN_POINT('',(7.488025335186,-31.99884478094,
    21.010887683078));
#9676 = CARTESIAN_POINT('',(7.488057891702,-34.35211486004,
    21.265098524544));
#9677 = CARTESIAN_POINT('',(8.875153821507,-36.70514816497,
    21.519371096874));
#9678 = CARTESIAN_POINT('',(11.64356763642,-38.11627331604,
    21.773203334763));
#9679 = CARTESIAN_POINT('',(15.070972542695,-37.67281057166,
    22.026150887347));
#9680 = CARTESIAN_POINT('',(17.622362648972,-35.06721451755,
    22.277913169045));
#9681 = CARTESIAN_POINT('',(17.999583260308,-31.69104220762,
    22.527799715929));
#9682 = CARTESIAN_POINT('',(16.599082149345,-29.01560670745,
    22.775632458709));
#9683 = CARTESIAN_POINT('',(14.325869359619,-27.69482582224,
    23.020869446452));
#9684 = CARTESIAN_POINT('',(9.836082069347,-27.6996487934,
    23.505484372615));
#9685 = CARTESIAN_POINT('',(7.618146399301,-29.02541197294,
    23.744848715482));
#9686 = CARTESIAN_POINT('',(6.325965261424,-31.63232856968,
    23.980906530325));
#9687 = CARTESIAN_POINT('',(6.788729982966,-34.80112143168,
    24.213252624049));
#9688 = CARTESIAN_POINT('',(9.211029317238,-37.0732207237,
    24.441626175135));
#9689 = CARTESIAN_POINT('',(12.238932217894,-37.36384701279,
    24.665659601057));
#9690 = CARTESIAN_POINT('',(14.598624133115,-36.09718325513,
    24.885094230799));
#9691 = CARTESIAN_POINT('',(15.747056684276,-34.09441639324,
    25.099731199136));
#9692 = CARTESIAN_POINT('',(15.743329419494,-32.13892437389,
    25.309331377339));
#9693 = CARTESIAN_POINT('',(14.419998495199,-32.,13.045061810785));
#9694 = CARTESIAN_POINT('',(14.359488835575,-30.72936341413,
    13.178146067998));
#9695 = CARTESIAN_POINT('',(13.550150628608,-29.5292094173,
    13.307247681233));
#9696 = CARTESIAN_POINT('',(12.0666946227,-28.90432813888,
    13.432552769889));
#9697 = CARTESIAN_POINT('',(10.359679524796,-29.27288320938,
    13.55423537641));
#9698 = CARTESIAN_POINT('',(9.231087706375,-30.64745784861,
    13.672481667346));
#9699 = CARTESIAN_POINT('',(9.166211547569,-32.26383101066,
    13.787605876211));
#9700 = CARTESIAN_POINT('',(9.906369702428,-33.48249490252,
    13.899800640614));
#9701 = CARTESIAN_POINT('',(11.003917004587,-34.0364831409,
    14.009394657052));
#9702 = CARTESIAN_POINT('',(13.086989656093,-33.91783416657,
    14.223951938546));
#9703 = CARTESIAN_POINT('',(14.073037150228,-33.24503726845,
    14.328925874864));
#9704 = CARTESIAN_POINT('',(14.592249591045,-32.01163222037,
    14.431861970393));
#9705 = CARTESIAN_POINT('',(14.291771716512,-30.58063503134,
    14.533179934359));
#9706 = CARTESIAN_POINT('',(13.138990200901,-29.59717251887,
    14.633036520515));
#9707 = CARTESIAN_POINT('',(11.727481789984,-29.5176316713,
    14.731952452559));
#9708 = CARTESIAN_POINT('',(10.63758525036,-30.16323995526,
    14.83018466602));
#9709 = CARTESIAN_POINT('',(10.132576912899,-31.15321294356,
    14.928067475244));
#9710 = CARTESIAN_POINT('',(10.190037293738,-32.10812588467,
    15.025999355946));
#9711 = CARTESIAN_POINT('',(10.247499736291,-33.0630568128,
    15.123762063574));
#9712 = CARTESIAN_POINT('',(10.867385599914,-33.98435285181,15.221389875
    ));
#9713 = CARTESIAN_POINT('',(12.025229690957,-34.49283764843,
    15.31927221093));
#9714 = CARTESIAN_POINT('',(13.411659245013,-34.24417760059,
    15.417772440717));
#9715 = CARTESIAN_POINT('',(14.431935855953,-33.1364590697,
    15.517107612113));
#9716 = CARTESIAN_POINT('',(14.561899864658,-31.69179853751,
    15.61784443858));
#9717 = CARTESIAN_POINT('',(13.910270193096,-30.53492524443,
    15.720109828766));
#9718 = CARTESIAN_POINT('',(12.862965600143,-29.98135697003,
    15.824340846209));
#9719 = CARTESIAN_POINT('',(10.79447746667,-30.09251170971,
    16.03726159774));
#9720 = CARTESIAN_POINT('',(9.772776691486,-30.75714685834,
    16.145962153142));
#9721 = CARTESIAN_POINT('',(9.173765349875,-32.03522942487,
    16.257194182886));
#9722 = CARTESIAN_POINT('',(9.406400443537,-33.61675491959,
    16.371274608245));
#9723 = CARTESIAN_POINT('',(10.65134943695,-34.85159359539,
    16.488425961782));
#9724 = CARTESIAN_POINT('',(12.363062380158,-35.04897295254,
    16.608923776255));
#9725 = CARTESIAN_POINT('',(13.762731156346,-34.29540930682,
    16.732996232595));
#9726 = CARTESIAN_POINT('',(14.449461274227,-33.03987838626,
    16.860792003557));
#9727 = CARTESIAN_POINT('',(14.394942915686,-31.78221766719,
    16.992511680379));
#9728 = CARTESIAN_POINT('',(14.340570824711,-30.52455041527,
    17.124144926933));
#9729 = CARTESIAN_POINT('',(13.545481855685,-29.26339699427,
    17.259627714506));
#9730 = CARTESIAN_POINT('',(11.98505520702,-28.50106930378,
    17.399155966353));
#9731 = CARTESIAN_POINT('',(10.019505253456,-28.7523302738,
    17.542931405185));
#9732 = CARTESIAN_POINT('',(8.455517143623,-30.28475592596,
    17.690962335888));
#9733 = CARTESIAN_POINT('',(8.186923909569,-32.41995834655,
    17.843521638434));
#9734 = CARTESIAN_POINT('',(9.112303989859,-34.17483514711,
    18.000526629993));
#9735 = CARTESIAN_POINT('',(10.669471077856,-35.04391820809,
    18.162091897092));
#9736 = CARTESIAN_POINT('',(13.800963669848,-34.93657171519,
    18.494292465084));
#9737 = CARTESIAN_POINT('',(15.376177090196,-33.96035581351,
    18.664927870756));
#9738 = CARTESIAN_POINT('',(16.334482259601,-32.03016766951,
    18.840124124585));
#9739 = CARTESIAN_POINT('',(16.030771070304,-29.59435043535,
    19.019769064639));
#9740 = CARTESIAN_POINT('',(14.140288795738,-27.67144893993,
    19.20394396185));
#9741 = CARTESIAN_POINT('',(11.533987017157,-27.35053580863,
    19.392379701249));
#9742 = CARTESIAN_POINT('',(9.4087134634,-28.47188585583,19.585068242303
    ));
#9743 = CARTESIAN_POINT('',(8.357998838218,-30.34399999069,
    19.781809404991));
#9744 = CARTESIAN_POINT('',(8.412488440916,-32.21885413158,
    19.982410214794));
#9745 = CARTESIAN_POINT('',(8.466830326312,-34.09369682092,
    20.183093847157));
#9746 = CARTESIAN_POINT('',(9.625841754959,-35.97214373591,
    20.38774704081));
#9747 = CARTESIAN_POINT('',(11.912778609764,-37.10364881113,
    20.596169728931));
#9748 = CARTESIAN_POINT('',(14.775611667186,-36.72990277764,
    20.808213337956));
#9749 = CARTESIAN_POINT('',(16.989351782373,-34.50769072369,
    21.023647421111));
#9750 = CARTESIAN_POINT('',(17.330906415218,-31.51312277342,
    21.242199774871));
#9751 = CARTESIAN_POINT('',(16.044392719998,-29.10095370649,
    21.463644730407));
#9752 = CARTESIAN_POINT('',(13.929253516155,-27.91725589968,
    21.687667379464));
#9753 = CARTESIAN_POINT('',(9.724619190692,-28.02830431278,
    22.140285268337));
#9754 = CARTESIAN_POINT('',(7.633862111692,-29.32295917088,
    22.36886979118));
#9755 = CARTESIAN_POINT('',(6.397565176448,-31.8578471895,
    22.599466730674));
#9756 = CARTESIAN_POINT('',(6.839897884213,-34.99385379666,
    22.831639424755));
#9757 = CARTESIAN_POINT('',(9.281045274376,-37.35056333095,
    23.065262694958));
#9758 = CARTESIAN_POINT('',(12.477988705706,-37.67665490484,
    23.299770248009));
#9759 = CARTESIAN_POINT('',(15.016059120993,-36.2970125085,
    23.534947565027));
#9760 = CARTESIAN_POINT('',(16.247513687735,-34.07645266269,
    23.77043271392));
#9761 = CARTESIAN_POINT('',(16.190110698154,-31.88973500179,
    24.005838685813));
#9762 = CARTESIAN_POINT('',(15.55,-32.,12.913848691564));
#9763 = CARTESIAN_POINT('',(15.497087652899,-30.14456773699,
    13.112360663886));
#9764 = CARTESIAN_POINT('',(14.350512638827,-28.35092794033,
    13.307462252148));
#9765 = CARTESIAN_POINT('',(12.177608707184,-27.35925365784,
    13.498965166922));
#9766 = CARTESIAN_POINT('',(9.60281286818,-27.82663007175,
    13.686710981823));
#9767 = CARTESIAN_POINT('',(7.824331340458,-29.85693843871,
    13.870651640384));
#9768 = CARTESIAN_POINT('',(7.667772490845,-32.31770742663,
    14.050578951159));
#9769 = CARTESIAN_POINT('',(8.752927287129,-34.19571637364,
    14.226535826109));
#9770 = CARTESIAN_POINT('',(10.402519952053,-35.07385842586,
    14.398429930188));
#9771 = CARTESIAN_POINT('',(13.565133555182,-34.96677585189,
    14.734122589362));
#9772 = CARTESIAN_POINT('',(15.079052929966,-33.98130156521,
    14.897920929785));
#9773 = CARTESIAN_POINT('',(15.896200147864,-32.13771962552,
    15.057649625442));
#9774 = CARTESIAN_POINT('',(15.474546214338,-29.98226236077,
    15.213390378314));
#9775 = CARTESIAN_POINT('',(13.764059577561,-28.52426367578,
    15.365097597335));
#9776 = CARTESIAN_POINT('',(11.723553255839,-28.41515712394,
    15.512966658983));
#9777 = CARTESIAN_POINT('',(10.177045572953,-29.32519393247,
    15.657040376462));
#9778 = CARTESIAN_POINT('',(9.46140230821,-30.69315854247,
    15.797470047026));
#9779 = CARTESIAN_POINT('',(9.514243559201,-31.9978157559,
    15.934434707174));
#9780 = CARTESIAN_POINT('',(9.567217462954,-33.30248310476,
    16.071326388766));
#9781 = CARTESIAN_POINT('',(10.389066730878,-34.54483565504,
    16.204656416242));
#9782 = CARTESIAN_POINT('',(11.913115887262,-35.20623897994,
    16.334589871474));
#9783 = CARTESIAN_POINT('',(13.685616179598,-34.84752106853,
    16.461280816901));
#9784 = CARTESIAN_POINT('',(14.881730278321,-33.43374687535,
    16.584895287685));
#9785 = CARTESIAN_POINT('',(14.972021660364,-31.74289873999,
    16.705711820613));
#9786 = CARTESIAN_POINT('',(14.210227953204,-30.45455532175,
    16.823902496616));
#9787 = CARTESIAN_POINT('',(13.06122438456,-29.85898769272,
    16.939759517952));
#9788 = CARTESIAN_POINT('',(10.862315319128,-29.96282996181,
    17.167314812831));
#9789 = CARTESIAN_POINT('',(9.811847284652,-30.66238247903,
    17.279022589834));
#9790 = CARTESIAN_POINT('',(9.245286930979,-31.96233322081,
    17.388898037048));
#9791 = CARTESIAN_POINT('',(9.543200923682,-33.48719710976,
    17.497315475674));
#9792 = CARTESIAN_POINT('',(10.758052513945,-34.55272017518,
    17.60441399931));
#9793 = CARTESIAN_POINT('',(12.264667499729,-34.6558442669,
    17.710658672557));
#9794 = CARTESIAN_POINT('',(13.436911537367,-33.97901889933,
    17.816278087507));
#9795 = CARTESIAN_POINT('',(13.988165615449,-32.92701980327,
    17.921570920075));
#9796 = CARTESIAN_POINT('',(13.937907858068,-31.90589104851,
    18.026892719635));
#9797 = CARTESIAN_POINT('',(13.887647701093,-30.88474623115,
    18.132063540635));
#9798 = CARTESIAN_POINT('',(13.235913388958,-29.89309997477,
    18.237099066891));
#9799 = CARTESIAN_POINT('',(12.004626328269,-29.33676784803,
    18.342346952013));
#9800 = CARTESIAN_POINT('',(10.521062979138,-29.58823966658,
    18.448131209082));
#9801 = CARTESIAN_POINT('',(9.423893017395,-30.76171995647,
    18.554646287362));
#9802 = CARTESIAN_POINT('',(9.275912457696,-32.29636249886,
    18.662397661765));
#9803 = CARTESIAN_POINT('',(9.957484981805,-33.5271679966,
    18.771499420367));
#9804 = CARTESIAN_POINT('',(11.059614040431,-34.12116162116,
    18.882341915547));
#9805 = CARTESIAN_POINT('',(13.241440976695,-34.02400786275,
    19.107980423356));
#9806 = CARTESIAN_POINT('',(14.321695592384,-33.3329387968,
    19.222786114358));
#9807 = CARTESIAN_POINT('',(14.958264822626,-31.99550451069,
    19.339838643341));
#9808 = CARTESIAN_POINT('',(14.721300564123,-30.33925021383,
    19.459422025925));
#9809 = CARTESIAN_POINT('',(13.426464613489,-29.05150527742,
    19.581734725865));
#9810 = CARTESIAN_POINT('',(11.654739228918,-28.843453557,
    19.707024573548));
#9811 = CARTESIAN_POINT('',(10.208185438464,-29.6154391775,
    19.835495339356));
#9812 = CARTESIAN_POINT('',(9.495778686259,-30.9026160596,
    19.967280983465));
#9813 = CARTESIAN_POINT('',(9.543405156394,-32.19218353372,
    20.10256155841));
#9814 = CARTESIAN_POINT('',(9.590901363354,-33.48175689399,
    20.23776451861));
#9815 = CARTESIAN_POINT('',(10.39795816786,-34.77503297126,
    20.376395479012));
#9816 = CARTESIAN_POINT('',(11.986562723678,-35.5570044392,
    20.518630529311));
#9817 = CARTESIAN_POINT('',(13.984693488466,-35.3036715302,
    20.664650433984));
#9818 = CARTESIAN_POINT('',(15.565700690399,-33.75294566337,
    20.81446384539));
#9819 = CARTESIAN_POINT('',(15.837396543685,-31.60393435104,
    20.968315499241));
#9820 = CARTESIAN_POINT('',(14.912348495811,-29.84076052631,
    21.126132564239));
#9821 = CARTESIAN_POINT('',(13.356308744161,-28.96575989793,
    21.288018595023));
#9822 = CARTESIAN_POINT('',(10.227787933626,-29.05949343295,
    21.619885699177));
#9823 = CARTESIAN_POINT('',(8.654420013147,-30.02803630899,
    21.789866906968));
#9824 = CARTESIAN_POINT('',(7.697547935138,-31.94642851894,
    21.963919739726));
#9825 = CARTESIAN_POINT('',(7.997557392649,-34.36411690799,
    22.141945666007));
#9826 = CARTESIAN_POINT('',(9.867678123589,-36.26562963471,
    22.324017586871));
#9827 = CARTESIAN_POINT('',(12.437296112404,-36.58415246386,
    22.509897318831));
#9828 = CARTESIAN_POINT('',(14.531275683939,-35.48419326648,
    22.699578136065));
#9829 = CARTESIAN_POINT('',(15.568550089735,-33.64685698713,
    22.892882592843));
#9830 = CARTESIAN_POINT('',(15.520960404856,-31.80644538976,
    23.089639466747));
#9831 = CARTESIAN_POINT('',(15.55,-32.,12.));
#9832 = CARTESIAN_POINT('',(15.549999999998,-30.14456890642,
    12.198511972322));
#9833 = CARTESIAN_POINT('',(14.456520051671,-28.2887838567,
    12.397061516014));
#9834 = CARTESIAN_POINT('',(12.273283775793,-27.17410577741,
    12.595466001413));
#9835 = CARTESIAN_POINT('',(9.567091839291,-27.51770321492,
    12.79356382933));
#9836 = CARTESIAN_POINT('',(7.535654122756,-29.5684875285,
    12.991245305201));
#9837 = CARTESIAN_POINT('',(7.215383810753,-32.2564391434,
    13.188259162052));
#9838 = CARTESIAN_POINT('',(8.32636775464,-34.40677634535,
    13.384540087957));
#9839 = CARTESIAN_POINT('',(10.153868319774,-35.47675937744,
    13.579890510855));
#9840 = CARTESIAN_POINT('',(13.787947000003,-35.47502661696,
    13.968486304543));
#9841 = CARTESIAN_POINT('',(15.595588032587,-34.40325358394,
    14.161726708952));
#9842 = CARTESIAN_POINT('',(16.66765564954,-32.27753333676,
    14.353776949763));
#9843 = CARTESIAN_POINT('',(16.316651725488,-29.66408742935,
    14.544488593511));
#9844 = CARTESIAN_POINT('',(14.331593178109,-27.73311920676,
    14.733766609043));
#9845 = CARTESIAN_POINT('',(11.768931216413,-27.44443072845,
    14.92147574763));
#9846 = CARTESIAN_POINT('',(9.732536324451,-28.50720734096,
    15.107521394756));
#9847 = CARTESIAN_POINT('',(8.724800278634,-30.23715190687,
    15.29183017293));
#9848 = CARTESIAN_POINT('',(8.726150504928,-31.94967372717,
    15.474313946993));
#9849 = CARTESIAN_POINT('',(8.727568806189,-33.66219263759,
    15.656836716017));
#9850 = CARTESIAN_POINT('',(9.738297326501,-35.35803056527,
    15.837567894588));
#9851 = CARTESIAN_POINT('',(11.732096607618,-36.35383686486,
    16.016416207029));
#9852 = CARTESIAN_POINT('',(14.166736965805,-36.01222520125,
    16.193296496397));
#9853 = CARTESIAN_POINT('',(15.944472683019,-34.16079290344,
    16.368196400913));
#9854 = CARTESIAN_POINT('',(16.200656647573,-31.79527689338,
    16.541003013987));
#9855 = CARTESIAN_POINT('',(15.217627649488,-29.92360407338,
    16.711748126331));
#9856 = CARTESIAN_POINT('',(13.627702743397,-29.00044000342,
    16.880384922723));
#9857 = CARTESIAN_POINT('',(10.488358683203,-29.003896354,
    17.213466504598));
#9858 = CARTESIAN_POINT('',(8.938049130023,-29.93063094526,
    17.377911311319));
#9859 = CARTESIAN_POINT('',(8.032652992391,-31.75320053737,
    17.540251195659));
#9860 = CARTESIAN_POINT('',(8.350144762672,-33.97009860965,
    17.700536721509));
#9861 = CARTESIAN_POINT('',(10.035418069834,-35.58252141852,
    17.858739015499));
#9862 = CARTESIAN_POINT('',(12.183749171748,-35.81448901065,
    18.014974679926));
#9863 = CARTESIAN_POINT('',(13.88450723688,-34.92215354408,
    18.169258833618));
#9864 = CARTESIAN_POINT('',(14.724048380842,-33.47740156586,
    18.321679227424));
#9865 = CARTESIAN_POINT('',(14.722703803458,-32.0501157251,
    18.472329581417));
#9866 = CARTESIAN_POINT('',(14.721291435897,-30.62282449975,
    18.622940708341));
#9867 = CARTESIAN_POINT('',(13.878771109184,-29.21202908501,
    18.771730168812));
#9868 = CARTESIAN_POINT('',(12.220429655736,-28.38636755783,
    18.918789698755));
#9869 = CARTESIAN_POINT('',(10.199569777138,-28.67100094353,
    19.06419609657));
#9870 = CARTESIAN_POINT('',(8.720661690654,-30.20420694595,
    19.208046746889));
#9871 = CARTESIAN_POINT('',(8.497531651428,-32.1743070876,
    19.350480482353));
#9872 = CARTESIAN_POINT('',(9.314287593054,-33.74399479282,
    19.491594272662));
#9873 = CARTESIAN_POINT('',(10.647873207724,-34.52280224046,
    19.631539070483));
#9874 = CARTESIAN_POINT('',(13.29473560678,-34.52109311055,
    19.909359245255));
#9875 = CARTESIAN_POINT('',(14.608731138037,-33.7405200804,
    20.047239609735));
#9876 = CARTESIAN_POINT('',(15.38709533525,-32.19511321723,
    20.184214021689));
#9877 = CARTESIAN_POINT('',(15.133647592966,-30.29850354012,
    20.320481266972));
#9878 = CARTESIAN_POINT('',(13.700435916688,-28.88349100201,
    20.456107624065));
#9879 = CARTESIAN_POINT('',(11.821157500487,-28.65313401623,
    20.591344456332));
#9880 = CARTESIAN_POINT('',(10.307789895992,-29.42765906305,
    20.726301433664));
#9881 = CARTESIAN_POINT('',(9.549996854322,-30.71425946909,
    20.861139317464));
#9882 = CARTESIAN_POINT('',(9.549985580197,-32.00042021458,
    20.996039570747));
#9883 = CARTESIAN_POINT('',(9.549973737645,-33.28658923205,
    21.130861766148));
#9884 = CARTESIAN_POINT('',(10.307741023607,-34.57348177517,
    21.265661506738));
#9885 = CARTESIAN_POINT('',(11.821465083822,-35.34858213671,
    21.400621420418));
#9886 = CARTESIAN_POINT('',(13.701827175604,-35.11870287743,
    21.53590314112));
#9887 = CARTESIAN_POINT('',(15.136859822231,-33.70303980593,
    21.671616007934));
#9888 = CARTESIAN_POINT('',(15.39116056972,-31.80426564445,
    21.808011179186));
#9889 = CARTESIAN_POINT('',(14.612027109748,-30.2566352708,
    21.94515342822));
#9890 = CARTESIAN_POINT('',(13.296132692477,-29.47476154516,
    22.083239891376));
#9891 = CARTESIAN_POINT('',(10.644956961539,-29.4730071741,
    22.361544065464));
#9892 = CARTESIAN_POINT('',(9.308955316639,-30.25306857438,
    22.501766721823));
#9893 = CARTESIAN_POINT('',(8.490420122929,-31.82562291648,
    22.64319213823));
#9894 = CARTESIAN_POINT('',(8.71360392886,-33.79983200994,
    22.785967704994));
#9895 = CARTESIAN_POINT('',(10.195593753466,-35.33680558648,
    22.930188296691));
#9896 = CARTESIAN_POINT('',(12.221275966792,-35.62227959115,
    23.075987622753));
#9897 = CARTESIAN_POINT('',(13.883673914575,-34.79463093955,
    23.223459775445));
#9898 = CARTESIAN_POINT('',(14.728255761492,-33.38032786674,
    23.372677092737));
#9899 = CARTESIAN_POINT('',(14.729611565882,-31.94946581833,
    23.523726558397));
#9900 = ADVANCED_FACE('',(#9901),#9904,.F.);
#9901 = FACE_BOUND('',#9902,.F.);
#9902 = EDGE_LOOP('',(#9903));
#9903 = ORIENTED_EDGE('',*,*,#9407,.T.);
#9904 = PLANE('',#9905);
#9905 = AXIS2_PLACEMENT_3D('',#9906,#9907,#9908);
#9906 = CARTESIAN_POINT('',(15.000087132779,-32.,12.));
#9907 = DIRECTION('',(-1.860554825129E-15,1.,0.));
#9908 = DIRECTION('',(1.,1.860554825129E-15,0.));
#9909 = ADVANCED_FACE('',(#9910),#9913,.T.);
#9910 = FACE_BOUND('',#9911,.T.);
#9911 = EDGE_LOOP('',(#9912));
#9912 = ORIENTED_EDGE('',*,*,#9396,.T.);
#9913 = PLANE('',#9914);
#9914 = AXIS2_PLACEMENT_3D('',#9915,#9916,#9917);
#9915 = CARTESIAN_POINT('',(14.999957164194,-31.99999199421,
    23.999924547221));
#9916 = DIRECTION('',(-9.188033029598E-02,0.983394473373,0.156503401381)
  );
#9917 = DIRECTION('',(-1.734723475977E-18,-0.157168214087,0.987571846744
    ));
#9918 = MANIFOLD_SOLID_BREP('',#9919);
#9919 = CLOSED_SHELL('',(#9920,#9953,#9962));
#9920 = ADVANCED_FACE('',(#9921),#9948,.T.);
#9921 = FACE_BOUND('',#9922,.T.);
#9922 = EDGE_LOOP('',(#9923,#9932,#9940,#9947));
#9923 = ORIENTED_EDGE('',*,*,#9924,.F.);
#9924 = EDGE_CURVE('',#9925,#9925,#9927,.T.);
#9925 = VERTEX_POINT('',#9926);
#9926 = CARTESIAN_POINT('',(17.,-32.,32.));
#9927 = CIRCLE('',#9928,5.);
#9928 = AXIS2_PLACEMENT_3D('',#9929,#9930,#9931);
#9929 = CARTESIAN_POINT('',(12.,-32.,32.));
#9930 = DIRECTION('',(0.,0.,1.));
#9931 = DIRECTION('',(1.,0.,0.));
#9932 = ORIENTED_EDGE('',*,*,#9933,.F.);
#9933 = EDGE_CURVE('',#9934,#9925,#9936,.T.);
#9934 = VERTEX_POINT('',#9935);
#9935 = CARTESIAN_POINT('',(17.,-32.,27.));
#9936 = LINE('',#9937,#9938);
#9937 = CARTESIAN_POINT('',(17.,-32.,27.));
#9938 = VECTOR('',#9939,1.);
#9939 = DIRECTION('',(0.,0.,1.));
#9940 = ORIENTED_EDGE('',*,*,#9941,.T.);
#9941 = EDGE_CURVE('',#9934,#9934,#9942,.T.);
#9942 = CIRCLE('',#9943,5.);
#9943 = AXIS2_PLACEMENT_3D('',#9944,#9945,#9946);
#9944 = CARTESIAN_POINT('',(12.,-32.,27.));
#9945 = DIRECTION('',(0.,0.,1.));
#9946 = DIRECTION('',(1.,0.,0.));
#9947 = ORIENTED_EDGE('',*,*,#9933,.T.);
#9948 = CYLINDRICAL_SURFACE('',#9949,5.);
#9949 = AXIS2_PLACEMENT_3D('',#9950,#9951,#9952);
#9950 = CARTESIAN_POINT('',(12.,-32.,27.));
#9951 = DIRECTION('',(0.,0.,1.));
#9952 = DIRECTION('',(1.,0.,0.));
#9953 = ADVANCED_FACE('',(#9954),#9957,.T.);
#9954 = FACE_BOUND('',#9955,.T.);
#9955 = EDGE_LOOP('',(#9956));
#9956 = ORIENTED_EDGE('',*,*,#9924,.T.);
#9957 = PLANE('',#9958);
#9958 = AXIS2_PLACEMENT_3D('',#9959,#9960,#9961);
#9959 = CARTESIAN_POINT('',(12.,-32.,32.));
#9960 = DIRECTION('',(0.,0.,1.));
#9961 = DIRECTION('',(1.,0.,0.));
#9962 = ADVANCED_FACE('',(#9963),#9966,.F.);
#9963 = FACE_BOUND('',#9964,.T.);
#9964 = EDGE_LOOP('',(#9965));
#9965 = ORIENTED_EDGE('',*,*,#9941,.F.);
#9966 = PLANE('',#9967);
#9967 = AXIS2_PLACEMENT_3D('',#9968,#9969,#9970);
#9968 = CARTESIAN_POINT('',(12.,-32.,27.));
#9969 = DIRECTION('',(0.,0.,1.));
#9970 = DIRECTION('',(1.,0.,0.));
#9971 = MANIFOLD_SOLID_BREP('',#9972);
#9972 = CLOSED_SHELL('',(#9973,#10006,#10026,#10035,#10060));
#9973 = ADVANCED_FACE('',(#9974),#10001,.T.);
#9974 = FACE_BOUND('',#9975,.T.);
#9975 = EDGE_LOOP('',(#9976,#9985,#9993,#10000));
#9976 = ORIENTED_EDGE('',*,*,#9977,.F.);
#9977 = EDGE_CURVE('',#9978,#9978,#9980,.T.);
#9978 = VERTEX_POINT('',#9979);
#9979 = CARTESIAN_POINT('',(-13.5,-16.,25.));
#9980 = CIRCLE('',#9981,1.5);
#9981 = AXIS2_PLACEMENT_3D('',#9982,#9983,#9984);
#9982 = CARTESIAN_POINT('',(-15.,-16.,25.));
#9983 = DIRECTION('',(0.,0.,1.));
#9984 = DIRECTION('',(1.,0.,0.));
#9985 = ORIENTED_EDGE('',*,*,#9986,.F.);
#9986 = EDGE_CURVE('',#9987,#9978,#9989,.T.);
#9987 = VERTEX_POINT('',#9988);
#9988 = CARTESIAN_POINT('',(-13.5,-16.,2.));
#9989 = LINE('',#9990,#9991);
#9990 = CARTESIAN_POINT('',(-13.5,-16.,2.));
#9991 = VECTOR('',#9992,1.);
#9992 = DIRECTION('',(0.,0.,1.));
#9993 = ORIENTED_EDGE('',*,*,#9994,.T.);
#9994 = EDGE_CURVE('',#9987,#9987,#9995,.T.);
#9995 = CIRCLE('',#9996,1.5);
#9996 = AXIS2_PLACEMENT_3D('',#9997,#9998,#9999);
#9997 = CARTESIAN_POINT('',(-15.,-16.,2.));
#9998 = DIRECTION('',(0.,0.,1.));
#9999 = DIRECTION('',(1.,0.,0.));
#10000 = ORIENTED_EDGE('',*,*,#9986,.T.);
#10001 = CYLINDRICAL_SURFACE('',#10002,1.5);
#10002 = AXIS2_PLACEMENT_3D('',#10003,#10004,#10005);
#10003 = CARTESIAN_POINT('',(-15.,-16.,2.));
#10004 = DIRECTION('',(0.,0.,1.));
#10005 = DIRECTION('',(1.,0.,0.));
#10006 = ADVANCED_FACE('',(#10007,#10018),#10021,.F.);
#10007 = FACE_BOUND('',#10008,.F.);
#10008 = EDGE_LOOP('',(#10009));
#10009 = ORIENTED_EDGE('',*,*,#10010,.T.);
#10010 = EDGE_CURVE('',#10011,#10011,#10013,.T.);
#10011 = VERTEX_POINT('',#10012);
#10012 = CARTESIAN_POINT('',(-12.,-16.,25.));
#10013 = CIRCLE('',#10014,3.);
#10014 = AXIS2_PLACEMENT_3D('',#10015,#10016,#10017);
#10015 = CARTESIAN_POINT('',(-15.,-16.,25.));
#10016 = DIRECTION('',(0.,0.,1.));
#10017 = DIRECTION('',(1.,0.,0.));
#10018 = FACE_BOUND('',#10019,.F.);
#10019 = EDGE_LOOP('',(#10020));
#10020 = ORIENTED_EDGE('',*,*,#9977,.F.);
#10021 = PLANE('',#10022);
#10022 = AXIS2_PLACEMENT_3D('',#10023,#10024,#10025);
#10023 = CARTESIAN_POINT('',(-15.,-16.,25.));
#10024 = DIRECTION('',(0.,0.,1.));
#10025 = DIRECTION('',(1.,0.,0.));
#10026 = ADVANCED_FACE('',(#10027),#10030,.F.);
#10027 = FACE_BOUND('',#10028,.T.);
#10028 = EDGE_LOOP('',(#10029));
#10029 = ORIENTED_EDGE('',*,*,#9994,.F.);
#10030 = PLANE('',#10031);
#10031 = AXIS2_PLACEMENT_3D('',#10032,#10033,#10034);
#10032 = CARTESIAN_POINT('',(-15.,-16.,2.));
#10033 = DIRECTION('',(0.,0.,1.));
#10034 = DIRECTION('',(1.,0.,0.));
#10035 = ADVANCED_FACE('',(#10036),#10055,.T.);
#10036 = FACE_BOUND('',#10037,.T.);
#10037 = EDGE_LOOP('',(#10038,#10047,#10053,#10054));
#10038 = ORIENTED_EDGE('',*,*,#10039,.F.);
#10039 = EDGE_CURVE('',#10040,#10040,#10042,.T.);
#10040 = VERTEX_POINT('',#10041);
#10041 = CARTESIAN_POINT('',(-12.,-16.,27.));
#10042 = CIRCLE('',#10043,3.);
#10043 = AXIS2_PLACEMENT_3D('',#10044,#10045,#10046);
#10044 = CARTESIAN_POINT('',(-15.,-16.,27.));
#10045 = DIRECTION('',(0.,0.,1.));
#10046 = DIRECTION('',(1.,0.,0.));
#10047 = ORIENTED_EDGE('',*,*,#10048,.F.);
#10048 = EDGE_CURVE('',#10011,#10040,#10049,.T.);
#10049 = LINE('',#10050,#10051);
#10050 = CARTESIAN_POINT('',(-12.,-16.,25.));
#10051 = VECTOR('',#10052,1.);
#10052 = DIRECTION('',(0.,0.,1.));
#10053 = ORIENTED_EDGE('',*,*,#10010,.T.);
#10054 = ORIENTED_EDGE('',*,*,#10048,.T.);
#10055 = CYLINDRICAL_SURFACE('',#10056,3.);
#10056 = AXIS2_PLACEMENT_3D('',#10057,#10058,#10059);
#10057 = CARTESIAN_POINT('',(-15.,-16.,25.));
#10058 = DIRECTION('',(0.,0.,1.));
#10059 = DIRECTION('',(1.,0.,0.));
#10060 = ADVANCED_FACE('',(#10061),#10064,.T.);
#10061 = FACE_BOUND('',#10062,.T.);
#10062 = EDGE_LOOP('',(#10063));
#10063 = ORIENTED_EDGE('',*,*,#10039,.T.);
#10064 = PLANE('',#10065);
#10065 = AXIS2_PLACEMENT_3D('',#10066,#10067,#10068);
#10066 = CARTESIAN_POINT('',(-15.,-16.,27.));
#10067 = DIRECTION('',(0.,0.,1.));
#10068 = DIRECTION('',(1.,0.,0.));
#10069 = MANIFOLD_SOLID_BREP('',#10070);
#10070 = CLOSED_SHELL('',(#10071,#10104,#10124,#10133,#10158));
#10071 = ADVANCED_FACE('',(#10072),#10099,.T.);
#10072 = FACE_BOUND('',#10073,.T.);
#10073 = EDGE_LOOP('',(#10074,#10083,#10091,#10098));
#10074 = ORIENTED_EDGE('',*,*,#10075,.F.);
#10075 = EDGE_CURVE('',#10076,#10076,#10078,.T.);
#10076 = VERTEX_POINT('',#10077);
#10077 = CARTESIAN_POINT('',(-13.5,16.,25.));
#10078 = CIRCLE('',#10079,1.5);
#10079 = AXIS2_PLACEMENT_3D('',#10080,#10081,#10082);
#10080 = CARTESIAN_POINT('',(-15.,16.,25.));
#10081 = DIRECTION('',(0.,0.,1.));
#10082 = DIRECTION('',(1.,0.,0.));
#10083 = ORIENTED_EDGE('',*,*,#10084,.F.);
#10084 = EDGE_CURVE('',#10085,#10076,#10087,.T.);
#10085 = VERTEX_POINT('',#10086);
#10086 = CARTESIAN_POINT('',(-13.5,16.,2.));
#10087 = LINE('',#10088,#10089);
#10088 = CARTESIAN_POINT('',(-13.5,16.,2.));
#10089 = VECTOR('',#10090,1.);
#10090 = DIRECTION('',(0.,0.,1.));
#10091 = ORIENTED_EDGE('',*,*,#10092,.T.);
#10092 = EDGE_CURVE('',#10085,#10085,#10093,.T.);
#10093 = CIRCLE('',#10094,1.5);
#10094 = AXIS2_PLACEMENT_3D('',#10095,#10096,#10097);
#10095 = CARTESIAN_POINT('',(-15.,16.,2.));
#10096 = DIRECTION('',(0.,0.,1.));
#10097 = DIRECTION('',(1.,0.,0.));
#10098 = ORIENTED_EDGE('',*,*,#10084,.T.);
#10099 = CYLINDRICAL_SURFACE('',#10100,1.5);
#10100 = AXIS2_PLACEMENT_3D('',#10101,#10102,#10103);
#10101 = CARTESIAN_POINT('',(-15.,16.,2.));
#10102 = DIRECTION('',(0.,0.,1.));
#10103 = DIRECTION('',(1.,0.,0.));
#10104 = ADVANCED_FACE('',(#10105,#10116),#10119,.F.);
#10105 = FACE_BOUND('',#10106,.F.);
#10106 = EDGE_LOOP('',(#10107));
#10107 = ORIENTED_EDGE('',*,*,#10108,.T.);
#10108 = EDGE_CURVE('',#10109,#10109,#10111,.T.);
#10109 = VERTEX_POINT('',#10110);
#10110 = CARTESIAN_POINT('',(-12.,16.,25.));
#10111 = CIRCLE('',#10112,3.);
#10112 = AXIS2_PLACEMENT_3D('',#10113,#10114,#10115);
#10113 = CARTESIAN_POINT('',(-15.,16.,25.));
#10114 = DIRECTION('',(0.,0.,1.));
#10115 = DIRECTION('',(1.,0.,0.));
#10116 = FACE_BOUND('',#10117,.F.);
#10117 = EDGE_LOOP('',(#10118));
#10118 = ORIENTED_EDGE('',*,*,#10075,.F.);
#10119 = PLANE('',#10120);
#10120 = AXIS2_PLACEMENT_3D('',#10121,#10122,#10123);
#10121 = CARTESIAN_POINT('',(-15.,16.,25.));
#10122 = DIRECTION('',(0.,0.,1.));
#10123 = DIRECTION('',(1.,0.,0.));
#10124 = ADVANCED_FACE('',(#10125),#10128,.F.);
#10125 = FACE_BOUND('',#10126,.T.);
#10126 = EDGE_LOOP('',(#10127));
#10127 = ORIENTED_EDGE('',*,*,#10092,.F.);
#10128 = PLANE('',#10129);
#10129 = AXIS2_PLACEMENT_3D('',#10130,#10131,#10132);
#10130 = CARTESIAN_POINT('',(-15.,16.,2.));
#10131 = DIRECTION('',(0.,0.,1.));
#10132 = DIRECTION('',(1.,0.,0.));
#10133 = ADVANCED_FACE('',(#10134),#10153,.T.);
#10134 = FACE_BOUND('',#10135,.T.);
#10135 = EDGE_LOOP('',(#10136,#10145,#10151,#10152));
#10136 = ORIENTED_EDGE('',*,*,#10137,.F.);
#10137 = EDGE_CURVE('',#10138,#10138,#10140,.T.);
#10138 = VERTEX_POINT('',#10139);
#10139 = CARTESIAN_POINT('',(-12.,16.,27.));
#10140 = CIRCLE('',#10141,3.);
#10141 = AXIS2_PLACEMENT_3D('',#10142,#10143,#10144);
#10142 = CARTESIAN_POINT('',(-15.,16.,27.));
#10143 = DIRECTION('',(0.,0.,1.));
#10144 = DIRECTION('',(1.,0.,0.));
#10145 = ORIENTED_EDGE('',*,*,#10146,.F.);
#10146 = EDGE_CURVE('',#10109,#10138,#10147,.T.);
#10147 = LINE('',#10148,#10149);
#10148 = CARTESIAN_POINT('',(-12.,16.,25.));
#10149 = VECTOR('',#10150,1.);
#10150 = DIRECTION('',(0.,0.,1.));
#10151 = ORIENTED_EDGE('',*,*,#10108,.T.);
#10152 = ORIENTED_EDGE('',*,*,#10146,.T.);
#10153 = CYLINDRICAL_SURFACE('',#10154,3.);
#10154 = AXIS2_PLACEMENT_3D('',#10155,#10156,#10157);
#10155 = CARTESIAN_POINT('',(-15.,16.,25.));
#10156 = DIRECTION('',(0.,0.,1.));
#10157 = DIRECTION('',(1.,0.,0.));
#10158 = ADVANCED_FACE('',(#10159),#10162,.T.);
#10159 = FACE_BOUND('',#10160,.T.);
#10160 = EDGE_LOOP('',(#10161));
#10161 = ORIENTED_EDGE('',*,*,#10137,.T.);
#10162 = PLANE('',#10163);
#10163 = AXIS2_PLACEMENT_3D('',#10164,#10165,#10166);
#10164 = CARTESIAN_POINT('',(-15.,16.,27.));
#10165 = DIRECTION('',(0.,0.,1.));
#10166 = DIRECTION('',(1.,0.,0.));
#10167 = MANIFOLD_SOLID_BREP('',#10168);
#10168 = CLOSED_SHELL('',(#10169,#10202,#10222,#10231,#10256));
#10169 = ADVANCED_FACE('',(#10170),#10197,.T.);
#10170 = FACE_BOUND('',#10171,.T.);
#10171 = EDGE_LOOP('',(#10172,#10181,#10189,#10196));
#10172 = ORIENTED_EDGE('',*,*,#10173,.F.);
#10173 = EDGE_CURVE('',#10174,#10174,#10176,.T.);
#10174 = VERTEX_POINT('',#10175);
#10175 = CARTESIAN_POINT('',(40.5,-16.,25.));
#10176 = CIRCLE('',#10177,1.5);
#10177 = AXIS2_PLACEMENT_3D('',#10178,#10179,#10180);
#10178 = CARTESIAN_POINT('',(39.,-16.,25.));
#10179 = DIRECTION('',(0.,0.,1.));
#10180 = DIRECTION('',(1.,0.,0.));
#10181 = ORIENTED_EDGE('',*,*,#10182,.F.);
#10182 = EDGE_CURVE('',#10183,#10174,#10185,.T.);
#10183 = VERTEX_POINT('',#10184);
#10184 = CARTESIAN_POINT('',(40.5,-16.,2.));
#10185 = LINE('',#10186,#10187);
#10186 = CARTESIAN_POINT('',(40.5,-16.,2.));
#10187 = VECTOR('',#10188,1.);
#10188 = DIRECTION('',(0.,0.,1.));
#10189 = ORIENTED_EDGE('',*,*,#10190,.T.);
#10190 = EDGE_CURVE('',#10183,#10183,#10191,.T.);
#10191 = CIRCLE('',#10192,1.5);
#10192 = AXIS2_PLACEMENT_3D('',#10193,#10194,#10195);
#10193 = CARTESIAN_POINT('',(39.,-16.,2.));
#10194 = DIRECTION('',(0.,0.,1.));
#10195 = DIRECTION('',(1.,0.,0.));
#10196 = ORIENTED_EDGE('',*,*,#10182,.T.);
#10197 = CYLINDRICAL_SURFACE('',#10198,1.5);
#10198 = AXIS2_PLACEMENT_3D('',#10199,#10200,#10201);
#10199 = CARTESIAN_POINT('',(39.,-16.,2.));
#10200 = DIRECTION('',(0.,0.,1.));
#10201 = DIRECTION('',(1.,0.,0.));
#10202 = ADVANCED_FACE('',(#10203,#10214),#10217,.F.);
#10203 = FACE_BOUND('',#10204,.F.);
#10204 = EDGE_LOOP('',(#10205));
#10205 = ORIENTED_EDGE('',*,*,#10206,.T.);
#10206 = EDGE_CURVE('',#10207,#10207,#10209,.T.);
#10207 = VERTEX_POINT('',#10208);
#10208 = CARTESIAN_POINT('',(42.,-16.,25.));
#10209 = CIRCLE('',#10210,3.);
#10210 = AXIS2_PLACEMENT_3D('',#10211,#10212,#10213);
#10211 = CARTESIAN_POINT('',(39.,-16.,25.));
#10212 = DIRECTION('',(0.,0.,1.));
#10213 = DIRECTION('',(1.,0.,0.));
#10214 = FACE_BOUND('',#10215,.F.);
#10215 = EDGE_LOOP('',(#10216));
#10216 = ORIENTED_EDGE('',*,*,#10173,.F.);
#10217 = PLANE('',#10218);
#10218 = AXIS2_PLACEMENT_3D('',#10219,#10220,#10221);
#10219 = CARTESIAN_POINT('',(39.,-16.,25.));
#10220 = DIRECTION('',(0.,0.,1.));
#10221 = DIRECTION('',(1.,0.,0.));
#10222 = ADVANCED_FACE('',(#10223),#10226,.F.);
#10223 = FACE_BOUND('',#10224,.T.);
#10224 = EDGE_LOOP('',(#10225));
#10225 = ORIENTED_EDGE('',*,*,#10190,.F.);
#10226 = PLANE('',#10227);
#10227 = AXIS2_PLACEMENT_3D('',#10228,#10229,#10230);
#10228 = CARTESIAN_POINT('',(39.,-16.,2.));
#10229 = DIRECTION('',(0.,0.,1.));
#10230 = DIRECTION('',(1.,0.,0.));
#10231 = ADVANCED_FACE('',(#10232),#10251,.T.);
#10232 = FACE_BOUND('',#10233,.T.);
#10233 = EDGE_LOOP('',(#10234,#10243,#10249,#10250));
#10234 = ORIENTED_EDGE('',*,*,#10235,.F.);
#10235 = EDGE_CURVE('',#10236,#10236,#10238,.T.);
#10236 = VERTEX_POINT('',#10237);
#10237 = CARTESIAN_POINT('',(42.,-16.,27.));
#10238 = CIRCLE('',#10239,3.);
#10239 = AXIS2_PLACEMENT_3D('',#10240,#10241,#10242);
#10240 = CARTESIAN_POINT('',(39.,-16.,27.));
#10241 = DIRECTION('',(0.,0.,1.));
#10242 = DIRECTION('',(1.,0.,0.));
#10243 = ORIENTED_EDGE('',*,*,#10244,.F.);
#10244 = EDGE_CURVE('',#10207,#10236,#10245,.T.);
#10245 = LINE('',#10246,#10247);
#10246 = CARTESIAN_POINT('',(42.,-16.,25.));
#10247 = VECTOR('',#10248,1.);
#10248 = DIRECTION('',(0.,0.,1.));
#10249 = ORIENTED_EDGE('',*,*,#10206,.T.);
#10250 = ORIENTED_EDGE('',*,*,#10244,.T.);
#10251 = CYLINDRICAL_SURFACE('',#10252,3.);
#10252 = AXIS2_PLACEMENT_3D('',#10253,#10254,#10255);
#10253 = CARTESIAN_POINT('',(39.,-16.,25.));
#10254 = DIRECTION('',(0.,0.,1.));
#10255 = DIRECTION('',(1.,0.,0.));
#10256 = ADVANCED_FACE('',(#10257),#10260,.T.);
#10257 = FACE_BOUND('',#10258,.T.);
#10258 = EDGE_LOOP('',(#10259));
#10259 = ORIENTED_EDGE('',*,*,#10235,.T.);
#10260 = PLANE('',#10261);
#10261 = AXIS2_PLACEMENT_3D('',#10262,#10263,#10264);
#10262 = CARTESIAN_POINT('',(39.,-16.,27.));
#10263 = DIRECTION('',(0.,0.,1.));
#10264 = DIRECTION('',(1.,0.,0.));
#10265 = MANIFOLD_SOLID_BREP('',#10266);
#10266 = CLOSED_SHELL('',(#10267,#10300,#10320,#10329,#10354));
#10267 = ADVANCED_FACE('',(#10268),#10295,.T.);
#10268 = FACE_BOUND('',#10269,.T.);
#10269 = EDGE_LOOP('',(#10270,#10279,#10287,#10294));
#10270 = ORIENTED_EDGE('',*,*,#10271,.F.);
#10271 = EDGE_CURVE('',#10272,#10272,#10274,.T.);
#10272 = VERTEX_POINT('',#10273);
#10273 = CARTESIAN_POINT('',(40.5,16.,25.));
#10274 = CIRCLE('',#10275,1.5);
#10275 = AXIS2_PLACEMENT_3D('',#10276,#10277,#10278);
#10276 = CARTESIAN_POINT('',(39.,16.,25.));
#10277 = DIRECTION('',(0.,0.,1.));
#10278 = DIRECTION('',(1.,0.,0.));
#10279 = ORIENTED_EDGE('',*,*,#10280,.F.);
#10280 = EDGE_CURVE('',#10281,#10272,#10283,.T.);
#10281 = VERTEX_POINT('',#10282);
#10282 = CARTESIAN_POINT('',(40.5,16.,2.));
#10283 = LINE('',#10284,#10285);
#10284 = CARTESIAN_POINT('',(40.5,16.,2.));
#10285 = VECTOR('',#10286,1.);
#10286 = DIRECTION('',(0.,0.,1.));
#10287 = ORIENTED_EDGE('',*,*,#10288,.T.);
#10288 = EDGE_CURVE('',#10281,#10281,#10289,.T.);
#10289 = CIRCLE('',#10290,1.5);
#10290 = AXIS2_PLACEMENT_3D('',#10291,#10292,#10293);
#10291 = CARTESIAN_POINT('',(39.,16.,2.));
#10292 = DIRECTION('',(0.,0.,1.));
#10293 = DIRECTION('',(1.,0.,0.));
#10294 = ORIENTED_EDGE('',*,*,#10280,.T.);
#10295 = CYLINDRICAL_SURFACE('',#10296,1.5);
#10296 = AXIS2_PLACEMENT_3D('',#10297,#10298,#10299);
#10297 = CARTESIAN_POINT('',(39.,16.,2.));
#10298 = DIRECTION('',(0.,0.,1.));
#10299 = DIRECTION('',(1.,0.,0.));
#10300 = ADVANCED_FACE('',(#10301,#10312),#10315,.F.);
#10301 = FACE_BOUND('',#10302,.F.);
#10302 = EDGE_LOOP('',(#10303));
#10303 = ORIENTED_EDGE('',*,*,#10304,.T.);
#10304 = EDGE_CURVE('',#10305,#10305,#10307,.T.);
#10305 = VERTEX_POINT('',#10306);
#10306 = CARTESIAN_POINT('',(42.,16.,25.));
#10307 = CIRCLE('',#10308,3.);
#10308 = AXIS2_PLACEMENT_3D('',#10309,#10310,#10311);
#10309 = CARTESIAN_POINT('',(39.,16.,25.));
#10310 = DIRECTION('',(0.,0.,1.));
#10311 = DIRECTION('',(1.,0.,0.));
#10312 = FACE_BOUND('',#10313,.F.);
#10313 = EDGE_LOOP('',(#10314));
#10314 = ORIENTED_EDGE('',*,*,#10271,.F.);
#10315 = PLANE('',#10316);
#10316 = AXIS2_PLACEMENT_3D('',#10317,#10318,#10319);
#10317 = CARTESIAN_POINT('',(39.,16.,25.));
#10318 = DIRECTION('',(0.,0.,1.));
#10319 = DIRECTION('',(1.,0.,0.));
#10320 = ADVANCED_FACE('',(#10321),#10324,.F.);
#10321 = FACE_BOUND('',#10322,.T.);
#10322 = EDGE_LOOP('',(#10323));
#10323 = ORIENTED_EDGE('',*,*,#10288,.F.);
#10324 = PLANE('',#10325);
#10325 = AXIS2_PLACEMENT_3D('',#10326,#10327,#10328);
#10326 = CARTESIAN_POINT('',(39.,16.,2.));
#10327 = DIRECTION('',(0.,0.,1.));
#10328 = DIRECTION('',(1.,0.,0.));
#10329 = ADVANCED_FACE('',(#10330),#10349,.T.);
#10330 = FACE_BOUND('',#10331,.T.);
#10331 = EDGE_LOOP('',(#10332,#10341,#10347,#10348));
#10332 = ORIENTED_EDGE('',*,*,#10333,.F.);
#10333 = EDGE_CURVE('',#10334,#10334,#10336,.T.);
#10334 = VERTEX_POINT('',#10335);
#10335 = CARTESIAN_POINT('',(42.,16.,27.));
#10336 = CIRCLE('',#10337,3.);
#10337 = AXIS2_PLACEMENT_3D('',#10338,#10339,#10340);
#10338 = CARTESIAN_POINT('',(39.,16.,27.));
#10339 = DIRECTION('',(0.,0.,1.));
#10340 = DIRECTION('',(1.,0.,0.));
#10341 = ORIENTED_EDGE('',*,*,#10342,.F.);
#10342 = EDGE_CURVE('',#10305,#10334,#10343,.T.);
#10343 = LINE('',#10344,#10345);
#10344 = CARTESIAN_POINT('',(42.,16.,25.));
#10345 = VECTOR('',#10346,1.);
#10346 = DIRECTION('',(0.,0.,1.));
#10347 = ORIENTED_EDGE('',*,*,#10304,.T.);
#10348 = ORIENTED_EDGE('',*,*,#10342,.T.);
#10349 = CYLINDRICAL_SURFACE('',#10350,3.);
#10350 = AXIS2_PLACEMENT_3D('',#10351,#10352,#10353);
#10351 = CARTESIAN_POINT('',(39.,16.,25.));
#10352 = DIRECTION('',(0.,0.,1.));
#10353 = DIRECTION('',(1.,0.,0.));
#10354 = ADVANCED_FACE('',(#10355),#10358,.T.);
#10355 = FACE_BOUND('',#10356,.T.);
#10356 = EDGE_LOOP('',(#10357));
#10357 = ORIENTED_EDGE('',*,*,#10333,.T.);
#10358 = PLANE('',#10359);
#10359 = AXIS2_PLACEMENT_3D('',#10360,#10361,#10362);
#10360 = CARTESIAN_POINT('',(39.,16.,27.));
#10361 = DIRECTION('',(0.,0.,1.));
#10362 = DIRECTION('',(1.,0.,0.));
#10363 = ( GEOMETRIC_REPRESENTATION_CONTEXT(3) 
GLOBAL_UNCERTAINTY_ASSIGNED_CONTEXT((#10367)) 
GLOBAL_UNIT_ASSIGNED_CONTEXT((#10364,#10365,#10366)) 
REPRESENTATION_CONTEXT('Context #1',
  '3D Context with UNIT and UNCERTAINTY') );
#10364 = ( LENGTH_UNIT() NAMED_UNIT(*) SI_UNIT(.MILLI.,.METRE.) );
#10365 = ( NAMED_UNIT(*) PLANE_ANGLE_UNIT() SI_UNIT($,.RADIAN.) );
#10366 = ( NAMED_UNIT(*) SI_UNIT($,.STERADIAN.) SOLID_ANGLE_UNIT() );
#10367 = UNCERTAINTY_MEASURE_WITH_UNIT(LENGTH_MEASURE(2.E-07),#10364,
  'distance_accuracy_value','confusion accuracy');
#10368 = PRODUCT_RELATED_PRODUCT_CATEGORY('part',$,(#7));
ENDSEC;
END-ISO-10303-21;
