ISO-10303-21;
HEADER;
FILE_DESCRIPTION(('FreeCAD Model'),'2;1');
FILE_NAME('Open CASCADE Shape Model','2026-10-01T15:54:17',('FreeCAD'),(
    'FreeCAD'),'Open CASCADE STEP processor 7.8','FreeCAD','Unknown');
FILE_SCHEMA(('AUTOMOTIVE_DESIGN { 1 0 10303 214 1 1 1 1 }'));
ENDSEC;
DATA;
#1 = APPLICATION_PROTOCOL_DEFINITION('international standard',
  'automotive_design',2000,#2);
#2 = APPLICATION_CONTEXT(
  'core data for automotive mechanical design processes');
#3 = SHAPE_DEFINITION_REPRESENTATION(#4,#10);
#4 = PRODUCT_DEFINITION_SHAPE('','',#5);
#5 = PRODUCT_DEFINITION('design','',#6,#9);
#6 = PRODUCT_DEFINITION_FORMATION('','',#7);
#7 = PRODUCT('Open CASCADE STEP translator 7.8 1',
  'Open CASCADE STEP translator 7.8 1','',(#8));
#8 = PRODUCT_CONTEXT('',#2,'mechanical');
#9 = PRODUCT_DEFINITION_CONTEXT('part definition',#2,'design');
#10 = SHAPE_REPRESENTATION('',(#11,#15,#414,#1018,#1110,#1442,#1495,
    #1744,#1862),#2086);
#11 = AXIS2_PLACEMENT_3D('',#12,#13,#14);
#12 = CARTESIAN_POINT('',(0.,0.,0.));
#13 = DIRECTION('',(0.,0.,1.));
#14 = DIRECTION('',(1.,0.,-0.));
#15 = MANIFOLD_SOLID_BREP('',#16);
#16 = CLOSED_SHELL('',(#17,#74,#261,#279,#299,#317,#335,#362,#396,#405)
  );
#17 = ADVANCED_FACE('',(#18),#69,.T.);
#18 = FACE_BOUND('',#19,.T.);
#19 = EDGE_LOOP('',(#20,#34,#42,#49,#50,#62));
#20 = ORIENTED_EDGE('',*,*,#21,.F.);
#21 = EDGE_CURVE('',#22,#24,#26,.T.);
#22 = VERTEX_POINT('',#23);
#23 = CARTESIAN_POINT('',(10.,-1.07768918325E-15,32.2));
#24 = VERTEX_POINT('',#25);
#25 = CARTESIAN_POINT('',(9.977975746613,-0.663324958071,32.));
#26 = B_SPLINE_CURVE_WITH_KNOTS('',6,(#27,#28,#29,#30,#31,#32,#33),
  .UNSPECIFIED.,.F.,.F.,(7,7),(0.,1.),.PIECEWISE_BEZIER_KNOTS.);
#27 = CARTESIAN_POINT('',(10.,-5.551115123126E-16,32.2));
#28 = CARTESIAN_POINT('',(10.,-0.121126688524,32.2));
#29 = CARTESIAN_POINT('',(9.998239627149,-0.241484208302,32.185328150531
    ));
#30 = CARTESIAN_POINT('',(9.994759266622,-0.358291938575,32.156335047488
    ));
#31 = CARTESIAN_POINT('',(9.989872633152,-0.468901325697,32.114261948536
    ));
#32 = CARTESIAN_POINT('',(9.984108197565,-0.571078522428,32.061189483209
    ));
#33 = CARTESIAN_POINT('',(9.977975686481,-0.663325862604,31.9999994));
#34 = ORIENTED_EDGE('',*,*,#35,.T.);
#35 = EDGE_CURVE('',#22,#36,#38,.T.);
#36 = VERTEX_POINT('',#37);
#37 = CARTESIAN_POINT('',(10.,-2.449293598295E-15,45.));
#38 = LINE('',#39,#40);
#39 = CARTESIAN_POINT('',(10.,-2.449293598295E-15,0.));
#40 = VECTOR('',#41,1.);
#41 = DIRECTION('',(0.,0.,1.));
#42 = ORIENTED_EDGE('',*,*,#43,.F.);
#43 = EDGE_CURVE('',#36,#36,#44,.T.);
#44 = CIRCLE('',#45,10.);
#45 = AXIS2_PLACEMENT_3D('',#46,#47,#48);
#46 = CARTESIAN_POINT('',(0.,0.,45.));
#47 = DIRECTION('',(0.,0.,1.));
#48 = DIRECTION('',(1.,0.,0.));
#49 = ORIENTED_EDGE('',*,*,#35,.F.);
#50 = ORIENTED_EDGE('',*,*,#51,.F.);
#51 = EDGE_CURVE('',#52,#22,#54,.T.);
#52 = VERTEX_POINT('',#53);
#53 = CARTESIAN_POINT('',(9.977975746613,0.663324958071,32.));
#54 = B_SPLINE_CURVE_WITH_KNOTS('',6,(#55,#56,#57,#58,#59,#60,#61),
  .UNSPECIFIED.,.F.,.F.,(7,7),(0.,1.),.PIECEWISE_BEZIER_KNOTS.);
#55 = CARTESIAN_POINT('',(9.977975686481,0.663325862604,31.9999994));
#56 = CARTESIAN_POINT('',(9.984106722516,0.571100710626,32.061174765195)
  );
#57 = CARTESIAN_POINT('',(9.989872367154,0.468912488222,32.114261639207)
  );
#58 = CARTESIAN_POINT('',(9.994760817203,0.358272343673,32.156347837845)
  );
#59 = CARTESIAN_POINT('',(9.99824099091,0.241436738462,32.185339677));
#60 = CARTESIAN_POINT('',(10.,0.121079137502,32.2));
#61 = CARTESIAN_POINT('',(10.,6.798646677178E-16,32.2));
#62 = ORIENTED_EDGE('',*,*,#63,.T.);
#63 = EDGE_CURVE('',#52,#24,#64,.T.);
#64 = CIRCLE('',#65,10.);
#65 = AXIS2_PLACEMENT_3D('',#66,#67,#68);
#66 = CARTESIAN_POINT('',(0.,0.,32.));
#67 = DIRECTION('',(0.,0.,1.));
#68 = DIRECTION('',(1.,0.,0.));
#69 = CYLINDRICAL_SURFACE('',#70,10.);
#70 = AXIS2_PLACEMENT_3D('',#71,#72,#73);
#71 = CARTESIAN_POINT('',(0.,0.,0.));
#72 = DIRECTION('',(0.,0.,1.));
#73 = DIRECTION('',(1.,0.,0.));
#74 = ADVANCED_FACE('',(#75),#256,.F.);
#75 = FACE_BOUND('',#76,.F.);
#76 = EDGE_LOOP('',(#77,#78,#86,#117,#146,#147,#148,#156,#183,#191,#203,
    #215,#223,#250));
#77 = ORIENTED_EDGE('',*,*,#21,.F.);
#78 = ORIENTED_EDGE('',*,*,#79,.F.);
#79 = EDGE_CURVE('',#80,#22,#82,.T.);
#80 = VERTEX_POINT('',#81);
#81 = CARTESIAN_POINT('',(8.,-8.327598234202E-16,32.2));
#82 = LINE('',#83,#84);
#83 = CARTESIAN_POINT('',(7.,2.939152317954E-16,32.2));
#84 = VECTOR('',#85,1.);
#85 = DIRECTION('',(1.,0.,0.));
#86 = ORIENTED_EDGE('',*,*,#87,.T.);
#87 = EDGE_CURVE('',#80,#88,#90,.T.);
#88 = VERTEX_POINT('',#89);
#89 = CARTESIAN_POINT('',(8.,-1.959434878636E-15,29.8));
#90 = B_SPLINE_CURVE_WITH_KNOTS('',7,(#91,#92,#93,#94,#95,#96,#97,#98,
    #99,#100,#101,#102,#103,#104,#105,#106,#107,#108,#109,#110,#111,#112
    ,#113,#114,#115,#116),.UNSPECIFIED.,.F.,.F.,(8,6,6,6,8),(0.,
    0.261133151414,0.500040866748,0.738944666819,1.),.UNSPECIFIED.);
#91 = CARTESIAN_POINT('',(8.,-2.22044604925E-16,32.2));
#92 = CARTESIAN_POINT('',(8.,-0.162008445655,32.2));
#93 = CARTESIAN_POINT('',(7.996172207671,-0.320695573381,32.174482495235
    ));
#94 = CARTESIAN_POINT('',(7.988800179982,-0.471298824184,32.125329690315
    ));
#95 = CARTESIAN_POINT('',(7.978817415869,-0.609676753023,32.055452781181
    ));
#96 = CARTESIAN_POINT('',(7.96761499741,-0.732518979274,31.968738333454)
  );
#97 = CARTESIAN_POINT('',(7.956504662354,-0.83767241172,31.87000540077)
  );
#98 = CARTESIAN_POINT('',(7.937132768425,-1.004159480357,31.66875710576)
  );
#99 = CARTESIAN_POINT('',(7.928535512442,-1.069953272545,31.565475606307
    ));
#100 = CARTESIAN_POINT('',(7.921154243808,-1.122207923639,
    31.457044607363));
#101 = CARTESIAN_POINT('',(7.91537863878,-1.161170443843,31.345038279761
    ));
#102 = CARTESIAN_POINT('',(7.911451726096,-1.18705745045,31.230763060698
    ));
#103 = CARTESIAN_POINT('',(7.909487973314,-1.2,31.115378422992));
#104 = CARTESIAN_POINT('',(7.909487973314,-1.2,30.884623467851));
#105 = CARTESIAN_POINT('',(7.911451685743,-1.18705785319,30.769239368587
    ));
#106 = CARTESIAN_POINT('',(7.915378516126,-1.161171155943,
    30.654963307645));
#107 = CARTESIAN_POINT('',(7.921154177901,-1.122208357278,
    30.542955304244));
#108 = CARTESIAN_POINT('',(7.928535630231,-1.069952664914,
    30.434522739373));
#109 = CARTESIAN_POINT('',(7.937132959112,-1.004157841545,
    30.331240913256));
#110 = CARTESIAN_POINT('',(7.956501605004,-0.837698687382,
    30.130026361049));
#111 = CARTESIAN_POINT('',(7.967612450933,-0.732546702226,
    30.031278003045));
#112 = CARTESIAN_POINT('',(7.978818176568,-0.609679925594,
    29.944537264791));
#113 = CARTESIAN_POINT('',(7.988803966557,-0.471263433222,
    29.874644913056));
#114 = CARTESIAN_POINT('',(7.996175081215,-0.320629304632,
    29.825498423674));
#115 = CARTESIAN_POINT('',(8.,-0.161947858185,29.8));
#116 = CARTESIAN_POINT('',(8.,-4.440892098501E-16,29.8));
#117 = ORIENTED_EDGE('',*,*,#118,.T.);
#118 = EDGE_CURVE('',#88,#80,#119,.T.);
#119 = B_SPLINE_CURVE_WITH_KNOTS('',7,(#120,#121,#122,#123,#124,#125,
    #126,#127,#128,#129,#130,#131,#132,#133,#134,#135,#136,#137,#138,
    #139,#140,#141,#142,#143,#144,#145),.UNSPECIFIED.,.F.,.F.,(8,6,6,6,8
    ),(0.,0.261136005231,0.500041409294,0.738946813358,1.),
  .UNSPECIFIED.);
#120 = CARTESIAN_POINT('',(8.,4.594282438712E-16,29.8));
#121 = CARTESIAN_POINT('',(8.,0.162008445655,29.8));
#122 = CARTESIAN_POINT('',(7.996172207671,0.320695573381,29.825517504765
    ));
#123 = CARTESIAN_POINT('',(7.988800179982,0.471298824184,29.874670309685
    ));
#124 = CARTESIAN_POINT('',(7.978817415869,0.609676753023,29.944547218819
    ));
#125 = CARTESIAN_POINT('',(7.96761499741,0.732518979274,30.031261666546)
  );
#126 = CARTESIAN_POINT('',(7.956504662354,0.83767241172,30.12999459923)
  );
#127 = CARTESIAN_POINT('',(7.937132959112,1.004157841545,30.331240913256
    ));
#128 = CARTESIAN_POINT('',(7.928535630231,1.069952664914,30.434522739373
    ));
#129 = CARTESIAN_POINT('',(7.921154177901,1.122208357278,30.542955304244
    ));
#130 = CARTESIAN_POINT('',(7.915378516126,1.161171155943,30.654963307645
    ));
#131 = CARTESIAN_POINT('',(7.911451685743,1.18705785319,30.769239368587)
  );
#132 = CARTESIAN_POINT('',(7.909487973314,1.2,30.884623467851));
#133 = CARTESIAN_POINT('',(7.909487973314,1.2,31.115376532149));
#134 = CARTESIAN_POINT('',(7.911451685743,1.18705785319,31.230760631413)
  );
#135 = CARTESIAN_POINT('',(7.915378516126,1.161171155943,31.345036692355
    ));
#136 = CARTESIAN_POINT('',(7.921154177901,1.122208357278,31.457044695756
    ));
#137 = CARTESIAN_POINT('',(7.928535630231,1.069952664914,31.565477260627
    ));
#138 = CARTESIAN_POINT('',(7.937132959112,1.004157841545,31.668759086744
    ));
#139 = CARTESIAN_POINT('',(7.956501453946,0.837699985613,31.869972069659
    ));
#140 = CARTESIAN_POINT('',(7.967612872368,0.732543375541,31.968726735881
    ));
#141 = CARTESIAN_POINT('',(7.978818704408,0.609674001877,32.055465676726
    ));
#142 = CARTESIAN_POINT('',(7.988804080347,0.471258821037,32.12535603276)
  );
#143 = CARTESIAN_POINT('',(7.996175112897,0.320627882103,32.174501774651
    ));
#144 = CARTESIAN_POINT('',(8.,0.161947026062,32.2));
#145 = CARTESIAN_POINT('',(8.,6.798646677178E-16,32.2));
#146 = ORIENTED_EDGE('',*,*,#79,.T.);
#147 = ORIENTED_EDGE('',*,*,#51,.F.);
#148 = ORIENTED_EDGE('',*,*,#149,.F.);
#149 = EDGE_CURVE('',#150,#52,#152,.T.);
#150 = VERTEX_POINT('',#151);
#151 = CARTESIAN_POINT('',(9.276313923105,0.663324958071,32.));
#152 = LINE('',#153,#154);
#153 = CARTESIAN_POINT('',(7.,0.663324958071,32.));
#154 = VECTOR('',#155,1.);
#155 = DIRECTION('',(1.,0.,0.));
#156 = ORIENTED_EDGE('',*,*,#157,.F.);
#157 = EDGE_CURVE('',#158,#150,#160,.T.);
#158 = VERTEX_POINT('',#159);
#159 = CARTESIAN_POINT('',(9.276313923105,0.663324958071,30.));
#160 = B_SPLINE_CURVE_WITH_KNOTS('',6,(#161,#162,#163,#164,#165,#166,
    #167,#168,#169,#170,#171,#172,#173,#174,#175,#176,#177,#178,#179,
    #180,#181,#182),.UNSPECIFIED.,.F.,.F.,(7,5,5,5,7),(0.,0.140445265623
    ,0.500014348181,0.764780451122,1.),.UNSPECIFIED.);
#161 = CARTESIAN_POINT('',(9.276313987786,0.663324053536,29.9999994));
#162 = CARTESIAN_POINT('',(9.272689148942,0.714015933469,30.033624523103
    ));
#163 = CARTESIAN_POINT('',(9.268929040787,0.761926669041,30.069845171922
    ));
#164 = CARTESIAN_POINT('',(9.265107235886,0.80698216987,30.108370784558)
  );
#165 = CARTESIAN_POINT('',(9.261292472345,0.849131757957,30.14892579621)
  );
#166 = CARTESIAN_POINT('',(9.257546629942,0.888346225272,30.191248717418
    ));
#167 = CARTESIAN_POINT('',(9.244644708131,1.017473777936,30.347337115305
    ));
#168 = CARTESIAN_POINT('',(9.236165536723,1.091031954945,30.469545293046
    ));
#169 = CARTESIAN_POINT('',(9.229322964485,1.14567990588,30.598232348059)
  );
#170 = CARTESIAN_POINT('',(9.22461170354,1.181895240735,30.730880230271)
  );
#171 = CARTESIAN_POINT('',(9.222255689364,1.2,30.865446944384));
#172 = CARTESIAN_POINT('',(9.222255689364,1.2,31.099077172934));
#173 = CARTESIAN_POINT('',(9.223533176819,1.19018361238,31.198155076681)
  );
#174 = CARTESIAN_POINT('',(9.226087219301,1.170551152991,31.29645606242)
  );
#175 = CARTESIAN_POINT('',(9.229851799037,1.141012214861,31.393184407036
    ));
#176 = CARTESIAN_POINT('',(9.234684865951,1.101413727473,31.487435396442
    ));
#177 = CARTESIAN_POINT('',(9.245396890436,1.007284833184,31.658655219528
    ));
#178 = CARTESIAN_POINT('',(9.251104607887,0.954863339279,31.736470566924
    ));
#179 = CARTESIAN_POINT('',(9.257313319738,0.894214647334,31.810622554975
    ));
#180 = CARTESIAN_POINT('',(9.263791706324,0.825321409471,31.880074574628
    ));
#181 = CARTESIAN_POINT('',(9.270239605511,0.748271790576,31.943652756536
    ));
#182 = CARTESIAN_POINT('',(9.276313987786,0.663324053536,32.0000006));
#183 = ORIENTED_EDGE('',*,*,#184,.T.);
#184 = EDGE_CURVE('',#158,#185,#187,.T.);
#185 = VERTEX_POINT('',#186);
#186 = CARTESIAN_POINT('',(9.977975746613,0.663324958071,30.));
#187 = LINE('',#188,#189);
#188 = CARTESIAN_POINT('',(7.,0.663324958071,30.));
#189 = VECTOR('',#190,1.);
#190 = DIRECTION('',(1.,0.,0.));
#191 = ORIENTED_EDGE('',*,*,#192,.F.);
#192 = EDGE_CURVE('',#193,#185,#195,.T.);
#193 = VERTEX_POINT('',#194);
#194 = CARTESIAN_POINT('',(10.,-2.449293598295E-15,29.8));
#195 = B_SPLINE_CURVE_WITH_KNOTS('',6,(#196,#197,#198,#199,#200,#201,
    #202),.UNSPECIFIED.,.F.,.F.,(7,7),(0.,1.),.PIECEWISE_BEZIER_KNOTS.);
#196 = CARTESIAN_POINT('',(10.,7.258817697813E-16,29.8));
#197 = CARTESIAN_POINT('',(10.,0.121126688524,29.8));
#198 = CARTESIAN_POINT('',(9.998239627149,0.241484208302,29.814671849469
    ));
#199 = CARTESIAN_POINT('',(9.994759266622,0.358291938575,29.843664952512
    ));
#200 = CARTESIAN_POINT('',(9.989872633152,0.468901325697,29.885738051464
    ));
#201 = CARTESIAN_POINT('',(9.984108197565,0.571078522428,29.938810516791
    ));
#202 = CARTESIAN_POINT('',(9.977975686481,0.663325862604,30.0000006));
#203 = ORIENTED_EDGE('',*,*,#204,.F.);
#204 = EDGE_CURVE('',#205,#193,#207,.T.);
#205 = VERTEX_POINT('',#206);
#206 = CARTESIAN_POINT('',(9.977975746613,-0.663324958071,30.));
#207 = B_SPLINE_CURVE_WITH_KNOTS('',6,(#208,#209,#210,#211,#212,#213,
    #214),.UNSPECIFIED.,.F.,.F.,(7,7),(0.,1.),.PIECEWISE_BEZIER_KNOTS.);
#208 = CARTESIAN_POINT('',(9.977975686481,-0.663325862604,30.0000006));
#209 = CARTESIAN_POINT('',(9.984106722516,-0.571100710626,
    29.938825234805));
#210 = CARTESIAN_POINT('',(9.989872367154,-0.468912488222,
    29.885738360793));
#211 = CARTESIAN_POINT('',(9.994760817203,-0.358272343673,
    29.843652162155));
#212 = CARTESIAN_POINT('',(9.99824099091,-0.241436738461,29.814660323));
#213 = CARTESIAN_POINT('',(10.,-0.121079137502,29.8));
#214 = CARTESIAN_POINT('',(10.,-4.440892098501E-16,29.8));
#215 = ORIENTED_EDGE('',*,*,#216,.F.);
#216 = EDGE_CURVE('',#217,#205,#219,.T.);
#217 = VERTEX_POINT('',#218);
#218 = CARTESIAN_POINT('',(9.276313923105,-0.663324958071,30.));
#219 = LINE('',#220,#221);
#220 = CARTESIAN_POINT('',(7.,-0.663324958071,30.));
#221 = VECTOR('',#222,1.);
#222 = DIRECTION('',(1.,0.,0.));
#223 = ORIENTED_EDGE('',*,*,#224,.F.);
#224 = EDGE_CURVE('',#225,#217,#227,.T.);
#225 = VERTEX_POINT('',#226);
#226 = CARTESIAN_POINT('',(9.276313923105,-0.663324958071,32.));
#227 = B_SPLINE_CURVE_WITH_KNOTS('',6,(#228,#229,#230,#231,#232,#233,
    #234,#235,#236,#237,#238,#239,#240,#241,#242,#243,#244,#245,#246,
    #247,#248,#249),.UNSPECIFIED.,.F.,.F.,(7,5,5,5,7),(0.,0.140445265623
    ,0.500014348182,0.764780451122,1.),.UNSPECIFIED.);
#228 = CARTESIAN_POINT('',(9.276313987786,-0.663324053536,32.0000006));
#229 = CARTESIAN_POINT('',(9.272689148942,-0.714015933469,
    31.966375476897));
#230 = CARTESIAN_POINT('',(9.268929040787,-0.761926669041,
    31.930154828078));
#231 = CARTESIAN_POINT('',(9.265107235886,-0.80698216987,31.891629215442
    ));
#232 = CARTESIAN_POINT('',(9.261292472345,-0.849131757957,31.85107420379
    ));
#233 = CARTESIAN_POINT('',(9.257546629942,-0.888346225272,
    31.808751282582));
#234 = CARTESIAN_POINT('',(9.244644708131,-1.017473777936,
    31.652662884695));
#235 = CARTESIAN_POINT('',(9.236165536723,-1.091031954945,
    31.530454706954));
#236 = CARTESIAN_POINT('',(9.229322964485,-1.14567990588,31.401767651941
    ));
#237 = CARTESIAN_POINT('',(9.22461170354,-1.181895240735,31.269119769729
    ));
#238 = CARTESIAN_POINT('',(9.222255689364,-1.2,31.134553055616));
#239 = CARTESIAN_POINT('',(9.222255689364,-1.2,30.900922827066));
#240 = CARTESIAN_POINT('',(9.223533176819,-1.19018361238,30.801844923319
    ));
#241 = CARTESIAN_POINT('',(9.226087219301,-1.170551152991,30.70354393758
    ));
#242 = CARTESIAN_POINT('',(9.229851799037,-1.141012214861,
    30.606815592964));
#243 = CARTESIAN_POINT('',(9.234684865951,-1.101413727473,
    30.512564603558));
#244 = CARTESIAN_POINT('',(9.245396890436,-1.007284833184,
    30.341344780472));
#245 = CARTESIAN_POINT('',(9.251104607887,-0.954863339279,
    30.263529433075));
#246 = CARTESIAN_POINT('',(9.257313319738,-0.894214647334,
    30.189377445025));
#247 = CARTESIAN_POINT('',(9.263791706324,-0.82532140947,30.119925425372
    ));
#248 = CARTESIAN_POINT('',(9.270239605511,-0.748271790577,
    30.056347243464));
#249 = CARTESIAN_POINT('',(9.276313987786,-0.663324053536,29.9999994));
#250 = ORIENTED_EDGE('',*,*,#251,.T.);
#251 = EDGE_CURVE('',#225,#24,#252,.T.);
#252 = LINE('',#253,#254);
#253 = CARTESIAN_POINT('',(7.,-0.663324958071,32.));
#254 = VECTOR('',#255,1.);
#255 = DIRECTION('',(1.,0.,0.));
#256 = CYLINDRICAL_SURFACE('',#257,1.2);
#257 = AXIS2_PLACEMENT_3D('',#258,#259,#260);
#258 = CARTESIAN_POINT('',(7.,0.,31.));
#259 = DIRECTION('',(1.,0.,0.));
#260 = DIRECTION('',(0.,0.,1.));
#261 = ADVANCED_FACE('',(#262),#274,.F.);
#262 = FACE_BOUND('',#263,.F.);
#263 = EDGE_LOOP('',(#264,#265,#266,#267));
#264 = ORIENTED_EDGE('',*,*,#149,.T.);
#265 = ORIENTED_EDGE('',*,*,#63,.T.);
#266 = ORIENTED_EDGE('',*,*,#251,.F.);
#267 = ORIENTED_EDGE('',*,*,#268,.F.);
#268 = EDGE_CURVE('',#150,#225,#269,.T.);
#269 = CIRCLE('',#270,9.3);
#270 = AXIS2_PLACEMENT_3D('',#271,#272,#273);
#271 = CARTESIAN_POINT('',(0.,0.,32.));
#272 = DIRECTION('',(0.,0.,1.));
#273 = DIRECTION('',(1.,0.,0.));
#274 = PLANE('',#275);
#275 = AXIS2_PLACEMENT_3D('',#276,#277,#278);
#276 = CARTESIAN_POINT('',(0.,0.,32.));
#277 = DIRECTION('',(0.,0.,1.));
#278 = DIRECTION('',(1.,0.,0.));
#279 = ADVANCED_FACE('',(#280,#283),#294,.T.);
#280 = FACE_BOUND('',#281,.T.);
#281 = EDGE_LOOP('',(#282));
#282 = ORIENTED_EDGE('',*,*,#43,.T.);
#283 = FACE_BOUND('',#284,.T.);
#284 = EDGE_LOOP('',(#285));
#285 = ORIENTED_EDGE('',*,*,#286,.F.);
#286 = EDGE_CURVE('',#287,#287,#289,.T.);
#287 = VERTEX_POINT('',#288);
#288 = CARTESIAN_POINT('',(8.,-1.959434878636E-15,45.));
#289 = CIRCLE('',#290,8.);
#290 = AXIS2_PLACEMENT_3D('',#291,#292,#293);
#291 = CARTESIAN_POINT('',(0.,0.,45.));
#292 = DIRECTION('',(0.,0.,1.));
#293 = DIRECTION('',(1.,0.,0.));
#294 = PLANE('',#295);
#295 = AXIS2_PLACEMENT_3D('',#296,#297,#298);
#296 = CARTESIAN_POINT('',(0.,0.,45.));
#297 = DIRECTION('',(0.,0.,1.));
#298 = DIRECTION('',(1.,0.,0.));
#299 = ADVANCED_FACE('',(#300),#312,.T.);
#300 = FACE_BOUND('',#301,.T.);
#301 = EDGE_LOOP('',(#302,#303,#304,#311));
#302 = ORIENTED_EDGE('',*,*,#268,.F.);
#303 = ORIENTED_EDGE('',*,*,#157,.F.);
#304 = ORIENTED_EDGE('',*,*,#305,.T.);
#305 = EDGE_CURVE('',#158,#217,#306,.T.);
#306 = CIRCLE('',#307,9.3);
#307 = AXIS2_PLACEMENT_3D('',#308,#309,#310);
#308 = CARTESIAN_POINT('',(0.,0.,30.));
#309 = DIRECTION('',(0.,0.,1.));
#310 = DIRECTION('',(1.,0.,0.));
#311 = ORIENTED_EDGE('',*,*,#224,.F.);
#312 = CYLINDRICAL_SURFACE('',#313,9.3);
#313 = AXIS2_PLACEMENT_3D('',#314,#315,#316);
#314 = CARTESIAN_POINT('',(0.,0.,30.));
#315 = DIRECTION('',(0.,0.,1.));
#316 = DIRECTION('',(1.,0.,0.));
#317 = ADVANCED_FACE('',(#318),#330,.T.);
#318 = FACE_BOUND('',#319,.T.);
#319 = EDGE_LOOP('',(#320,#321,#328,#329));
#320 = ORIENTED_EDGE('',*,*,#184,.T.);
#321 = ORIENTED_EDGE('',*,*,#322,.T.);
#322 = EDGE_CURVE('',#185,#205,#323,.T.);
#323 = CIRCLE('',#324,10.);
#324 = AXIS2_PLACEMENT_3D('',#325,#326,#327);
#325 = CARTESIAN_POINT('',(0.,0.,30.));
#326 = DIRECTION('',(0.,0.,1.));
#327 = DIRECTION('',(1.,0.,0.));
#328 = ORIENTED_EDGE('',*,*,#216,.F.);
#329 = ORIENTED_EDGE('',*,*,#305,.F.);
#330 = PLANE('',#331);
#331 = AXIS2_PLACEMENT_3D('',#332,#333,#334);
#332 = CARTESIAN_POINT('',(0.,0.,30.));
#333 = DIRECTION('',(0.,0.,1.));
#334 = DIRECTION('',(1.,0.,0.));
#335 = ADVANCED_FACE('',(#336),#357,.T.);
#336 = FACE_BOUND('',#337,.T.);
#337 = EDGE_LOOP('',(#338,#339,#340,#348,#355,#356));
#338 = ORIENTED_EDGE('',*,*,#322,.F.);
#339 = ORIENTED_EDGE('',*,*,#192,.F.);
#340 = ORIENTED_EDGE('',*,*,#341,.F.);
#341 = EDGE_CURVE('',#342,#193,#344,.T.);
#342 = VERTEX_POINT('',#343);
#343 = CARTESIAN_POINT('',(10.,-2.449293598295E-15,0.));
#344 = LINE('',#345,#346);
#345 = CARTESIAN_POINT('',(10.,-2.449293598295E-15,0.));
#346 = VECTOR('',#347,1.);
#347 = DIRECTION('',(0.,0.,1.));
#348 = ORIENTED_EDGE('',*,*,#349,.T.);
#349 = EDGE_CURVE('',#342,#342,#350,.T.);
#350 = CIRCLE('',#351,10.);
#351 = AXIS2_PLACEMENT_3D('',#352,#353,#354);
#352 = CARTESIAN_POINT('',(0.,0.,0.));
#353 = DIRECTION('',(0.,0.,1.));
#354 = DIRECTION('',(1.,0.,0.));
#355 = ORIENTED_EDGE('',*,*,#341,.T.);
#356 = ORIENTED_EDGE('',*,*,#204,.F.);
#357 = CYLINDRICAL_SURFACE('',#358,10.);
#358 = AXIS2_PLACEMENT_3D('',#359,#360,#361);
#359 = CARTESIAN_POINT('',(0.,0.,0.));
#360 = DIRECTION('',(0.,0.,1.));
#361 = DIRECTION('',(1.,0.,0.));
#362 = ADVANCED_FACE('',(#363),#391,.F.);
#363 = FACE_BOUND('',#364,.F.);
#364 = EDGE_LOOP('',(#365,#371,#372,#373,#374,#382,#389,#390));
#365 = ORIENTED_EDGE('',*,*,#366,.T.);
#366 = EDGE_CURVE('',#80,#287,#367,.T.);
#367 = LINE('',#368,#369);
#368 = CARTESIAN_POINT('',(8.,-1.959434878636E-15,3.));
#369 = VECTOR('',#370,1.);
#370 = DIRECTION('',(0.,0.,1.));
#371 = ORIENTED_EDGE('',*,*,#286,.F.);
#372 = ORIENTED_EDGE('',*,*,#366,.F.);
#373 = ORIENTED_EDGE('',*,*,#118,.F.);
#374 = ORIENTED_EDGE('',*,*,#375,.F.);
#375 = EDGE_CURVE('',#376,#88,#378,.T.);
#376 = VERTEX_POINT('',#377);
#377 = CARTESIAN_POINT('',(8.,-1.959434878636E-15,3.));
#378 = LINE('',#379,#380);
#379 = CARTESIAN_POINT('',(8.,-1.959434878636E-15,3.));
#380 = VECTOR('',#381,1.);
#381 = DIRECTION('',(0.,0.,1.));
#382 = ORIENTED_EDGE('',*,*,#383,.T.);
#383 = EDGE_CURVE('',#376,#376,#384,.T.);
#384 = CIRCLE('',#385,8.);
#385 = AXIS2_PLACEMENT_3D('',#386,#387,#388);
#386 = CARTESIAN_POINT('',(0.,0.,3.));
#387 = DIRECTION('',(0.,0.,1.));
#388 = DIRECTION('',(1.,0.,0.));
#389 = ORIENTED_EDGE('',*,*,#375,.T.);
#390 = ORIENTED_EDGE('',*,*,#87,.F.);
#391 = CYLINDRICAL_SURFACE('',#392,8.);
#392 = AXIS2_PLACEMENT_3D('',#393,#394,#395);
#393 = CARTESIAN_POINT('',(0.,0.,3.));
#394 = DIRECTION('',(0.,0.,1.));
#395 = DIRECTION('',(1.,0.,0.));
#396 = ADVANCED_FACE('',(#397),#400,.F.);
#397 = FACE_BOUND('',#398,.T.);
#398 = EDGE_LOOP('',(#399));
#399 = ORIENTED_EDGE('',*,*,#349,.F.);
#400 = PLANE('',#401);
#401 = AXIS2_PLACEMENT_3D('',#402,#403,#404);
#402 = CARTESIAN_POINT('',(0.,0.,0.));
#403 = DIRECTION('',(0.,0.,1.));
#404 = DIRECTION('',(1.,0.,0.));
#405 = ADVANCED_FACE('',(#406),#409,.T.);
#406 = FACE_BOUND('',#407,.F.);
#407 = EDGE_LOOP('',(#408));
#408 = ORIENTED_EDGE('',*,*,#383,.F.);
#409 = PLANE('',#410);
#410 = AXIS2_PLACEMENT_3D('',#411,#412,#413);
#411 = CARTESIAN_POINT('',(0.,0.,3.));
#412 = DIRECTION('',(0.,0.,1.));
#413 = DIRECTION('',(1.,0.,0.));
#414 = MANIFOLD_SOLID_BREP('',#415);
#415 = CLOSED_SHELL('',(#416,#1000,#1009));
#416 = ADVANCED_FACE('',(#417),#516,.T.);
#417 = FACE_BOUND('',#418,.T.);
#418 = EDGE_LOOP('',(#419,#495,#505,#506));
#419 = ORIENTED_EDGE('',*,*,#420,.T.);
#420 = EDGE_CURVE('',#421,#423,#425,.T.);
#421 = VERTEX_POINT('',#422);
#422 = CARTESIAN_POINT('',(5.55,-1.726049858597E-16,4.));
#423 = VERTEX_POINT('',#424);
#424 = CARTESIAN_POINT('',(4.724394159804,-3.023957248302E-02,
    14.475002093791));
#425 = ( BOUNDED_CURVE() B_SPLINE_CURVE(9,(#426,#427,#428,#429,#430,#431
    ,#432,#433,#434,#435,#436,#437,#438,#439,#440,#441,#442,#443,#444,
    #445,#446,#447,#448,#449,#450,#451,#452,#453,#454,#455,#456,#457,
    #458,#459,#460,#461,#462,#463,#464,#465,#466,#467,#468,#469,#470,
    #471,#472,#473,#474,#475,#476,#477,#478,#479,#480,#481,#482,#483,
    #484,#485,#486,#487,#488,#489,#490,#491,#492,#493,#494),
.UNSPECIFIED.,.F.,.F.) B_SPLINE_CURVE_WITH_KNOTS((10,8,9,8,9,8,9,8,10),(
    0.,4.121135386845,8.242270773689,12.363406160534,16.484541547378,
    20.605676934223,24.726812321067,28.847947707912,32.969083094756),
.UNSPECIFIED.) CURVE() GEOMETRIC_REPRESENTATION_ITEM() 
RATIONAL_B_SPLINE_CURVE((1.669078461068,1.669078461068,1.669078461068,
    1.669078461068,1.669078461068,1.669078461068,1.669078461068,
    1.669078461068,1.669078461068,1.669078461068,1.669078461068,
    1.669078461068,1.669078461068,1.669078461068,1.669078461068,
    1.669078461068,1.669078461068,1.669078461068,1.669078461068,
    1.669078461068,1.669078461068,1.669078461068,1.669078461068,
    1.669078461068,1.669078461068,1.669078461068,1.669078461068,
    1.669078461068,1.669078461068,1.669078461068,1.669078461068,
    1.669078461068,1.669078461068,1.669078461068,1.669078461068,
    1.669078461068,1.669078461068,1.669078461068,1.669078461068,
    1.669078461068,1.669078461068,1.669078461068,1.669078461068,
    1.669078461068,1.669078461068,1.669078461068,1.669078461068,
    1.669078461068,1.669078461068,1.669078461068,1.669078461068,
    1.669078461068,1.669078461068,1.669078461068,1.669078461068,
    1.669078461069,1.669078461068,1.669078461068,1.669078461068,
    1.669078461068,1.669078461068,1.669078461068,1.669078461068,
    1.669078461069,1.669078461068,1.669078461068,1.669078461068,
1.669078461068,1.669078461068)) REPRESENTATION_ITEM('') );
#426 = CARTESIAN_POINT('',(5.55,-1.726049858597E-16,4.));
#427 = CARTESIAN_POINT('',(5.549999999299,2.420653411022,4.154679187287)
  );
#428 = CARTESIAN_POINT('',(4.361690239213,4.841377448381,4.309302456505)
  );
#429 = CARTESIAN_POINT('',(1.985555451929,6.594222927334,4.464023366899)
  );
#430 = CARTESIAN_POINT('',(-1.143217279763,7.01765753207,4.618522103377)
  );
#431 = CARTESIAN_POINT('',(-4.147834862686,5.771479682938,4.773199246156
    ));
#432 = CARTESIAN_POINT('',(-6.056101782581,3.259920360993,4.927641224098
    ));
#433 = CARTESIAN_POINT('',(-6.494124676,0.345736698469,5.082112473312));
#434 = CARTESIAN_POINT('',(-5.623896368799,-2.199235867901,
    5.236472123439));
#435 = CARTESIAN_POINT('',(-2.211653782452,-5.610971730599,
    5.545011211046));
#436 = CARTESIAN_POINT('',(0.330618736327,-6.477987726391,5.69918545518)
  );
#437 = CARTESIAN_POINT('',(3.235901148629,-6.037077401438,5.853270901788
    ));
#438 = CARTESIAN_POINT('',(5.732320892499,-4.132440945522,6.007170904068
    ));
#439 = CARTESIAN_POINT('',(6.963259502631,-1.144761990534,6.161056408954
    ));
#440 = CARTESIAN_POINT('',(6.537158447788,1.955978961238,6.314648425391)
  );
#441 = CARTESIAN_POINT('',(4.799010537496,4.304821011197,6.468184671828)
  );
#442 = CARTESIAN_POINT('',(2.406042351559,5.476830884903,6.62148689174)
  );
#443 = CARTESIAN_POINT('',(1.748121953863E-02,5.476227201551,
    6.774594354396));
#444 = CARTESIAN_POINT('',(-2.3711153387,5.475939817501,6.927155534637)
  );
#445 = CARTESIAN_POINT('',(-4.75578395025,4.303099591157,7.079413026261)
  );
#446 = CARTESIAN_POINT('',(-6.477446619593,1.962578495588,7.231499855579
    ));
#447 = CARTESIAN_POINT('',(-6.887675583601,-1.111943811634,
    7.383140730925));
#448 = CARTESIAN_POINT('',(-5.659407327098,-4.055132173713,
    7.534679226748));
#449 = CARTESIAN_POINT('',(-3.198422600017,-5.917898588475,
    7.685761759028));
#450 = CARTESIAN_POINT('',(-0.350725326403,-6.342163088947,
    7.836612969881));
#451 = CARTESIAN_POINT('',(2.131633889893,-5.49132411837,7.987112342853)
  );
#452 = CARTESIAN_POINT('',(5.455759718097,-2.165804197454,8.287443004253
    ));
#453 = CARTESIAN_POINT('',(6.297764659455,0.309132265777,8.437269958907)
  );
#454 = CARTESIAN_POINT('',(5.865577064687,3.132350864215,8.586758733558)
  );
#455 = CARTESIAN_POINT('',(4.012821033817,5.551710497734,8.73584591779)
  );
#456 = CARTESIAN_POINT('',(1.116337428418,6.738182760021,8.884630650959)
  );
#457 = CARTESIAN_POINT('',(-1.881217078787,6.320952320381,9.032940699067
    ));
#458 = CARTESIAN_POINT('',(-4.147138991786,4.639878870225,9.180912038556
    ));
#459 = CARTESIAN_POINT('',(-5.275744852284,2.33127801704,9.328434299848)
  );
#460 = CARTESIAN_POINT('',(-5.274699445446,3.027284458426E-02,
    9.475524730748));
#461 = CARTESIAN_POINT('',(-5.27420177305,-2.270753502512,9.622300110508
    ));
#462 = CARTESIAN_POINT('',(-4.144155281808,-4.564944067039,
    9.768605500047));
#463 = CARTESIAN_POINT('',(-1.892641098587,-6.217402937747,
    9.914517706473));
#464 = CARTESIAN_POINT('',(1.059457628697,-6.607019373328,
    10.059879812592));
#465 = CARTESIAN_POINT('',(3.878661029307,-5.425068676993,
    10.204886218173));
#466 = CARTESIAN_POINT('',(5.658614645717,-3.067218907848,
    10.349338180443));
#467 = CARTESIAN_POINT('',(6.061841508663,-0.344039950296,
    10.493360283962));
#468 = CARTESIAN_POINT('',(5.247925343916,2.026805230874,10.636884696499
    ));
#469 = CARTESIAN_POINT('',(2.073561243398,5.199261855508,10.922956788645
    ));
#470 = CARTESIAN_POINT('',(-0.287129742014,6.001092131615,
    11.065502156649));
#471 = CARTESIAN_POINT('',(-2.976819364434,5.587031998293,
    11.207550683942));
#472 = CARTESIAN_POINT('',(-5.277725068623,3.820783252843,
    11.349089207261));
#473 = CARTESIAN_POINT('',(-6.402535406338,1.065521499109,
    11.490118462808));
#474 = CARTESIAN_POINT('',(-6.003460718451,-1.781321153511,
    11.630619177924));
#475 = CARTESIAN_POINT('',(-4.406594061913,-3.930942037837,
    11.770589109393));
#476 = CARTESIAN_POINT('',(-2.216376866659,-5.00068620364,
    11.910015382813));
#477 = CARTESIAN_POINT('',(-3.494333340454E-02,-4.999479519067,
    12.048888597577));
#478 = CARTESIAN_POINT('',(2.146491431464,-4.998905065871,12.1877625032)
  );
#479 = CARTESIAN_POINT('',(4.320053452318,-3.927496463722,
    12.326126237801));
#480 = CARTESIAN_POINT('',(5.883852316415,-1.794504993168,12.46397962246
    ));
#481 = CARTESIAN_POINT('',(6.250979258803,0.999838914935,12.601326601923
    ));
#482 = CARTESIAN_POINT('',(5.131328254255,3.665762421864,12.738159532599
    ));
#483 = CARTESIAN_POINT('',(2.901506902616,5.347806678137,12.874488876329
    ));
#484 = CARTESIAN_POINT('',(0.32747376106,5.728360335419,13.010304490933)
  );
#485 = CARTESIAN_POINT('',(-1.912871540154,4.958995343243,
    13.145610650635));
#486 = CARTESIAN_POINT('',(-4.91028785101,1.959670464686,13.415198776731
    ));
#487 = CARTESIAN_POINT('',(-5.667554862218,-0.270513741507,
    13.549483060411));
#488 = CARTESIAN_POINT('',(-5.276171387398,-2.811030066221,13.6832394306
    ));
#489 = CARTESIAN_POINT('',(-3.607834781622,-4.983865589986,
    13.816527246206));
#490 = CARTESIAN_POINT('',(-1.005959931451,-6.046359284909,
    13.949213322517));
#491 = CARTESIAN_POINT('',(1.683104707669,-5.669855988969,
    14.081488822586));
#492 = CARTESIAN_POINT('',(3.714214988529,-4.161737711979,
    14.213151075542));
#493 = CARTESIAN_POINT('',(4.725452713488,-2.092163165565,
    14.344350155242));
#494 = CARTESIAN_POINT('',(4.724394159804,-3.023957248302E-02,
    14.475002093791));
#495 = ORIENTED_EDGE('',*,*,#496,.F.);
#496 = EDGE_CURVE('',#423,#423,#497,.T.);
#497 = ( BOUNDED_CURVE() B_SPLINE_CURVE(6,(#498,#499,#500,#501,#502,#503
,#504),.UNSPECIFIED.,.T.,.F.) B_SPLINE_CURVE_WITH_KNOTS((1,6,6,1),(
    -6.28318530718,0.,6.28318530718,12.566370614359),.UNSPECIFIED.) 
CURVE() GEOMETRIC_REPRESENTATION_ITEM() RATIONAL_B_SPLINE_CURVE((
    1.669078461068,1.03672962321,1.038346699848,0.853534330196,
1.038346699848,1.03672962321,1.669078461068)) REPRESENTATION_ITEM('') );
#498 = CARTESIAN_POINT('',(4.724394159804,-3.023957248302E-02,
    14.475002093791));
#499 = CARTESIAN_POINT('',(5.513630599625,-0.117217271078,
    14.927395896887));
#500 = CARTESIAN_POINT('',(6.193197000563,-6.757712938707E-02,
    14.016437255368));
#501 = CARTESIAN_POINT('',(5.75767267881,8.313212039496E-02,
    12.694163706444));
#502 = CARTESIAN_POINT('',(4.388082279602,0.131355302275,12.981737547603
    ));
#503 = CARTESIAN_POINT('',(3.935157719983,5.673812611216E-02,
    14.022608290695));
#504 = CARTESIAN_POINT('',(4.724394159804,-3.023957248302E-02,
    14.475002093791));
#505 = ORIENTED_EDGE('',*,*,#420,.F.);
#506 = ORIENTED_EDGE('',*,*,#507,.T.);
#507 = EDGE_CURVE('',#421,#421,#508,.T.);
#508 = ( BOUNDED_CURVE() B_SPLINE_CURVE(6,(#509,#510,#511,#512,#513,#514
,#515),.UNSPECIFIED.,.T.,.F.) B_SPLINE_CURVE_WITH_KNOTS((1,6,6,1),(
    -6.28318530718,0.,6.28318530718,12.566370614359),.UNSPECIFIED.) 
CURVE() GEOMETRIC_REPRESENTATION_ITEM() RATIONAL_B_SPLINE_CURVE((
    1.669078461068,1.03672962321,1.038346699848,0.853534330196,
1.038346699848,1.03672962321,1.669078461068)) REPRESENTATION_ITEM('') );
#509 = CARTESIAN_POINT('',(5.55,-1.726049858597E-16,4.));
#510 = CARTESIAN_POINT('',(5.55,2.027891743417E-15,3.086151308436));
#511 = CARTESIAN_POINT('',(4.419998495199,9.506284648353E-16,
    2.954938189215));
#512 = CARTESIAN_POINT('',(3.487985693445,5.585809592645E-16,4.));
#513 = CARTESIAN_POINT('',(4.419998495199,-7.619772868228E-16,
    5.045061810785));
#514 = CARTESIAN_POINT('',(5.55,-1.39688607903E-15,4.913848691564));
#515 = CARTESIAN_POINT('',(5.55,-1.726049858597E-16,4.));
#516 = ( BOUNDED_SURFACE() B_SPLINE_SURFACE(6,9,(
    (#517,#518,#519,#520,#521,#522,#523,#524,#525,#526,#527,#528,#529
      ,#530,#531,#532,#533,#534,#535,#536,#537,#538,#539,#540,#541,#542
      ,#543,#544,#545,#546,#547,#548,#549,#550,#551,#552,#553,#554,#555
      ,#556,#557,#558,#559,#560,#561,#562,#563,#564,#565,#566,#567,#568
      ,#569,#570,#571,#572,#573,#574,#575,#576,#577,#578,#579,#580,#581
      ,#582,#583,#584,#585)
    ,(#586,#587,#588,#589,#590,#591,#592,#593,#594,#595,#596,#597,#598
      ,#599,#600,#601,#602,#603,#604,#605,#606,#607,#608,#609,#610,#611
      ,#612,#613,#614,#615,#616,#617,#618,#619,#620,#621,#622,#623,#624
      ,#625,#626,#627,#628,#629,#630,#631,#632,#633,#634,#635,#636,#637
      ,#638,#639,#640,#641,#642,#643,#644,#645,#646,#647,#648,#649,#650
      ,#651,#652,#653,#654)
    ,(#655,#656,#657,#658,#659,#660,#661,#662,#663,#664,#665,#666,#667
      ,#668,#669,#670,#671,#672,#673,#674,#675,#676,#677,#678,#679,#680
      ,#681,#682,#683,#684,#685,#686,#687,#688,#689,#690,#691,#692,#693
      ,#694,#695,#696,#697,#698,#699,#700,#701,#702,#703,#704,#705,#706
      ,#707,#708,#709,#710,#711,#712,#713,#714,#715,#716,#717,#718,#719
      ,#720,#721,#722,#723)
    ,(#724,#725,#726,#727,#728,#729,#730,#731,#732,#733,#734,#735,#736
      ,#737,#738,#739,#740,#741,#742,#743,#744,#745,#746,#747,#748,#749
      ,#750,#751,#752,#753,#754,#755,#756,#757,#758,#759,#760,#761,#762
      ,#763,#764,#765,#766,#767,#768,#769,#770,#771,#772,#773,#774,#775
      ,#776,#777,#778,#779,#780,#781,#782,#783,#784,#785,#786,#787,#788
      ,#789,#790,#791,#792)
    ,(#793,#794,#795,#796,#797,#798,#799,#800,#801,#802,#803,#804,#805
      ,#806,#807,#808,#809,#810,#811,#812,#813,#814,#815,#816,#817,#818
      ,#819,#820,#821,#822,#823,#824,#825,#826,#827,#828,#829,#830,#831
      ,#832,#833,#834,#835,#836,#837,#838,#839,#840,#841,#842,#843,#844
      ,#845,#846,#847,#848,#849,#850,#851,#852,#853,#854,#855,#856,#857
      ,#858,#859,#860,#861)
    ,(#862,#863,#864,#865,#866,#867,#868,#869,#870,#871,#872,#873,#874
      ,#875,#876,#877,#878,#879,#880,#881,#882,#883,#884,#885,#886,#887
      ,#888,#889,#890,#891,#892,#893,#894,#895,#896,#897,#898,#899,#900
      ,#901,#902,#903,#904,#905,#906,#907,#908,#909,#910,#911,#912,#913
      ,#914,#915,#916,#917,#918,#919,#920,#921,#922,#923,#924,#925,#926
      ,#927,#928,#929,#930)
    ,(#931,#932,#933,#934,#935,#936,#937,#938,#939,#940,#941,#942,#943
      ,#944,#945,#946,#947,#948,#949,#950,#951,#952,#953,#954,#955,#956
      ,#957,#958,#959,#960,#961,#962,#963,#964,#965,#966,#967,#968,#969
      ,#970,#971,#972,#973,#974,#975,#976,#977,#978,#979,#980,#981,#982
      ,#983,#984,#985,#986,#987,#988,#989,#990,#991,#992,#993,#994,#995
      ,#996,#997,#998,#999
)),.UNSPECIFIED.,.T.,.F.,.F.) B_SPLINE_SURFACE_WITH_KNOTS((1,6,6,1),(10,
    8,9,8,9,8,9,8,10),(-6.28318530718,0.,6.28318530718,12.566370614359),
  (0.,4.121135386845,8.242270773689,12.363406160534,16.484541547378,
    20.605676934223,24.726812321067,28.847947707912,32.969083094756),
.UNSPECIFIED.) GEOMETRIC_REPRESENTATION_ITEM() RATIONAL_B_SPLINE_SURFACE
((
    (1.669078461068,1.669078461068,1.669078461068,1.669078461068
      ,1.669078461068,1.669078461068,1.669078461068,1.669078461068
      ,1.669078461068,1.669078461068,1.669078461068,1.669078461068
      ,1.669078461068,1.669078461068,1.669078461068,1.669078461068
      ,1.669078461068,1.669078461068,1.669078461068,1.669078461068
      ,1.669078461068,1.669078461068,1.669078461068,1.669078461068
      ,1.669078461068,1.669078461068,1.669078461068,1.669078461068
      ,1.669078461068,1.669078461068,1.669078461068,1.669078461068
      ,1.669078461068,1.669078461068,1.669078461068,1.669078461068
      ,1.669078461068,1.669078461068,1.669078461068,1.669078461068
      ,1.669078461068,1.669078461068,1.669078461068,1.669078461068
      ,1.669078461068,1.669078461068,1.669078461068,1.669078461068
      ,1.669078461068,1.669078461068,1.669078461068,1.669078461068
      ,1.669078461068,1.669078461068,1.669078461068,1.669078461069
      ,1.669078461068,1.669078461068,1.669078461068,1.669078461068
      ,1.669078461068,1.669078461068,1.669078461068,1.669078461069
      ,1.669078461068,1.669078461068,1.669078461068,1.669078461068
      ,1.669078461068)
    ,(1.03672962321,1.03672962321,1.03672962321,1.03672962321
      ,1.03672962321,1.03672962321,1.03672962321,1.03672962321
      ,1.03672962321,1.03672962321,1.03672962321,1.03672962321
      ,1.036729623209,1.03672962321,1.03672962321,1.03672962321
      ,1.03672962321,1.03672962321,1.03672962321,1.03672962321
      ,1.036729623209,1.03672962321,1.036729623209,1.03672962321
      ,1.03672962321,1.03672962321,1.03672962321,1.03672962321
      ,1.03672962321,1.03672962321,1.03672962321,1.03672962321
      ,1.03672962321,1.03672962321,1.03672962321,1.03672962321
      ,1.03672962321,1.03672962321,1.03672962321,1.03672962321
      ,1.03672962321,1.03672962321,1.03672962321,1.03672962321
      ,1.03672962321,1.03672962321,1.03672962321,1.03672962321
      ,1.03672962321,1.03672962321,1.03672962321,1.03672962321
      ,1.03672962321,1.03672962321,1.036729623209,1.03672962321
      ,1.036729623209,1.03672962321,1.03672962321,1.03672962321
      ,1.03672962321,1.03672962321,1.036729623209,1.03672962321
      ,1.036729623209,1.03672962321,1.03672962321,1.03672962321
      ,1.03672962321)
    ,(1.038346699848,1.038346699848,1.038346699847,1.038346699848
      ,1.038346699847,1.038346699848,1.038346699847,1.038346699848
      ,1.038346699848,1.038346699848,1.038346699847,1.038346699848
      ,1.038346699847,1.038346699848,1.038346699848,1.038346699848
      ,1.038346699848,1.038346699848,1.038346699847,1.038346699848
      ,1.038346699847,1.038346699848,1.038346699847,1.038346699848
      ,1.038346699847,1.038346699848,1.038346699847,1.038346699848
      ,1.038346699847,1.038346699848,1.038346699847,1.038346699848
      ,1.038346699847,1.038346699848,1.038346699848,1.038346699848
      ,1.038346699847,1.038346699848,1.038346699847,1.038346699848
      ,1.038346699847,1.038346699848,1.038346699848,1.038346699848
      ,1.038346699848,1.038346699847,1.038346699848,1.038346699847
      ,1.038346699848,1.038346699847,1.038346699848,1.038346699848
      ,1.038346699847,1.038346699848,1.038346699847,1.038346699848
      ,1.038346699847,1.038346699848,1.038346699847,1.038346699848
      ,1.038346699847,1.038346699848,1.038346699847,1.038346699848
      ,1.038346699847,1.038346699848,1.038346699847,1.038346699848
      ,1.038346699848)
    ,(0.853534330196,0.853534330196,0.853534330196,0.853534330196
      ,0.853534330196,0.853534330196,0.853534330196,0.853534330196
      ,0.853534330196,0.853534330196,0.853534330196,0.853534330196
      ,0.853534330196,0.853534330196,0.853534330196,0.853534330196
      ,0.853534330196,0.853534330196,0.853534330196,0.853534330196
      ,0.853534330196,0.853534330196,0.853534330196,0.853534330196
      ,0.853534330196,0.853534330196,0.853534330196,0.853534330196
      ,0.853534330196,0.853534330196,0.853534330196,0.853534330196
      ,0.853534330196,0.853534330196,0.853534330196,0.853534330196
      ,0.853534330196,0.853534330196,0.853534330196,0.853534330196
      ,0.853534330196,0.853534330196,0.853534330196,0.853534330196
      ,0.853534330196,0.853534330196,0.853534330196,0.853534330196
      ,0.853534330196,0.853534330196,0.853534330196,0.853534330196
      ,0.853534330196,0.853534330196,0.853534330196,0.853534330196
      ,0.853534330196,0.853534330196,0.853534330196,0.853534330196
      ,0.853534330196,0.853534330196,0.853534330196,0.853534330196
      ,0.853534330196,0.853534330196,0.853534330196,0.853534330196
      ,0.853534330196)
    ,(1.038346699848,1.038346699848,1.038346699848,1.038346699848
      ,1.038346699848,1.038346699848,1.038346699847,1.038346699848
      ,1.038346699848,1.038346699848,1.038346699847,1.038346699848
      ,1.038346699847,1.038346699848,1.038346699847,1.038346699848
      ,1.038346699848,1.038346699848,1.038346699847,1.038346699848
      ,1.038346699847,1.038346699848,1.038346699847,1.038346699848
      ,1.038346699847,1.038346699848,1.038346699847,1.038346699848
      ,1.038346699847,1.038346699848,1.038346699847,1.038346699848
      ,1.038346699847,1.038346699848,1.038346699848,1.038346699848
      ,1.038346699848,1.038346699847,1.038346699848,1.038346699847
      ,1.038346699848,1.038346699847,1.038346699848,1.038346699848
      ,1.038346699848,1.038346699847,1.038346699848,1.038346699847
      ,1.038346699848,1.038346699847,1.038346699848,1.038346699848
      ,1.038346699847,1.038346699848,1.038346699847,1.038346699848
      ,1.038346699847,1.038346699848,1.038346699847,1.038346699848
      ,1.038346699847,1.038346699848,1.038346699847,1.038346699848
      ,1.038346699847,1.038346699848,1.038346699847,1.038346699848
      ,1.038346699848)
    ,(1.03672962321,1.03672962321,1.03672962321,1.03672962321
      ,1.03672962321,1.03672962321,1.03672962321,1.03672962321
      ,1.03672962321,1.03672962321,1.03672962321,1.03672962321
      ,1.03672962321,1.03672962321,1.03672962321,1.03672962321
      ,1.03672962321,1.03672962321,1.03672962321,1.03672962321
      ,1.03672962321,1.03672962321,1.03672962321,1.03672962321
      ,1.03672962321,1.03672962321,1.03672962321,1.03672962321
      ,1.03672962321,1.03672962321,1.03672962321,1.03672962321
      ,1.03672962321,1.03672962321,1.03672962321,1.03672962321
      ,1.03672962321,1.03672962321,1.03672962321,1.03672962321
      ,1.03672962321,1.03672962321,1.03672962321,1.03672962321
      ,1.03672962321,1.03672962321,1.03672962321,1.03672962321
      ,1.03672962321,1.03672962321,1.03672962321,1.03672962321
      ,1.03672962321,1.03672962321,1.03672962321,1.03672962321
      ,1.036729623209,1.03672962321,1.03672962321,1.03672962321
      ,1.03672962321,1.03672962321,1.036729623209,1.03672962321
      ,1.036729623209,1.03672962321,1.03672962321,1.03672962321
      ,1.03672962321)
    ,(1.669078461068,1.669078461068,1.669078461068,1.669078461068
      ,1.669078461068,1.669078461068,1.669078461068,1.669078461068
      ,1.669078461068,1.669078461068,1.669078461068,1.669078461068
      ,1.669078461068,1.669078461068,1.669078461068,1.669078461068
      ,1.669078461068,1.669078461068,1.669078461068,1.669078461068
      ,1.669078461068,1.669078461068,1.669078461068,1.669078461068
      ,1.669078461068,1.669078461068,1.669078461068,1.669078461068
      ,1.669078461068,1.669078461068,1.669078461068,1.669078461068
      ,1.669078461068,1.669078461068,1.669078461068,1.669078461068
      ,1.669078461068,1.669078461068,1.669078461068,1.669078461068
      ,1.669078461068,1.669078461068,1.669078461068,1.669078461068
      ,1.669078461068,1.669078461068,1.669078461068,1.669078461068
      ,1.669078461068,1.669078461068,1.669078461068,1.669078461068
      ,1.669078461068,1.669078461068,1.669078461068,1.669078461069
      ,1.669078461068,1.669078461068,1.669078461068,1.669078461068
      ,1.669078461068,1.669078461068,1.669078461068,1.669078461069
      ,1.669078461068,1.669078461068,1.669078461068,1.669078461068
,1.669078461068))) REPRESENTATION_ITEM('') SURFACE() );
#517 = CARTESIAN_POINT('',(5.55,-1.726049858597E-16,4.));
#518 = CARTESIAN_POINT('',(5.549999999299,2.420653411022,4.154679187287)
  );
#519 = CARTESIAN_POINT('',(4.361690239213,4.841377448381,4.309302456505)
  );
#520 = CARTESIAN_POINT('',(1.985555451929,6.594222927334,4.464023366899)
  );
#521 = CARTESIAN_POINT('',(-1.143217279763,7.01765753207,4.618522103377)
  );
#522 = CARTESIAN_POINT('',(-4.147834862686,5.771479682938,4.773199246156
    ));
#523 = CARTESIAN_POINT('',(-6.056101782581,3.259920360993,4.927641224098
    ));
#524 = CARTESIAN_POINT('',(-6.494124676,0.345736698469,5.082112473312));
#525 = CARTESIAN_POINT('',(-5.623896368799,-2.199235867901,
    5.236472123439));
#526 = CARTESIAN_POINT('',(-2.211653782452,-5.610971730599,
    5.545011211046));
#527 = CARTESIAN_POINT('',(0.330618736327,-6.477987726391,5.69918545518)
  );
#528 = CARTESIAN_POINT('',(3.235901148629,-6.037077401438,5.853270901788
    ));
#529 = CARTESIAN_POINT('',(5.732320892499,-4.132440945522,6.007170904068
    ));
#530 = CARTESIAN_POINT('',(6.963259502631,-1.144761990534,6.161056408954
    ));
#531 = CARTESIAN_POINT('',(6.537158447788,1.955978961238,6.314648425391)
  );
#532 = CARTESIAN_POINT('',(4.799010537496,4.304821011197,6.468184671828)
  );
#533 = CARTESIAN_POINT('',(2.406042351559,5.476830884903,6.62148689174)
  );
#534 = CARTESIAN_POINT('',(1.748121953863E-02,5.476227201551,
    6.774594354396));
#535 = CARTESIAN_POINT('',(-2.3711153387,5.475939817501,6.927155534637)
  );
#536 = CARTESIAN_POINT('',(-4.75578395025,4.303099591157,7.079413026261)
  );
#537 = CARTESIAN_POINT('',(-6.477446619593,1.962578495588,7.231499855579
    ));
#538 = CARTESIAN_POINT('',(-6.887675583601,-1.111943811634,
    7.383140730925));
#539 = CARTESIAN_POINT('',(-5.659407327098,-4.055132173713,
    7.534679226748));
#540 = CARTESIAN_POINT('',(-3.198422600017,-5.917898588475,
    7.685761759028));
#541 = CARTESIAN_POINT('',(-0.350725326403,-6.342163088947,
    7.836612969881));
#542 = CARTESIAN_POINT('',(2.131633889893,-5.49132411837,7.987112342853)
  );
#543 = CARTESIAN_POINT('',(5.455759718097,-2.165804197454,8.287443004253
    ));
#544 = CARTESIAN_POINT('',(6.297764659455,0.309132265777,8.437269958907)
  );
#545 = CARTESIAN_POINT('',(5.865577064687,3.132350864215,8.586758733558)
  );
#546 = CARTESIAN_POINT('',(4.012821033817,5.551710497734,8.73584591779)
  );
#547 = CARTESIAN_POINT('',(1.116337428418,6.738182760021,8.884630650959)
  );
#548 = CARTESIAN_POINT('',(-1.881217078787,6.320952320381,9.032940699067
    ));
#549 = CARTESIAN_POINT('',(-4.147138991786,4.639878870225,9.180912038556
    ));
#550 = CARTESIAN_POINT('',(-5.275744852284,2.33127801704,9.328434299848)
  );
#551 = CARTESIAN_POINT('',(-5.274699445446,3.027284458426E-02,
    9.475524730748));
#552 = CARTESIAN_POINT('',(-5.27420177305,-2.270753502512,9.622300110508
    ));
#553 = CARTESIAN_POINT('',(-4.144155281808,-4.564944067039,
    9.768605500047));
#554 = CARTESIAN_POINT('',(-1.892641098587,-6.217402937747,
    9.914517706473));
#555 = CARTESIAN_POINT('',(1.059457628697,-6.607019373328,
    10.059879812592));
#556 = CARTESIAN_POINT('',(3.878661029307,-5.425068676993,
    10.204886218173));
#557 = CARTESIAN_POINT('',(5.658614645717,-3.067218907848,
    10.349338180443));
#558 = CARTESIAN_POINT('',(6.061841508663,-0.344039950296,
    10.493360283962));
#559 = CARTESIAN_POINT('',(5.247925343916,2.026805230874,10.636884696499
    ));
#560 = CARTESIAN_POINT('',(2.073561243398,5.199261855508,10.922956788645
    ));
#561 = CARTESIAN_POINT('',(-0.287129742014,6.001092131615,
    11.065502156649));
#562 = CARTESIAN_POINT('',(-2.976819364434,5.587031998293,
    11.207550683942));
#563 = CARTESIAN_POINT('',(-5.277725068623,3.820783252843,
    11.349089207261));
#564 = CARTESIAN_POINT('',(-6.402535406338,1.065521499109,
    11.490118462808));
#565 = CARTESIAN_POINT('',(-6.003460718451,-1.781321153511,
    11.630619177924));
#566 = CARTESIAN_POINT('',(-4.406594061913,-3.930942037837,
    11.770589109393));
#567 = CARTESIAN_POINT('',(-2.216376866659,-5.00068620364,
    11.910015382813));
#568 = CARTESIAN_POINT('',(-3.494333340454E-02,-4.999479519067,
    12.048888597577));
#569 = CARTESIAN_POINT('',(2.146491431464,-4.998905065871,12.1877625032)
  );
#570 = CARTESIAN_POINT('',(4.320053452318,-3.927496463722,
    12.326126237801));
#571 = CARTESIAN_POINT('',(5.883852316415,-1.794504993168,12.46397962246
    ));
#572 = CARTESIAN_POINT('',(6.250979258803,0.999838914935,12.601326601923
    ));
#573 = CARTESIAN_POINT('',(5.131328254255,3.665762421864,12.738159532599
    ));
#574 = CARTESIAN_POINT('',(2.901506902616,5.347806678137,12.874488876329
    ));
#575 = CARTESIAN_POINT('',(0.32747376106,5.728360335419,13.010304490933)
  );
#576 = CARTESIAN_POINT('',(-1.912871540154,4.958995343243,
    13.145610650635));
#577 = CARTESIAN_POINT('',(-4.91028785101,1.959670464686,13.415198776731
    ));
#578 = CARTESIAN_POINT('',(-5.667554862218,-0.270513741507,
    13.549483060411));
#579 = CARTESIAN_POINT('',(-5.276171387398,-2.811030066221,13.6832394306
    ));
#580 = CARTESIAN_POINT('',(-3.607834781622,-4.983865589986,
    13.816527246206));
#581 = CARTESIAN_POINT('',(-1.005959931451,-6.046359284909,
    13.949213322517));
#582 = CARTESIAN_POINT('',(1.683104707669,-5.669855988969,
    14.081488822586));
#583 = CARTESIAN_POINT('',(3.714214988529,-4.161737711979,
    14.213151075542));
#584 = CARTESIAN_POINT('',(4.725452713488,-2.092163165565,
    14.344350155242));
#585 = CARTESIAN_POINT('',(4.724394159804,-3.023957248302E-02,
    14.475002093791));
#586 = CARTESIAN_POINT('',(5.55,2.027891743417E-15,3.086151308436));
#587 = CARTESIAN_POINT('',(5.576236277907,2.420654450295,3.240830485161)
  );
#588 = CARTESIAN_POINT('',(4.414089326579,4.867072968479,3.396300211376)
  );
#589 = CARTESIAN_POINT('',(2.042558976502,6.671222075909,3.552712599903)
  );
#590 = CARTESIAN_POINT('',(-1.124519638582,7.152957149605,3.709744683415
    ));
#591 = CARTESIAN_POINT('',(-4.214750068132,5.933872496569,3.86780501468)
  );
#592 = CARTESIAN_POINT('',(-6.21802563452,3.384242583722,4.026467883571)
  );
#593 = CARTESIAN_POINT('',(-6.713960922412,0.380024028204,4.186009951562
    ));
#594 = CARTESIAN_POINT('',(-5.843798730648,-2.272707808986,
    4.346286639614));
#595 = CARTESIAN_POINT('',(-2.325202714997,-5.865472298977,
    4.668356892369));
#596 = CARTESIAN_POINT('',(0.323477400473,-6.805794033847,4.830144723536
    ));
#597 = CARTESIAN_POINT('',(3.383592376492,-6.385925948628,4.992710146278
    ));
#598 = CARTESIAN_POINT('',(6.052541061795,-4.416041001829,5.155888191902
    ));
#599 = CARTESIAN_POINT('',(7.414012174392,-1.262527082227,5.32001392532)
  );
#600 = CARTESIAN_POINT('',(7.010516730036,2.060002336377,5.484575716851)
  );
#601 = CARTESIAN_POINT('',(5.178353930456,4.609828489175,5.650045710447)
  );
#602 = CARTESIAN_POINT('',(2.612038482038,5.906064993225,5.816097648413)
  );
#603 = CARTESIAN_POINT('',(2.525319487551E-02,5.932477549689,
    5.982827565944));
#604 = CARTESIAN_POINT('',(-2.561599014632,5.958298675863,6.148487508302
    ));
#605 = CARTESIAN_POINT('',(-5.168379128927,4.714175904802,6.314530352067
    ));
#606 = CARTESIAN_POINT('',(-7.081231909039,2.18545062692,6.481215090197)
  );
#607 = CARTESIAN_POINT('',(-7.580183024675,-1.177460895314,
    6.647998700285));
#608 = CARTESIAN_POINT('',(-6.276885575046,-4.440917788133,6.81556357304
    ));
#609 = CARTESIAN_POINT('',(-3.581130727498,-6.542595819867,
    6.983202915957));
#610 = CARTESIAN_POINT('',(-0.421488969679,-7.055017064546,
    7.151371035794));
#611 = CARTESIAN_POINT('',(2.35855112825,-6.137508137396,7.319827497459)
  );
#612 = CARTESIAN_POINT('',(6.114984202198,-2.453511084787,7.657392281099
    ));
#613 = CARTESIAN_POINT('',(7.091675272105,0.313254090037,7.826491493447)
  );
#614 = CARTESIAN_POINT('',(6.645479315697,3.498374462482,7.99592908495)
  );
#615 = CARTESIAN_POINT('',(4.589636407978,6.261725561834,8.16550216348)
  );
#616 = CARTESIAN_POINT('',(1.320957365997,7.655495421652,8.335594064002)
  );
#617 = CARTESIAN_POINT('',(-2.101787176761,7.22615064677,8.505599303791)
  );
#618 = CARTESIAN_POINT('',(-4.716201683793,5.335755777851,8.676054425752
    ));
#619 = CARTESIAN_POINT('',(-6.039566605114,2.703549578595,8.846572738906
    ));
#620 = CARTESIAN_POINT('',(-6.064804269082,5.927579913155E-02,
    9.017253383872));
#621 = CARTESIAN_POINT('',(-6.090066078668,-2.585075815275,
    9.186712344669));
#622 = CARTESIAN_POINT('',(-4.817194955737,-5.241539388198,
    9.356043935389));
#623 = CARTESIAN_POINT('',(-2.240073044634,-7.180443970139,
    9.525544219644));
#624 = CARTESIAN_POINT('',(1.171950734252,-7.674169020302,9.694596393745
    ));
#625 = CARTESIAN_POINT('',(4.463645059006,-6.343621491271,9.863972851694
    ));
#626 = CARTESIAN_POINT('',(6.569366451701,-3.622639801667,10.03287608325
    ));
#627 = CARTESIAN_POINT('',(7.075524441511,-0.450525549848,
    10.201815600314));
#628 = CARTESIAN_POINT('',(6.15323806341,2.330506830158,10.370519914067)
  );
#629 = CARTESIAN_POINT('',(2.474031524038,6.080168163327,10.70754048411)
  );
#630 = CARTESIAN_POINT('',(-0.283179954549,7.049084038557,
    10.875846698463));
#631 = CARTESIAN_POINT('',(-3.445990163536,6.597902268824,
    11.043961389433));
#632 = CARTESIAN_POINT('',(-6.175426271676,4.552254052306,
    11.211697868063));
#633 = CARTESIAN_POINT('',(-7.537115733745,1.321766752749,11.37938547001
    ));
#634 = CARTESIAN_POINT('',(-7.103222417242,-2.04078686015,
    11.546486531688));
#635 = CARTESIAN_POINT('',(-5.244540044633,-4.597837092356,
    11.713458833106));
#636 = CARTESIAN_POINT('',(-2.670600481983,-5.887406438702,
    11.879958385118));
#637 = CARTESIAN_POINT('',(-9.294074830836E-02,-5.911481567631,
    12.04606116896));
#638 = CARTESIAN_POINT('',(2.484786833193,-5.936189941445,
    12.211118270256));
#639 = CARTESIAN_POINT('',(5.066927518752,-4.695510099236,
    12.375571921761));
#640 = CARTESIAN_POINT('',(6.942242945108,-2.191772969588,12.53967580572
    ));
#641 = CARTESIAN_POINT('',(7.40970239654,1.109467350741,12.702904673095)
  );
#642 = CARTESIAN_POINT('',(6.116176821844,4.276834937166,12.865914280143
    ));
#643 = CARTESIAN_POINT('',(3.497634966535,6.291155934226,13.02802914728)
  );
#644 = CARTESIAN_POINT('',(0.459343769659,6.769981629755,13.189679066871
    ));
#645 = CARTESIAN_POINT('',(-2.196097854326,5.886768736948,
    13.350632345856));
#646 = CARTESIAN_POINT('',(-5.770364843112,2.381259096758,13.67121655655
    ));
#647 = CARTESIAN_POINT('',(-6.689442032917,-0.241322682787,
    13.830835505542));
#648 = CARTESIAN_POINT('',(-6.255968578149,-3.240492707246,
    13.989795109771));
#649 = CARTESIAN_POINT('',(-4.313903126123,-5.816793575728,
    14.147939731213));
#650 = CARTESIAN_POINT('',(-1.264764785856,-7.090631137707,
    14.305522748088));
#651 = CARTESIAN_POINT('',(1.893394962457,-6.674708322468,
    14.462120317159));
#652 = CARTESIAN_POINT('',(4.286461930977,-4.929177597487,
    14.618106479336));
#653 = CARTESIAN_POINT('',(5.490421815878,-2.522029638739,
    14.773156081103));
#654 = CARTESIAN_POINT('',(5.513630599625,-0.117217271078,
    14.927395896887));
#655 = CARTESIAN_POINT('',(4.419998495199,9.506284648353E-16,
    2.954938189215));
#656 = CARTESIAN_POINT('',(4.450001857638,1.929634334701,3.077175435422)
  );
#657 = CARTESIAN_POINT('',(3.532661100505,3.888860201756,3.200439655821)
  );
#658 = CARTESIAN_POINT('',(1.643882417853,5.345119238747,3.324567260684)
  );
#659 = CARTESIAN_POINT('',(-0.895121165857,5.751366810558,3.449891905597
    ));
#660 = CARTESIAN_POINT('',(-3.392341724004,4.790535354385,3.576000276685
    ));
#661 = CARTESIAN_POINT('',(-5.030013781224,2.741889025149,3.703314622713
    ));
#662 = CARTESIAN_POINT('',(-5.450247765538,0.305789258386,3.831570063767
    ));
#663 = CARTESIAN_POINT('',(-4.754214265865,-1.85925912913,3.960910913254
    ));
#664 = CARTESIAN_POINT('',(-1.89199520517,-4.807409839848,4.221723417588
    ));
#665 = CARTESIAN_POINT('',(0.274354761114,-5.590737680803,4.353199931316
    ));
#666 = CARTESIAN_POINT('',(2.793942838653,-5.26383980814,4.485760874144)
  );
#667 = CARTESIAN_POINT('',(5.012318863812,-3.65637245914,4.619430033032)
  );
#668 = CARTESIAN_POINT('',(6.169478898197,-1.049548652769,4.754214818727
    ));
#669 = CARTESIAN_POINT('',(5.858566041959,1.72884335348,4.890143399167)
  );
#670 = CARTESIAN_POINT('',(4.337963839615,3.881511098338,5.027233173806)
  );
#671 = CARTESIAN_POINT('',(2.180614881473,4.988023674223,5.165502871121)
  );
#672 = CARTESIAN_POINT('',(-9.546889710084E-03,5.019555599473,
    5.304975996325));
#673 = CARTESIAN_POINT('',(-2.199707320672,5.04971590775,5.444426316537)
  );
#674 = CARTESIAN_POINT('',(-4.421574535193,4.004624934006,5.584982063696
    ));
#675 = CARTESIAN_POINT('',(-6.070689148052,1.857797241337,5.72664700846)
  );
#676 = CARTESIAN_POINT('',(-6.525652422932,-1.024407071174,
    5.869405286838));
#677 = CARTESIAN_POINT('',(-5.42914901199,-3.854755949734,6.01328204753)
  );
#678 = CARTESIAN_POINT('',(-3.102227100886,-5.704975470247,
    6.158246238708));
#679 = CARTESIAN_POINT('',(-0.342242201195,-6.174305266576,6.30432360501
    ));
#680 = CARTESIAN_POINT('',(2.106026103173,-5.381506540886,6.451504099933
    ));
#681 = CARTESIAN_POINT('',(5.433923768766,-2.139509875149,6.748079083597
    ));
#682 = CARTESIAN_POINT('',(6.313820540676,0.309893637979,6.897472680928)
  );
#683 = CARTESIAN_POINT('',(5.937640857482,3.152822786658,7.047996606908)
  );
#684 = CARTESIAN_POINT('',(4.117833467808,5.648544036601,7.199558221963)
  );
#685 = CARTESIAN_POINT('',(1.178849446891,6.940383233757,7.352377980128)
  );
#686 = CARTESIAN_POINT('',(-1.940964210061,6.580410747406,7.506142054584
    ));
#687 = CARTESIAN_POINT('',(-4.349763435367,4.867758191621,7.661165132606
    ));
#688 = CARTESIAN_POINT('',(-5.582707321944,2.449607228279,7.817247607787
    ));
#689 = CARTESIAN_POINT('',(-5.613866626294,1.2431117369E-03,
    7.974464942711));
#690 = CARTESIAN_POINT('',(-5.64384955101,-2.447163470881,8.13097770414)
  );
#691 = CARTESIAN_POINT('',(-4.471816208265,-4.924730458615,
    8.288377907476));
#692 = CARTESIAN_POINT('',(-2.073994081009,-6.755756495625,
    8.446835293917));
#693 = CARTESIAN_POINT('',(1.133477259545,-7.250052372239,8.605989421854
    ));
#694 = CARTESIAN_POINT('',(4.268653193285,-6.020574161465,8.766296271712
    ));
#695 = CARTESIAN_POINT('',(6.305530026031,-3.438099097224,8.927280687053
    ));
#696 = CARTESIAN_POINT('',(6.813940757505,-0.390143273713,9.089251483799
    ));
#697 = CARTESIAN_POINT('',(5.934517449786,2.304382264214,9.252047296105)
  );
#698 = CARTESIAN_POINT('',(2.365738812892,5.957924686416,9.579342131898)
  );
#699 = CARTESIAN_POINT('',(-0.323865801802,6.917239062017,9.74383475281)
  );
#700 = CARTESIAN_POINT('',(-3.43479563173,6.495511149471,9.909200471895)
  );
#701 = CARTESIAN_POINT('',(-6.152109549357,4.497207874568,
    10.075254729419));
#702 = CARTESIAN_POINT('',(-7.542803148137,1.291475125978,
    10.242372529762));
#703 = CARTESIAN_POINT('',(-7.137720303112,-2.090789633369,
    10.409981373836));
#704 = CARTESIAN_POINT('',(-5.276236040503,-4.689632966718,
    10.578609701945));
#705 = CARTESIAN_POINT('',(-2.664495002442,-6.013314534823,
    10.747892433582));
#706 = CARTESIAN_POINT('',(-2.947542760644E-02,-6.043498893504,
    10.917937123366));
#707 = CARTESIAN_POINT('',(2.605619029598,-6.07301769276,11.08678446979)
  );
#708 = CARTESIAN_POINT('',(5.263348990266,-4.808903978943,11.25606314412
    ));
#709 = CARTESIAN_POINT('',(7.216541875375,-2.234474969571,
    11.426063646376));
#710 = CARTESIAN_POINT('',(7.730235716305,1.193072078691,11.596176639571
    ));
#711 = CARTESIAN_POINT('',(6.406152287952,4.522999382673,11.767168837084
    ));
#712 = CARTESIAN_POINT('',(3.659402419419,6.67056989501,11.938244775401)
  );
#713 = CARTESIAN_POINT('',(0.436642296762,7.197562560045,12.109918251636
    ));
#714 = CARTESIAN_POINT('',(-2.401115644025,6.264893703958,
    12.281914910226));
#715 = CARTESIAN_POINT('',(-6.238841649017,2.509992714786,
    12.626647324805));
#716 = CARTESIAN_POINT('',(-7.23911725385,-0.312522686843,
    12.799364283863));
#717 = CARTESIAN_POINT('',(-6.787793999005,-3.564218862419,
    12.972487650573));
#718 = CARTESIAN_POINT('',(-4.692722484407,-6.387924981838,
    13.145708961265));
#719 = CARTESIAN_POINT('',(-1.357212785249,-7.815132797983,
    13.319610732452));
#720 = CARTESIAN_POINT('',(2.138127398796,-7.380985832013,
    13.493288062709));
#721 = CARTESIAN_POINT('',(4.809944114275,-5.453819288473,
    13.667614196071));
#722 = CARTESIAN_POINT('',(6.164328990613,-2.767629922947,
    13.841887410441));
#723 = CARTESIAN_POINT('',(6.193197000563,-6.757712938707E-02,
    14.016437255368));
#724 = CARTESIAN_POINT('',(3.487985693445,5.585809592645E-16,4.));
#725 = CARTESIAN_POINT('',(3.487985695375,1.524645037089,4.095479512376)
  );
#726 = CARTESIAN_POINT('',(2.739540701537,3.049613111784,4.19111275006)
  );
#727 = CARTESIAN_POINT('',(1.243119440347,4.154190625808,4.286477560735)
  );
#728 = CARTESIAN_POINT('',(-0.729512415618,4.424601241337,4.382453153483
    ));
#729 = CARTESIAN_POINT('',(-2.629580807477,3.64258233137,4.477938286446)
  );
#730 = CARTESIAN_POINT('',(-3.845805381984,2.055187161673,4.574069915049
    ));
#731 = CARTESIAN_POINT('',(-4.130515822093,0.20129033097,4.670121073497)
  );
#732 = CARTESIAN_POINT('',(-3.578018312541,-1.425528984693,
    4.766479030887));
#733 = CARTESIAN_POINT('',(-1.391390685678,-3.613549654115,
    4.959690371301));
#734 = CARTESIAN_POINT('',(0.242851376498,-4.174878183315,5.056558031441
    ));
#735 = CARTESIAN_POINT('',(2.121218784841,-3.898105630108,5.153669806363
    ));
#736 = CARTESIAN_POINT('',(3.750234424712,-2.671900485606,5.251291389425
    ));
#737 = CARTESIAN_POINT('',(4.574147784613,-0.725265825132,5.348952827519
    ));
#738 = CARTESIAN_POINT('',(4.311067552063,1.324428671393,5.447421099674)
  );
#739 = CARTESIAN_POINT('',(3.16608470341,2.895880858552,5.546042690079)
  );
#740 = CARTESIAN_POINT('',(1.564812547897,3.689136145852,5.645307646762)
  );
#741 = CARTESIAN_POINT('',(-4.805791643393E-02,3.690795741972,
    5.745108013915));
#742 = CARTESIAN_POINT('',(-1.660830989946,3.691585794325,5.846410175301
    ));
#743 = CARTESIAN_POINT('',(-3.284919645817,2.900613243526,5.948547212202
    ));
#744 = CARTESIAN_POINT('',(-4.475222349404,1.30628577981,6.051153419732)
  );
#745 = CARTESIAN_POINT('',(-4.781936815285,-0.815486836023,
    6.154985606875));
#746 = CARTESIAN_POINT('',(-3.950682341196,-2.88443133836,6.259099247298
    ));
#747 = CARTESIAN_POINT('',(-2.224251696975,-4.225742121433,
    6.364466384813));
#748 = CARTESIAN_POINT('',(-0.187576009503,-4.548275992407,
    6.470469451975));
#749 = CARTESIAN_POINT('',(1.611374726328,-3.942474929451,6.57743976261)
  );
#750 = CARTESIAN_POINT('',(4.04024562403,-1.517436555617,6.793217026404)
  );
#751 = CARTESIAN_POINT('',(4.670332466181,0.301920196274,6.902035893616)
  );
#752 = CARTESIAN_POINT('',(4.369580107837,2.405890623848,7.011784457195)
  );
#753 = CARTESIAN_POINT('',(3.000749608944,4.24675351718,7.122637039789)
  );
#754 = CARTESIAN_POINT('',(0.803408269841,5.192910066108,7.234321095721)
  );
#755 = CARTESIAN_POINT('',(-1.529957827502,4.90544347545,7.347310116385)
  );
#756 = CARTESIAN_POINT('',(-3.329367166248,3.603556262522,7.461230286643
    ));
#757 = CARTESIAN_POINT('',(-4.241945160706,1.770348445017,7.576385025374
    ));
#758 = CARTESIAN_POINT('',(-4.244819106334,-8.322358929355E-02,
    7.692726916343));
#759 = CARTESIAN_POINT('',(-4.246187265939,-1.936737412033,
    7.809934919729));
#760 = CARTESIAN_POINT('',(-3.337569733853,-3.809560797958,
    7.928434981191));
#761 = CARTESIAN_POINT('',(-1.498551861319,-5.190112835364,
    8.048015948989));
#762 = CARTESIAN_POINT('',(0.959777489655,-5.553493551941,8.169109206865
    ));
#763 = CARTESIAN_POINT('',(3.369571147514,-4.594906689441,8.291180327094
    ));
#764 = CARTESIAN_POINT('',(4.938543995816,-2.584945987217,8.414775676823
    ));
#765 = CARTESIAN_POINT('',(5.318912792087,-0.205954890082,8.539552758512
    ));
#766 = CARTESIAN_POINT('',(4.611606618858,1.899560966643,8.665698050903)
  );
#767 = CARTESIAN_POINT('',(1.771023221456,4.745388238276,8.920673788702)
  );
#768 = CARTESIAN_POINT('',(-0.362407706653,5.485919932475,9.049510588984
    ));
#769 = CARTESIAN_POINT('',(-2.833464901652,5.135333063091,9.179713262472
    ));
#770 = CARTESIAN_POINT('',(-4.999971496446,3.528683922164,9.311317996516
    ));
#771 = CARTESIAN_POINT('',(-6.11564388563,0.943107200874,9.444322767204)
  );
#772 = CARTESIAN_POINT('',(-5.778265010577,-1.804583405952,
    9.578780557342));
#773 = CARTESIAN_POINT('',(-4.244883476478,-3.923717870645,
    9.714697533781));
#774 = CARTESIAN_POINT('',(-2.086225141766,-4.998113545961,9.85210908976
    ));
#775 = CARTESIAN_POINT('',(9.606330913878E-02,-5.001430862939,
    9.991041068652));
#776 = CARTESIAN_POINT('',(2.278348374191,-5.00301010194,10.129971148294
    ));
#777 = CARTESIAN_POINT('',(4.482793730682,-3.933190156744,
    10.270303747707));
#778 = CARTESIAN_POINT('',(6.107082492485,-1.76833948928,10.412039358828
    ));
#779 = CARTESIAN_POINT('',(6.532289455329,1.12367630446,10.555167136973)
  );
#780 = CARTESIAN_POINT('',(5.402433455982,3.954854311704,10.699708095403
    ));
#781 = CARTESIAN_POINT('',(3.040507664811,5.792991438671,10.845633473182
    ));
#782 = CARTESIAN_POINT('',(0.251497281228,6.235691528293,10.992971152417
    ));
#783 = CARTESIAN_POINT('',(-2.212778003677,5.405908972694,
    11.141709382734));
#784 = CARTESIAN_POINT('',(-5.539811563771,2.08412228836,11.442001470529
    ));
#785 = CARTESIAN_POINT('',(-6.40285288356,-0.408087034798,
    11.593548957512));
#786 = CARTESIAN_POINT('',(-5.98992522858,-3.289239066738,11.74654774041
    ));
#787 = CARTESIAN_POINT('',(-4.114104167699,-5.807825561461,
    11.900834634624));
#788 = CARTESIAN_POINT('',(-1.10684891436,-7.09481368804,12.056775780552
    ));
#789 = CARTESIAN_POINT('',(2.074591899131,-6.695383417222,
    12.213845648522));
#790 = CARTESIAN_POINT('',(4.519525869145,-4.91802221134,12.372601404558
    ));
#791 = CARTESIAN_POINT('',(5.754762590965,-2.427703129267,
    12.532630477996));
#792 = CARTESIAN_POINT('',(5.75767267881,8.313212039496E-02,
    12.694163706444));
#793 = CARTESIAN_POINT('',(4.419998495199,-7.619772868228E-16,
    5.045061810785));
#794 = CARTESIAN_POINT('',(4.389995134241,1.929631957711,5.167299081148)
  );
#795 = CARTESIAN_POINT('',(3.412815691453,3.830090282817,5.288627313916)
  );
#796 = CARTESIAN_POINT('',(1.513505896749,5.169009407041,5.408886227569)
  );
#797 = CARTESIAN_POINT('',(-0.937885774335,5.441914130686,5.528416687374
    ));
#798 = CARTESIAN_POINT('',(-3.239295543781,4.41911603861,5.646787144919)
  );
#799 = CARTESIAN_POINT('',(-4.659667058666,2.45754346903,5.764447612835)
  );
#800 = CARTESIAN_POINT('',(-4.947445785576,0.227368444895,5.881105249786
    ));
#801 = CARTESIAN_POINT('',(-4.251261068927,-1.691216606334,
    5.996912851537));
#802 = CARTESIAN_POINT('',(-1.632289951654,-4.225324802599,6.22677733552
    ));
#803 = CARTESIAN_POINT('',(0.290688181402,-4.840990252332,6.340840312139
    ));
#804 = CARTESIAN_POINT('',(2.456148489431,-4.465965285185,6.454006142198
    ));
#805 = CARTESIAN_POINT('',(4.279922192321,-3.007732063597,6.566454876157
    ));
#806 = CARTESIAN_POINT('',(5.138532730159,-0.780200343561,6.677818559713
    ));
#807 = CARTESIAN_POINT('',(4.775917091069,1.490924630629,6.788657443948)
  );
#808 = CARTESIAN_POINT('',(3.470342543408,3.183908376615,6.89845275829)
  );
#809 = CARTESIAN_POINT('',(1.709467543581,4.006294032031,7.00756173445)
  );
#810 = CARTESIAN_POINT('',(-2.732268715644E-02,3.976035333157,
    7.115878044548));
#811 = CARTESIAN_POINT('',(-1.764039540803,3.946481145538,7.225369321903
    ));
#812 = CARTESIAN_POINT('',(-3.477900886526,3.064425181738,7.334395680874
    ));
#813 = CARTESIAN_POINT('',(-4.689731985802,1.348051688724,7.442672785489
    ));
#814 = CARTESIAN_POINT('',(-4.941772975422,-0.874558627465,7.5507971164)
  );
#815 = CARTESIAN_POINT('',(-4.016873781138,-2.972400223887,
    7.658018893279));
#816 = CARTESIAN_POINT('',(-2.22691009841,-4.276189226183,7.765114910732
    ));
#817 = CARTESIAN_POINT('',(-0.180394004963,-4.543889917861,
    7.871585632243));
#818 = CARTESIAN_POINT('',(1.587028719461,-3.903576447519,7.977695285135
    ));
#819 = CARTESIAN_POINT('',(3.926167967553,-1.481476475468,8.189109651795
    ));
#820 = CARTESIAN_POINT('',(4.49801521072,0.300466341831,8.294424397321)
  );
#821 = CARTESIAN_POINT('',(4.153874975451,2.31566607149,8.399322068418)
  );
#822 = CARTESIAN_POINT('',(2.798560977791,4.024621749637,8.504029043339)
  );
#823 = CARTESIAN_POINT('',(0.710849690558,4.842336937756,8.608115773592)
  );
#824 = CARTESIAN_POINT('',(-1.436483789787,4.510071946623,8.712259344101
    ));
#825 = CARTESIAN_POINT('',(-3.048222616084,3.276172214905,8.815858280162
    ));
#826 = CARTESIAN_POINT('',(-3.835720207998,1.598160384151,8.919344968268
    ));
#827 = CARTESIAN_POINT('',(-3.806765767428,-6.509145869494E-02,
    9.022607568547));
#828 = CARTESIAN_POINT('',(-3.777832481761,-1.728256176098,
    9.127239215538));
#829 = CARTESIAN_POINT('',(-2.932462775121,-3.377244670155,
    9.231974675303));
#830 = CARTESIAN_POINT('',(-1.279359559972,-4.553121826533,
    9.336482213031));
#831 = CARTESIAN_POINT('',(0.876186857586,-4.809304023543,9.441453223847
    ));
#832 = CARTESIAN_POINT('',(2.930697632369,-3.919691430544,9.546021719442
    ));
#833 = CARTESIAN_POINT('',(4.222489495748,-2.167759334416,9.651082023948
    ));
#834 = CARTESIAN_POINT('',(4.495479657449,-0.146593034997,9.756062560579
    ));
#835 = CARTESIAN_POINT('',(3.863917012985,1.609766303792,9.861267759901)
  );
#836 = CARTESIAN_POINT('',(1.449796818305,3.943145763648,10.072034971245
    ));
#837 = CARTESIAN_POINT('',(-0.332899621248,4.520307644228,
    10.177608261241));
#838 = CARTESIAN_POINT('',(-2.361724149759,4.183483074929,10.28335633801
    ));
#839 = CARTESIAN_POINT('',(-4.098917913878,2.824212759995,
    10.389491523877));
#840 = CARTESIAN_POINT('',(-4.947829642375,0.705399703984,
    10.495637261736));
#841 = CARTESIAN_POINT('',(-4.622382779557,-1.497348500893,
    10.602406698581));
#842 = CARTESIAN_POINT('',(-3.359714511011,-3.164333297938,
    10.709276125255));
#843 = CARTESIAN_POINT('',(-1.625610210432,-3.985238195562,
    10.816637775623));
#844 = CARTESIAN_POINT('',(0.103174285633,-3.957598850947,10.92440392186
    ));
#845 = CARTESIAN_POINT('',(1.831881301735,-3.929291628848,
    11.033365954369));
#846 = CARTESIAN_POINT('',(3.555124047775,-3.052329333606,
    11.142972658808));
#847 = CARTESIAN_POINT('',(4.795826855153,-1.325857176196,
    11.252933912587));
#848 = CARTESIAN_POINT('',(5.080043596536,0.942333651872,11.363850732721
    ));
#849 = CARTESIAN_POINT('',(4.153640166644,3.125375125489,11.474972527044
    ));
#850 = CARTESIAN_POINT('',(2.295958602755,4.512973586404,11.587072693918
    ));
#851 = CARTESIAN_POINT('',(0.135033701716,4.815201790565,11.69965882714)
  );
#852 = CARTESIAN_POINT('',(-1.753330058766,4.142921977622,
    11.812996267489));
#853 = CARTESIAN_POINT('',(-4.271702828164,1.545749545634,12.04109217319
    ));
#854 = CARTESIAN_POINT('',(-4.901891700239,-0.379287482736,
    12.155864548091));
#855 = CARTESIAN_POINT('',(-4.546835214862,-2.581966528007,
    12.271343935781));
#856 = CARTESIAN_POINT('',(-3.077827000167,-4.482880444227,
    12.387713606242));
#857 = CARTESIAN_POINT('',(-0.765283131508,-5.426709761411,
    12.504671942422));
#858 = CARTESIAN_POINT('',(1.657158685949,-5.082721778212,
    12.622720664335));
#859 = CARTESIAN_POINT('',(3.50112038577,-3.698556904622,12.741413980472
    ));
#860 = CARTESIAN_POINT('',(4.414717697807,-1.784453957389,
    12.861137092597));
#861 = CARTESIAN_POINT('',(4.388082279602,0.131355302275,12.981737547603
    ));
#862 = CARTESIAN_POINT('',(5.55,-1.39688607903E-15,4.913848691564));
#863 = CARTESIAN_POINT('',(5.52376372069,2.420652371749,5.068527889412)
  );
#864 = CARTESIAN_POINT('',(4.309291151846,4.815681928283,5.222304701633)
  );
#865 = CARTESIAN_POINT('',(1.928551927357,6.51722377876,5.375334133895)
  );
#866 = CARTESIAN_POINT('',(-1.161914920946,6.882357914533,5.527299523338
    ));
#867 = CARTESIAN_POINT('',(-4.080919657238,5.609086869308,5.678593477634
    ));
#868 = CARTESIAN_POINT('',(-5.894177930642,3.135598138265,5.828814564623
    ));
#869 = CARTESIAN_POINT('',(-6.274288429587,0.311449368734,5.978214995062
    ));
#870 = CARTESIAN_POINT('',(-5.403994006951,-2.125763926816,
    6.126657607264));
#871 = CARTESIAN_POINT('',(-2.098104849906,-5.356471162222,
    6.421665529722));
#872 = CARTESIAN_POINT('',(0.337760072182,-6.150181418936,6.568226186823
    ));
#873 = CARTESIAN_POINT('',(3.088209920767,-5.688228854246,6.713831657298
    ));
#874 = CARTESIAN_POINT('',(5.412100723203,-3.848840889217,6.858453616234
    ));
#875 = CARTESIAN_POINT('',(6.51250683087,-1.02699689884,7.002098892588)
  );
#876 = CARTESIAN_POINT('',(6.063800165539,1.851955586097,7.14472113393)
  );
#877 = CARTESIAN_POINT('',(4.419667144536,3.999813533218,7.286323633209)
  );
#878 = CARTESIAN_POINT('',(2.200046221079,5.047596776582,7.426876135068)
  );
#879 = CARTESIAN_POINT('',(9.70924420176E-03,5.019976853413,
    7.566361142849));
#880 = CARTESIAN_POINT('',(-2.180631662767,4.99358095914,7.705823560972)
  );
#881 = CARTESIAN_POINT('',(-4.343188771573,3.892023277511,7.844295700455
    ));
#882 = CARTESIAN_POINT('',(-5.873661330147,1.739706364256,7.98178462096)
  );
#883 = CARTESIAN_POINT('',(-6.195168142527,-1.046426727953,
    8.118282761567));
#884 = CARTESIAN_POINT('',(-5.04192907915,-3.669346559294,8.253794880455
    ));
#885 = CARTESIAN_POINT('',(-2.815714472535,-5.293201357083,
    8.388320602098));
#886 = CARTESIAN_POINT('',(-0.279961683128,-5.629309113348,
    8.521854903968));
#887 = CARTESIAN_POINT('',(1.904716651537,-4.845140099345,8.654397188246
    ));
#888 = CARTESIAN_POINT('',(4.796535233996,-1.878097310121,8.917493727407
    ));
#889 = CARTESIAN_POINT('',(5.503854046806,0.305010441517,9.048048424366)
  );
#890 = CARTESIAN_POINT('',(5.085674813678,2.766327265947,9.177588382165)
  );
#891 = CARTESIAN_POINT('',(3.436005659656,4.841695433635,9.3061896721));
#892 = CARTESIAN_POINT('',(0.911717490839,5.820870098389,9.433667237916)
  );
#893 = CARTESIAN_POINT('',(-1.660646980813,5.415753993993,9.560282094343
    ));
#894 = CARTESIAN_POINT('',(-3.578076299779,3.944001962599,9.685769651361
    ));
#895 = CARTESIAN_POINT('',(-4.511923099454,1.959006455486,9.810295860791
    ));
#896 = CARTESIAN_POINT('',(-4.484594621809,1.26989003698E-03,
    9.933796077623));
#897 = CARTESIAN_POINT('',(-4.458337467431,-1.956431189749,
    10.057887876347));
#898 = CARTESIAN_POINT('',(-3.471115607878,-3.88834874588,
    10.181167064704));
#899 = CARTESIAN_POINT('',(-1.545209152539,-5.254361905354,
    10.303491193302));
#900 = CARTESIAN_POINT('',(0.946964523144,-5.539869726353,
    10.425163231439));
#901 = CARTESIAN_POINT('',(3.293676999609,-4.506515862714,
    10.545799584653));
#902 = CARTESIAN_POINT('',(4.747862839734,-2.51179801403,10.665800277636
    ));
#903 = CARTESIAN_POINT('',(5.048158575815,-0.237554350744,10.78490496761
    ));
#904 = CARTESIAN_POINT('',(4.342612624422,1.723103631591,10.90324947893)
  );
#905 = CARTESIAN_POINT('',(1.673090962759,4.318355547688,11.13837309318)
  );
#906 = CARTESIAN_POINT('',(-0.291079529479,4.953100224672,
    11.255157614836));
#907 = CARTESIAN_POINT('',(-2.507648565331,4.576161727762,
    11.371139978451));
#908 = CARTESIAN_POINT('',(-4.38002386557,3.08931245338,11.486480546459)
  );
#909 = CARTESIAN_POINT('',(-5.26795507893,0.80927624547,11.600851455606)
  );
#910 = CARTESIAN_POINT('',(-4.903699019659,-1.521855446873,
    11.714751824159));
#911 = CARTESIAN_POINT('',(-3.568648079194,-3.264046983318,
    11.82771938568));
#912 = CARTESIAN_POINT('',(-1.762153251335,-4.113965968579,
    11.940072380508));
#913 = CARTESIAN_POINT('',(2.305408149929E-02,-4.087477470503,
    12.051716026195));
#914 = CARTESIAN_POINT('',(1.808196029736,-4.061620190297,
    12.164406736145));
#915 = CARTESIAN_POINT('',(3.573179385883,-3.159482828208,12.27668055384
    ));
#916 = CARTESIAN_POINT('',(4.825461687722,-1.397237016748,12.3882834392)
  );
#917 = CARTESIAN_POINT('',(5.092256121066,0.890210479129,12.499748530751
    ));
#918 = CARTESIAN_POINT('',(4.146479686665,3.054689906561,12.610404785054
    ));
#919 = CARTESIAN_POINT('',(2.305378838697,4.404457422048,12.720948605378
    ));
#920 = CARTESIAN_POINT('',(0.195603752462,4.686739041082,12.830929914994
    ));
#921 = CARTESIAN_POINT('',(-1.629645225981,4.031221949537,
    12.940588955415));
#922 = CARTESIAN_POINT('',(-4.050210858909,1.538081832614,
    13.159180996912));
#923 = CARTESIAN_POINT('',(-4.645667691518,-0.299704800227,
    13.268130615279));
#924 = CARTESIAN_POINT('',(-4.296374196647,-2.381567425196,
    13.376683751429));
#925 = CARTESIAN_POINT('',(-2.90176643712,-4.150937604243,
    13.485114761198));
#926 = CARTESIAN_POINT('',(-0.747155077047,-5.002087432112,
    13.592903896946));
#927 = CARTESIAN_POINT('',(1.472814452881,-4.665003655471,
    13.700857328012));
#928 = CARTESIAN_POINT('',(3.14196804608,-3.394297826472,13.808195671749
    ));
#929 = CARTESIAN_POINT('',(3.960483611099,-1.66229669239,13.91554422938)
  );
#930 = CARTESIAN_POINT('',(3.935157719983,5.673812611216E-02,
    14.022608290695));
#931 = CARTESIAN_POINT('',(5.55,-1.726049858597E-16,4.));
#932 = CARTESIAN_POINT('',(5.549999999299,2.420653411022,4.154679187287)
  );
#933 = CARTESIAN_POINT('',(4.361690239213,4.841377448381,4.309302456505)
  );
#934 = CARTESIAN_POINT('',(1.985555451929,6.594222927334,4.464023366899)
  );
#935 = CARTESIAN_POINT('',(-1.143217279763,7.01765753207,4.618522103377)
  );
#936 = CARTESIAN_POINT('',(-4.147834862686,5.771479682938,4.773199246156
    ));
#937 = CARTESIAN_POINT('',(-6.056101782581,3.259920360993,4.927641224098
    ));
#938 = CARTESIAN_POINT('',(-6.494124676,0.345736698469,5.082112473312));
#939 = CARTESIAN_POINT('',(-5.623896368799,-2.199235867901,
    5.236472123439));
#940 = CARTESIAN_POINT('',(-2.211653782452,-5.610971730599,
    5.545011211046));
#941 = CARTESIAN_POINT('',(0.330618736327,-6.477987726391,5.69918545518)
  );
#942 = CARTESIAN_POINT('',(3.235901148629,-6.037077401438,5.853270901788
    ));
#943 = CARTESIAN_POINT('',(5.732320892499,-4.132440945522,6.007170904068
    ));
#944 = CARTESIAN_POINT('',(6.963259502631,-1.144761990534,6.161056408954
    ));
#945 = CARTESIAN_POINT('',(6.537158447788,1.955978961238,6.314648425391)
  );
#946 = CARTESIAN_POINT('',(4.799010537496,4.304821011197,6.468184671828)
  );
#947 = CARTESIAN_POINT('',(2.406042351559,5.476830884903,6.62148689174)
  );
#948 = CARTESIAN_POINT('',(1.748121953863E-02,5.476227201551,
    6.774594354396));
#949 = CARTESIAN_POINT('',(-2.3711153387,5.475939817501,6.927155534637)
  );
#950 = CARTESIAN_POINT('',(-4.75578395025,4.303099591157,7.079413026261)
  );
#951 = CARTESIAN_POINT('',(-6.477446619593,1.962578495588,7.231499855579
    ));
#952 = CARTESIAN_POINT('',(-6.887675583601,-1.111943811634,
    7.383140730925));
#953 = CARTESIAN_POINT('',(-5.659407327098,-4.055132173713,
    7.534679226748));
#954 = CARTESIAN_POINT('',(-3.198422600017,-5.917898588475,
    7.685761759028));
#955 = CARTESIAN_POINT('',(-0.350725326403,-6.342163088947,
    7.836612969881));
#956 = CARTESIAN_POINT('',(2.131633889893,-5.49132411837,7.987112342853)
  );
#957 = CARTESIAN_POINT('',(5.455759718097,-2.165804197454,8.287443004253
    ));
#958 = CARTESIAN_POINT('',(6.297764659455,0.309132265777,8.437269958907)
  );
#959 = CARTESIAN_POINT('',(5.865577064687,3.132350864215,8.586758733558)
  );
#960 = CARTESIAN_POINT('',(4.012821033817,5.551710497734,8.73584591779)
  );
#961 = CARTESIAN_POINT('',(1.116337428418,6.738182760021,8.884630650959)
  );
#962 = CARTESIAN_POINT('',(-1.881217078787,6.320952320381,9.032940699067
    ));
#963 = CARTESIAN_POINT('',(-4.147138991786,4.639878870225,9.180912038556
    ));
#964 = CARTESIAN_POINT('',(-5.275744852284,2.33127801704,9.328434299848)
  );
#965 = CARTESIAN_POINT('',(-5.274699445446,3.027284458426E-02,
    9.475524730748));
#966 = CARTESIAN_POINT('',(-5.27420177305,-2.270753502512,9.622300110508
    ));
#967 = CARTESIAN_POINT('',(-4.144155281808,-4.564944067039,
    9.768605500047));
#968 = CARTESIAN_POINT('',(-1.892641098587,-6.217402937747,
    9.914517706473));
#969 = CARTESIAN_POINT('',(1.059457628697,-6.607019373328,
    10.059879812592));
#970 = CARTESIAN_POINT('',(3.878661029307,-5.425068676993,
    10.204886218173));
#971 = CARTESIAN_POINT('',(5.658614645717,-3.067218907848,
    10.349338180443));
#972 = CARTESIAN_POINT('',(6.061841508663,-0.344039950296,
    10.493360283962));
#973 = CARTESIAN_POINT('',(5.247925343916,2.026805230874,10.636884696499
    ));
#974 = CARTESIAN_POINT('',(2.073561243398,5.199261855508,10.922956788645
    ));
#975 = CARTESIAN_POINT('',(-0.287129742014,6.001092131615,
    11.065502156649));
#976 = CARTESIAN_POINT('',(-2.976819364434,5.587031998293,
    11.207550683942));
#977 = CARTESIAN_POINT('',(-5.277725068623,3.820783252843,
    11.349089207261));
#978 = CARTESIAN_POINT('',(-6.402535406338,1.065521499109,
    11.490118462808));
#979 = CARTESIAN_POINT('',(-6.003460718451,-1.781321153511,
    11.630619177924));
#980 = CARTESIAN_POINT('',(-4.406594061913,-3.930942037837,
    11.770589109393));
#981 = CARTESIAN_POINT('',(-2.216376866659,-5.00068620364,
    11.910015382813));
#982 = CARTESIAN_POINT('',(-3.494333340454E-02,-4.999479519067,
    12.048888597577));
#983 = CARTESIAN_POINT('',(2.146491431464,-4.998905065871,12.1877625032)
  );
#984 = CARTESIAN_POINT('',(4.320053452318,-3.927496463722,
    12.326126237801));
#985 = CARTESIAN_POINT('',(5.883852316415,-1.794504993168,12.46397962246
    ));
#986 = CARTESIAN_POINT('',(6.250979258803,0.999838914935,12.601326601923
    ));
#987 = CARTESIAN_POINT('',(5.131328254255,3.665762421864,12.738159532599
    ));
#988 = CARTESIAN_POINT('',(2.901506902616,5.347806678137,12.874488876329
    ));
#989 = CARTESIAN_POINT('',(0.32747376106,5.728360335419,13.010304490933)
  );
#990 = CARTESIAN_POINT('',(-1.912871540154,4.958995343243,
    13.145610650635));
#991 = CARTESIAN_POINT('',(-4.91028785101,1.959670464686,13.415198776731
    ));
#992 = CARTESIAN_POINT('',(-5.667554862218,-0.270513741507,
    13.549483060411));
#993 = CARTESIAN_POINT('',(-5.276171387398,-2.811030066221,13.6832394306
    ));
#994 = CARTESIAN_POINT('',(-3.607834781622,-4.983865589986,
    13.816527246206));
#995 = CARTESIAN_POINT('',(-1.005959931451,-6.046359284909,
    13.949213322517));
#996 = CARTESIAN_POINT('',(1.683104707669,-5.669855988969,
    14.081488822586));
#997 = CARTESIAN_POINT('',(3.714214988529,-4.161737711979,
    14.213151075542));
#998 = CARTESIAN_POINT('',(4.725452713488,-2.092163165565,
    14.344350155242));
#999 = CARTESIAN_POINT('',(4.724394159804,-3.023957248302E-02,
    14.475002093791));
#1000 = ADVANCED_FACE('',(#1001),#1004,.F.);
#1001 = FACE_BOUND('',#1002,.F.);
#1002 = EDGE_LOOP('',(#1003));
#1003 = ORIENTED_EDGE('',*,*,#507,.T.);
#1004 = PLANE('',#1005);
#1005 = AXIS2_PLACEMENT_3D('',#1006,#1007,#1008);
#1006 = CARTESIAN_POINT('',(5.000087132779,1.010849391516E-16,4.));
#1007 = DIRECTION('',(3.355775113733E-16,1.,1.404961608497E-15));
#1008 = DIRECTION('',(0.,-1.404961608497E-15,1.));
#1009 = ADVANCED_FACE('',(#1010),#1013,.T.);
#1010 = FACE_BOUND('',#1011,.T.);
#1011 = EDGE_LOOP('',(#1012));
#1012 = ORIENTED_EDGE('',*,*,#496,.T.);
#1013 = PLANE('',#1014);
#1014 = AXIS2_PLACEMENT_3D('',#1015,#1016,#1017);
#1015 = CARTESIAN_POINT('',(4.999956337631,-4.790651477352E-06,
    14.000075251368));
#1016 = DIRECTION('',(5.498104087716E-02,0.993940821583,
    9.517735200378E-02));
#1017 = DIRECTION('',(0.,-9.532153549272E-02,0.995446535416));
#1018 = MANIFOLD_SOLID_BREP('',#1019);
#1019 = CLOSED_SHELL('',(#1020,#1053,#1073,#1093));
#1020 = ADVANCED_FACE('',(#1021),#1048,.T.);
#1021 = FACE_BOUND('',#1022,.T.);
#1022 = EDGE_LOOP('',(#1023,#1032,#1040,#1047));
#1023 = ORIENTED_EDGE('',*,*,#1024,.F.);
#1024 = EDGE_CURVE('',#1025,#1025,#1027,.T.);
#1025 = VERTEX_POINT('',#1026);
#1026 = CARTESIAN_POINT('',(5.,-1.224646799147E-15,18.));
#1027 = CIRCLE('',#1028,5.);
#1028 = AXIS2_PLACEMENT_3D('',#1029,#1030,#1031);
#1029 = CARTESIAN_POINT('',(0.,0.,18.));
#1030 = DIRECTION('',(0.,0.,1.));
#1031 = DIRECTION('',(1.,0.,0.));
#1032 = ORIENTED_EDGE('',*,*,#1033,.F.);
#1033 = EDGE_CURVE('',#1034,#1025,#1036,.T.);
#1034 = VERTEX_POINT('',#1035);
#1035 = CARTESIAN_POINT('',(5.,-1.224646799147E-15,14.));
#1036 = LINE('',#1037,#1038);
#1037 = CARTESIAN_POINT('',(5.,-1.224646799147E-15,14.));
#1038 = VECTOR('',#1039,1.);
#1039 = DIRECTION('',(0.,0.,1.));
#1040 = ORIENTED_EDGE('',*,*,#1041,.T.);
#1041 = EDGE_CURVE('',#1034,#1034,#1042,.T.);
#1042 = CIRCLE('',#1043,5.);
#1043 = AXIS2_PLACEMENT_3D('',#1044,#1045,#1046);
#1044 = CARTESIAN_POINT('',(0.,0.,14.));
#1045 = DIRECTION('',(0.,0.,1.));
#1046 = DIRECTION('',(1.,0.,0.));
#1047 = ORIENTED_EDGE('',*,*,#1033,.T.);
#1048 = CYLINDRICAL_SURFACE('',#1049,5.);
#1049 = AXIS2_PLACEMENT_3D('',#1050,#1051,#1052);
#1050 = CARTESIAN_POINT('',(0.,0.,14.));
#1051 = DIRECTION('',(0.,0.,1.));
#1052 = DIRECTION('',(1.,0.,0.));
#1053 = ADVANCED_FACE('',(#1054,#1057),#1068,.T.);
#1054 = FACE_BOUND('',#1055,.T.);
#1055 = EDGE_LOOP('',(#1056));
#1056 = ORIENTED_EDGE('',*,*,#1024,.T.);
#1057 = FACE_BOUND('',#1058,.T.);
#1058 = EDGE_LOOP('',(#1059));
#1059 = ORIENTED_EDGE('',*,*,#1060,.F.);
#1060 = EDGE_CURVE('',#1061,#1061,#1063,.T.);
#1061 = VERTEX_POINT('',#1062);
#1062 = CARTESIAN_POINT('',(2.8,-6.858022075225E-16,18.));
#1063 = CIRCLE('',#1064,2.8);
#1064 = AXIS2_PLACEMENT_3D('',#1065,#1066,#1067);
#1065 = CARTESIAN_POINT('',(0.,0.,18.));
#1066 = DIRECTION('',(0.,0.,1.));
#1067 = DIRECTION('',(1.,0.,0.));
#1068 = PLANE('',#1069);
#1069 = AXIS2_PLACEMENT_3D('',#1070,#1071,#1072);
#1070 = CARTESIAN_POINT('',(0.,0.,18.));
#1071 = DIRECTION('',(0.,0.,1.));
#1072 = DIRECTION('',(1.,0.,0.));
#1073 = ADVANCED_FACE('',(#1074,#1077),#1088,.F.);
#1074 = FACE_BOUND('',#1075,.F.);
#1075 = EDGE_LOOP('',(#1076));
#1076 = ORIENTED_EDGE('',*,*,#1041,.T.);
#1077 = FACE_BOUND('',#1078,.F.);
#1078 = EDGE_LOOP('',(#1079));
#1079 = ORIENTED_EDGE('',*,*,#1080,.F.);
#1080 = EDGE_CURVE('',#1081,#1081,#1083,.T.);
#1081 = VERTEX_POINT('',#1082);
#1082 = CARTESIAN_POINT('',(2.8,-6.858022075225E-16,14.));
#1083 = CIRCLE('',#1084,2.8);
#1084 = AXIS2_PLACEMENT_3D('',#1085,#1086,#1087);
#1085 = CARTESIAN_POINT('',(0.,0.,14.));
#1086 = DIRECTION('',(0.,0.,1.));
#1087 = DIRECTION('',(1.,0.,0.));
#1088 = PLANE('',#1089);
#1089 = AXIS2_PLACEMENT_3D('',#1090,#1091,#1092);
#1090 = CARTESIAN_POINT('',(0.,0.,14.));
#1091 = DIRECTION('',(0.,0.,1.));
#1092 = DIRECTION('',(1.,0.,0.));
#1093 = ADVANCED_FACE('',(#1094),#1105,.F.);
#1094 = FACE_BOUND('',#1095,.F.);
#1095 = EDGE_LOOP('',(#1096,#1097,#1103,#1104));
#1096 = ORIENTED_EDGE('',*,*,#1060,.F.);
#1097 = ORIENTED_EDGE('',*,*,#1098,.F.);
#1098 = EDGE_CURVE('',#1081,#1061,#1099,.T.);
#1099 = LINE('',#1100,#1101);
#1100 = CARTESIAN_POINT('',(2.8,-6.858022075225E-16,13.));
#1101 = VECTOR('',#1102,1.);
#1102 = DIRECTION('',(0.,0.,1.));
#1103 = ORIENTED_EDGE('',*,*,#1080,.T.);
#1104 = ORIENTED_EDGE('',*,*,#1098,.T.);
#1105 = CYLINDRICAL_SURFACE('',#1106,2.8);
#1106 = AXIS2_PLACEMENT_3D('',#1107,#1108,#1109);
#1107 = CARTESIAN_POINT('',(0.,0.,13.));
#1108 = DIRECTION('',(0.,0.,1.));
#1109 = DIRECTION('',(1.,0.,0.));
#1110 = MANIFOLD_SOLID_BREP('',#1111);
#1111 = CLOSED_SHELL('',(#1112,#1424,#1433));
#1112 = ADVANCED_FACE('',(#1113),#1178,.T.);
#1113 = FACE_BOUND('',#1114,.T.);
#1114 = EDGE_LOOP('',(#1115,#1157,#1167,#1168));
#1115 = ORIENTED_EDGE('',*,*,#1116,.T.);
#1116 = EDGE_CURVE('',#1117,#1119,#1121,.T.);
#1117 = VERTEX_POINT('',#1118);
#1118 = CARTESIAN_POINT('',(2.25,8.961412382981E-16,14.));
#1119 = VERTEX_POINT('',#1120);
#1120 = CARTESIAN_POINT('',(1.344781467625,-4.687912071062E-02,
    18.017279453484));
#1121 = ( BOUNDED_CURVE() B_SPLINE_CURVE(9,(#1122,#1123,#1124,#1125,
    #1126,#1127,#1128,#1129,#1130,#1131,#1132,#1133,#1134,#1135,#1136,
    #1137,#1138,#1139,#1140,#1141,#1142,#1143,#1144,#1145,#1146,#1147,
    #1148,#1149,#1150,#1151,#1152,#1153,#1154,#1155,#1156),
.UNSPECIFIED.,.F.,.F.) B_SPLINE_CURVE_WITH_KNOTS((10,8,9,8,10),(0.,
    4.797562912818,9.595125825637,14.392688738455,19.190251651274),
.UNSPECIFIED.) CURVE() GEOMETRIC_REPRESENTATION_ITEM() 
RATIONAL_B_SPLINE_CURVE((1.669078461068,1.669078461068,1.669078461068,
    1.669078461068,1.669078461068,1.669078461069,1.669078461068,
    1.669078461068,1.669078461068,1.669078461068,1.669078461068,
    1.669078461068,1.669078461068,1.669078461068,1.669078461068,
    1.669078461068,1.669078461068,1.669078461068,1.669078461068,
    1.669078461068,1.669078461069,1.669078461068,1.669078461069,
    1.669078461068,1.669078461068,1.669078461068,1.669078461068,
    1.669078461068,1.669078461068,1.669078461068,1.669078461068,
    1.669078461068,1.669078461068,1.669078461068,1.669078461068)) 
REPRESENTATION_ITEM('') );
#1122 = CARTESIAN_POINT('',(2.25,8.961412382981E-16,14.));
#1123 = CARTESIAN_POINT('',(2.25,1.174255256212,14.13450382745));
#1124 = CARTESIAN_POINT('',(1.557834987552,2.348666861524,
    14.269020193928));
#1125 = CARTESIAN_POINT('',(0.176055204415,3.053297762058,
    14.403326968764));
#1126 = CARTESIAN_POINT('',(-1.535481170607,2.833158028541,
    14.537224682609));
#1127 = CARTESIAN_POINT('',(-2.812695206899,1.53288182678,14.67057140138
    ));
#1128 = CARTESIAN_POINT('',(-3.004989126464,-0.15736936372,
    14.803074961592));
#1129 = CARTESIAN_POINT('',(-2.304260687686,-1.500532606833,
    14.934643402273));
#1130 = CARTESIAN_POINT('',(-1.162616512117,-2.164953411137,
    15.065045259584));
#1131 = CARTESIAN_POINT('',(1.0965282203,-2.162181299326,15.323217527771
    ));
#1132 = CARTESIAN_POINT('',(2.214705701705,-1.494921827567,
    15.450982937877));
#1133 = CARTESIAN_POINT('',(2.869448258802,-0.179827019686,
    15.577265521822));
#1134 = CARTESIAN_POINT('',(2.640400581287,1.423950363435,
    15.701894813871));
#1135 = CARTESIAN_POINT('',(1.416247850414,2.584572925403,15.82474511008
    ));
#1136 = CARTESIAN_POINT('',(-0.129264667188,2.740418276879,
    15.94566894168));
#1137 = CARTESIAN_POINT('',(-1.341123265433,2.095063517065,16.0645479209
    ));
#1138 = CARTESIAN_POINT('',(-1.933767847047,1.065384933511,
    16.181296196813));
#1139 = CARTESIAN_POINT('',(-1.931440928959,5.570215369132E-02,
    16.295814851005));
#1140 = CARTESIAN_POINT('',(-1.92911284094,-0.953981907342,
    16.410334195244));
#1141 = CARTESIAN_POINT('',(-1.331623005323,-1.944107179536,
    16.522634372918));
#1142 = CARTESIAN_POINT('',(-0.167244702543,-2.511925164848,
    16.632627401226));
#1143 = CARTESIAN_POINT('',(1.232859314504,-2.294204258476,
    16.740231301145));
#1144 = CARTESIAN_POINT('',(2.22106241733,-1.222892774616,
    16.845445050403));
#1145 = CARTESIAN_POINT('',(2.342300487716,0.100924651398,
    16.948170270782));
#1146 = CARTESIAN_POINT('',(1.787072328107,1.129606116388,
    17.048455305665));
#1147 = CARTESIAN_POINT('',(0.913039546365,1.629121772602,
    17.146275848596));
#1148 = CARTESIAN_POINT('',(-0.791332217107,1.624016687944,
    17.337061165909));
#1149 = CARTESIAN_POINT('',(-1.622149020031,1.119273379145,
    17.430026732404));
#1150 = CARTESIAN_POINT('',(-2.092690078981,0.142282367469,
    17.520577943007));
#1151 = CARTESIAN_POINT('',(-1.903766716088,-1.02228602241,
    17.608802812618));
#1152 = CARTESIAN_POINT('',(-1.013279734399,-1.836413005621,
    17.694687518158));
#1153 = CARTESIAN_POINT('',(8.107678124859E-02,-1.935728202338,
    17.778400113493));
#1154 = CARTESIAN_POINT('',(0.932528131356,-1.477071382459,
    17.859982890411));
#1155 = CARTESIAN_POINT('',(1.346739809761,-0.753485748717,
    17.939563050917));
#1156 = CARTESIAN_POINT('',(1.344781467625,-4.687912071062E-02,
    18.017279453484));
#1157 = ORIENTED_EDGE('',*,*,#1158,.F.);
#1158 = EDGE_CURVE('',#1119,#1119,#1159,.T.);
#1159 = ( BOUNDED_CURVE() B_SPLINE_CURVE(6,(#1160,#1161,#1162,#1163,
#1164,#1165,#1166),.UNSPECIFIED.,.T.,.F.) B_SPLINE_CURVE_WITH_KNOTS((1,6
    ,6,1),(-6.28318530718,0.,6.28318530718,12.566370614359),
.UNSPECIFIED.) CURVE() GEOMETRIC_REPRESENTATION_ITEM() 
RATIONAL_B_SPLINE_CURVE((1.669078461068,1.03672962321,1.038346699848,
    0.853534330196,1.038346699848,1.03672962321,1.669078461068)) 
REPRESENTATION_ITEM('') );
#1160 = CARTESIAN_POINT('',(1.344781467625,-4.687912071062E-02,
    18.017279453484));
#1161 = CARTESIAN_POINT('',(2.038109254139,-0.213746109607,
    18.588743730178));
#1162 = CARTESIAN_POINT('',(2.867472917402,-0.141389956656,
    17.813475528393));
#1163 = CARTESIAN_POINT('',(2.676537278004,0.128876183985,
    16.452849993639));
#1164 = CARTESIAN_POINT('',(1.281717203725,0.240262540493,
    16.506441886359));
#1165 = CARTESIAN_POINT('',(0.651453681112,0.119987868186,
    17.445815176789));
#1166 = CARTESIAN_POINT('',(1.344781467625,-4.687912071062E-02,
    18.017279453484));
#1167 = ORIENTED_EDGE('',*,*,#1116,.F.);
#1168 = ORIENTED_EDGE('',*,*,#1169,.T.);
#1169 = EDGE_CURVE('',#1117,#1117,#1170,.T.);
#1170 = ( BOUNDED_CURVE() B_SPLINE_CURVE(6,(#1171,#1172,#1173,#1174,
#1175,#1176,#1177),.UNSPECIFIED.,.T.,.F.) B_SPLINE_CURVE_WITH_KNOTS((1,6
    ,6,1),(-6.28318530718,0.,6.28318530718,12.566370614359),
.UNSPECIFIED.) CURVE() GEOMETRIC_REPRESENTATION_ITEM() 
RATIONAL_B_SPLINE_CURVE((1.669078461068,1.03672962321,1.038346699848,
    0.853534330196,1.038346699848,1.03672962321,1.669078461068)) 
REPRESENTATION_ITEM('') );
#1171 = CARTESIAN_POINT('',(2.25,8.961412382981E-16,14.));
#1172 = CARTESIAN_POINT('',(2.25,1.689408131469E-16,13.086151308436));
#1173 = CARTESIAN_POINT('',(1.119998495199,-6.797840088004E-17,
    12.954938189215));
#1174 = CARTESIAN_POINT('',(0.187985693445,4.560064695911E-17,14.));
#1175 = CARTESIAN_POINT('',(1.119998495199,2.527881678443E-16,
    15.045061810785));
#1176 = CARTESIAN_POINT('',(2.25,3.831187424698E-16,14.913848691564));
#1177 = CARTESIAN_POINT('',(2.25,8.961412382981E-16,14.));
#1178 = ( BOUNDED_SURFACE() B_SPLINE_SURFACE(6,9,(
    (#1179,#1180,#1181,#1182,#1183,#1184,#1185,#1186,#1187,#1188,#1189
      ,#1190,#1191,#1192,#1193,#1194,#1195,#1196,#1197,#1198,#1199,#1200
      ,#1201,#1202,#1203,#1204,#1205,#1206,#1207,#1208,#1209,#1210,#1211
      ,#1212,#1213)
    ,(#1214,#1215,#1216,#1217,#1218,#1219,#1220,#1221,#1222,#1223,#1224
      ,#1225,#1226,#1227,#1228,#1229,#1230,#1231,#1232,#1233,#1234,#1235
      ,#1236,#1237,#1238,#1239,#1240,#1241,#1242,#1243,#1244,#1245,#1246
      ,#1247,#1248)
    ,(#1249,#1250,#1251,#1252,#1253,#1254,#1255,#1256,#1257,#1258,#1259
      ,#1260,#1261,#1262,#1263,#1264,#1265,#1266,#1267,#1268,#1269,#1270
      ,#1271,#1272,#1273,#1274,#1275,#1276,#1277,#1278,#1279,#1280,#1281
      ,#1282,#1283)
    ,(#1284,#1285,#1286,#1287,#1288,#1289,#1290,#1291,#1292,#1293,#1294
      ,#1295,#1296,#1297,#1298,#1299,#1300,#1301,#1302,#1303,#1304,#1305
      ,#1306,#1307,#1308,#1309,#1310,#1311,#1312,#1313,#1314,#1315,#1316
      ,#1317,#1318)
    ,(#1319,#1320,#1321,#1322,#1323,#1324,#1325,#1326,#1327,#1328,#1329
      ,#1330,#1331,#1332,#1333,#1334,#1335,#1336,#1337,#1338,#1339,#1340
      ,#1341,#1342,#1343,#1344,#1345,#1346,#1347,#1348,#1349,#1350,#1351
      ,#1352,#1353)
    ,(#1354,#1355,#1356,#1357,#1358,#1359,#1360,#1361,#1362,#1363,#1364
      ,#1365,#1366,#1367,#1368,#1369,#1370,#1371,#1372,#1373,#1374,#1375
      ,#1376,#1377,#1378,#1379,#1380,#1381,#1382,#1383,#1384,#1385,#1386
      ,#1387,#1388)
    ,(#1389,#1390,#1391,#1392,#1393,#1394,#1395,#1396,#1397,#1398,#1399
      ,#1400,#1401,#1402,#1403,#1404,#1405,#1406,#1407,#1408,#1409,#1410
      ,#1411,#1412,#1413,#1414,#1415,#1416,#1417,#1418,#1419,#1420,#1421
      ,#1422,#1423
)),.UNSPECIFIED.,.T.,.F.,.F.) B_SPLINE_SURFACE_WITH_KNOTS((1,6,6,1),(10,
    8,9,8,10),(-6.28318530718,0.,6.28318530718,12.566370614359),(0.,
    4.797562912818,9.595125825637,14.392688738455,19.190251651274),
.UNSPECIFIED.) GEOMETRIC_REPRESENTATION_ITEM() RATIONAL_B_SPLINE_SURFACE
((
    (1.669078461068,1.669078461068,1.669078461068,1.669078461068
      ,1.669078461068,1.669078461069,1.669078461068,1.669078461068
      ,1.669078461068,1.669078461068,1.669078461068,1.669078461068
      ,1.669078461068,1.669078461068,1.669078461068,1.669078461068
      ,1.669078461068,1.669078461068,1.669078461068,1.669078461068
      ,1.669078461069,1.669078461068,1.669078461069,1.669078461068
      ,1.669078461068,1.669078461068,1.669078461068,1.669078461068
      ,1.669078461068,1.669078461068,1.669078461068,1.669078461068
      ,1.669078461068,1.669078461068,1.669078461068)
    ,(1.03672962321,1.03672962321,1.03672962321,1.03672962321
      ,1.036729623209,1.03672962321,1.03672962321,1.03672962321
      ,1.03672962321,1.03672962321,1.03672962321,1.036729623209
      ,1.03672962321,1.036729623209,1.03672962321,1.03672962321
      ,1.03672962321,1.03672962321,1.03672962321,1.03672962321
      ,1.03672962321,1.036729623209,1.03672962321,1.036729623209
      ,1.03672962321,1.03672962321,1.03672962321,1.03672962321
      ,1.03672962321,1.03672962321,1.03672962321,1.03672962321
      ,1.03672962321,1.03672962321,1.03672962321)
    ,(1.038346699848,1.038346699848,1.038346699847,1.038346699848
      ,1.038346699847,1.038346699848,1.038346699847,1.038346699848
      ,1.038346699848,1.038346699847,1.038346699848,1.038346699847
      ,1.038346699848,1.038346699847,1.038346699848,1.038346699847
      ,1.038346699848,1.038346699848,1.038346699848,1.038346699847
      ,1.038346699848,1.038346699847,1.038346699848,1.038346699847
      ,1.038346699848,1.038346699847,1.038346699848,1.038346699847
      ,1.038346699848,1.038346699847,1.038346699848,1.038346699848
      ,1.038346699847,1.038346699848,1.038346699848)
    ,(0.853534330196,0.853534330196,0.853534330196,0.853534330196
      ,0.853534330196,0.853534330196,0.853534330196,0.853534330196
      ,0.853534330196,0.853534330196,0.853534330196,0.853534330196
      ,0.853534330196,0.853534330196,0.853534330196,0.853534330196
      ,0.853534330196,0.853534330196,0.853534330196,0.853534330196
      ,0.853534330196,0.853534330196,0.853534330196,0.853534330196
      ,0.853534330196,0.853534330196,0.853534330196,0.853534330196
      ,0.853534330196,0.853534330196,0.853534330196,0.853534330196
      ,0.853534330196,0.853534330196,0.853534330196)
    ,(1.038346699848,1.038346699848,1.038346699847,1.038346699848
      ,1.038346699847,1.038346699848,1.038346699847,1.038346699848
      ,1.038346699848,1.038346699847,1.038346699848,1.038346699847
      ,1.038346699848,1.038346699847,1.038346699848,1.038346699847
      ,1.038346699848,1.038346699848,1.038346699848,1.038346699847
      ,1.038346699848,1.038346699847,1.038346699848,1.038346699847
      ,1.038346699848,1.038346699847,1.038346699848,1.038346699848
      ,1.038346699847,1.038346699848,1.038346699847,1.038346699848
      ,1.038346699847,1.038346699848,1.038346699848)
    ,(1.03672962321,1.03672962321,1.03672962321,1.03672962321
      ,1.036729623209,1.03672962321,1.03672962321,1.03672962321
      ,1.03672962321,1.03672962321,1.03672962321,1.03672962321
      ,1.03672962321,1.03672962321,1.03672962321,1.03672962321
      ,1.03672962321,1.03672962321,1.03672962321,1.03672962321
      ,1.03672962321,1.036729623209,1.03672962321,1.036729623209
      ,1.03672962321,1.03672962321,1.03672962321,1.03672962321
      ,1.03672962321,1.03672962321,1.03672962321,1.03672962321
      ,1.03672962321,1.03672962321,1.03672962321)
    ,(1.669078461068,1.669078461068,1.669078461068,1.669078461068
      ,1.669078461068,1.669078461069,1.669078461068,1.669078461068
      ,1.669078461068,1.669078461068,1.669078461068,1.669078461068
      ,1.669078461068,1.669078461068,1.669078461068,1.669078461068
      ,1.669078461068,1.669078461068,1.669078461068,1.669078461068
      ,1.669078461069,1.669078461068,1.669078461069,1.669078461068
      ,1.669078461068,1.669078461068,1.669078461068,1.669078461068
      ,1.669078461068,1.669078461068,1.669078461068,1.669078461068
      ,1.669078461068,1.669078461068,1.669078461068
))) REPRESENTATION_ITEM('') SURFACE() );
#1179 = CARTESIAN_POINT('',(2.25,8.961412382981E-16,14.));
#1180 = CARTESIAN_POINT('',(2.25,1.174255256212,14.13450382745));
#1181 = CARTESIAN_POINT('',(1.557834987552,2.348666861524,
    14.269020193928));
#1182 = CARTESIAN_POINT('',(0.176055204415,3.053297762058,
    14.403326968764));
#1183 = CARTESIAN_POINT('',(-1.535481170607,2.833158028541,
    14.537224682609));
#1184 = CARTESIAN_POINT('',(-2.812695206899,1.53288182678,14.67057140138
    ));
#1185 = CARTESIAN_POINT('',(-3.004989126464,-0.15736936372,
    14.803074961592));
#1186 = CARTESIAN_POINT('',(-2.304260687686,-1.500532606833,
    14.934643402273));
#1187 = CARTESIAN_POINT('',(-1.162616512117,-2.164953411137,
    15.065045259584));
#1188 = CARTESIAN_POINT('',(1.0965282203,-2.162181299326,15.323217527771
    ));
#1189 = CARTESIAN_POINT('',(2.214705701705,-1.494921827567,
    15.450982937877));
#1190 = CARTESIAN_POINT('',(2.869448258802,-0.179827019686,
    15.577265521822));
#1191 = CARTESIAN_POINT('',(2.640400581287,1.423950363435,
    15.701894813871));
#1192 = CARTESIAN_POINT('',(1.416247850414,2.584572925403,15.82474511008
    ));
#1193 = CARTESIAN_POINT('',(-0.129264667188,2.740418276879,
    15.94566894168));
#1194 = CARTESIAN_POINT('',(-1.341123265433,2.095063517065,16.0645479209
    ));
#1195 = CARTESIAN_POINT('',(-1.933767847047,1.065384933511,
    16.181296196813));
#1196 = CARTESIAN_POINT('',(-1.931440928959,5.570215369132E-02,
    16.295814851005));
#1197 = CARTESIAN_POINT('',(-1.92911284094,-0.953981907342,
    16.410334195244));
#1198 = CARTESIAN_POINT('',(-1.331623005323,-1.944107179536,
    16.522634372918));
#1199 = CARTESIAN_POINT('',(-0.167244702543,-2.511925164848,
    16.632627401226));
#1200 = CARTESIAN_POINT('',(1.232859314504,-2.294204258476,
    16.740231301145));
#1201 = CARTESIAN_POINT('',(2.22106241733,-1.222892774616,
    16.845445050403));
#1202 = CARTESIAN_POINT('',(2.342300487716,0.100924651398,
    16.948170270782));
#1203 = CARTESIAN_POINT('',(1.787072328107,1.129606116388,
    17.048455305665));
#1204 = CARTESIAN_POINT('',(0.913039546365,1.629121772602,
    17.146275848596));
#1205 = CARTESIAN_POINT('',(-0.791332217107,1.624016687944,
    17.337061165909));
#1206 = CARTESIAN_POINT('',(-1.622149020031,1.119273379145,
    17.430026732404));
#1207 = CARTESIAN_POINT('',(-2.092690078981,0.142282367469,
    17.520577943007));
#1208 = CARTESIAN_POINT('',(-1.903766716088,-1.02228602241,
    17.608802812618));
#1209 = CARTESIAN_POINT('',(-1.013279734399,-1.836413005621,
    17.694687518158));
#1210 = CARTESIAN_POINT('',(8.107678124859E-02,-1.935728202338,
    17.778400113493));
#1211 = CARTESIAN_POINT('',(0.932528131356,-1.477071382459,
    17.859982890411));
#1212 = CARTESIAN_POINT('',(1.346739809761,-0.753485748717,
    17.939563050917));
#1213 = CARTESIAN_POINT('',(1.344781467625,-4.687912071062E-02,
    18.017279453484));
#1214 = CARTESIAN_POINT('',(2.25,1.689408131469E-16,13.086151308436));
#1215 = CARTESIAN_POINT('',(2.30732959558,1.174254019658,13.220655135886
    ));
#1216 = CARTESIAN_POINT('',(1.672643873826,2.415943822294,
    13.359219130488));
#1217 = CARTESIAN_POINT('',(0.279661976763,3.253614377296,
    13.501616766281));
#1218 = CARTESIAN_POINT('',(-1.574026587834,3.167269677993,
    13.647631460465));
#1219 = CARTESIAN_POINT('',(-3.12442316955,1.844285030639,13.79703552646
    ));
#1220 = CARTESIAN_POINT('',(-3.492398505212,-9.106094313238E-02,
    13.949469918423));
#1221 = CARTESIAN_POINT('',(-2.763542839757,-1.726812534314,
    14.10470023815));
#1222 = CARTESIAN_POINT('',(-1.430993523397,-2.596995166774,
    14.26235414385));
#1223 = CARTESIAN_POINT('',(1.333039753628,-2.707563524107,
    14.58185402073));
#1224 = CARTESIAN_POINT('',(2.765381840288,-1.948085681544,
    14.743689719166));
#1225 = CARTESIAN_POINT('',(3.692052292214,-0.331672964344,
    14.907299287864));
#1226 = CARTESIAN_POINT('',(3.537502133786,1.760210187264,
    15.072229332851));
#1227 = CARTESIAN_POINT('',(2.0198442602,3.421838424888,15.238267040573)
  );
#1228 = CARTESIAN_POINT('',(-7.753232319314E-02,3.765124811566,
    15.404868279918));
#1229 = CARTESIAN_POINT('',(-1.804039154285,2.958387890705,
    15.571725912191));
#1230 = CARTESIAN_POINT('',(-2.702711218034,1.549703738671,
    15.738470353911));
#1231 = CARTESIAN_POINT('',(-2.755258661411,0.114424982566,
    15.904668581511));
#1232 = CARTESIAN_POINT('',(-2.807805830932,-1.320853780551,
    16.07086957773));
#1233 = CARTESIAN_POINT('',(-2.01413720863,-2.782840144193,
    16.236572744666));
#1234 = CARTESIAN_POINT('',(-0.362762442105,-3.696373428761,
    16.401358773543));
#1235 = CARTESIAN_POINT('',(1.720210492196,-3.493566433543,
    16.564831860892));
#1236 = CARTESIAN_POINT('',(3.299529805851,-1.969989657855,
    16.726754523155));
#1237 = CARTESIAN_POINT('',(3.583974190349,3.697248214605E-02,
    16.886549779373));
#1238 = CARTESIAN_POINT('',(2.80547749334,1.65019581117,17.044077552754)
  );
#1239 = CARTESIAN_POINT('',(1.492860138103,2.476609298137,
    17.198903018423));
#1240 = CARTESIAN_POINT('',(-1.141307730665,2.576540313226,
    17.502628453541));
#1241 = CARTESIAN_POINT('',(-2.463669760193,1.849938882056,
    17.651519506242));
#1242 = CARTESIAN_POINT('',(-3.26352076993,0.363760582896,
    17.797144376926));
#1243 = CARTESIAN_POINT('',(-3.051467346619,-1.467915345109,
    17.939221230169));
#1244 = CARTESIAN_POINT('',(-1.708495500749,-2.794246551991,
    18.077502039882));
#1245 = CARTESIAN_POINT('',(-1.891326569732E-02,-3.007276162088,
    18.21177989893));
#1246 = CARTESIAN_POINT('',(1.313948131087,-2.352133038422,
    18.341828125664));
#1247 = CARTESIAN_POINT('',(1.989710880654,-1.278534530231,
    18.467533782962));
#1248 = CARTESIAN_POINT('',(2.038109254139,-0.213746109607,
    18.588743730178));
#1249 = CARTESIAN_POINT('',(1.119998495199,-6.797840088004E-17,
    12.954938189215));
#1250 = CARTESIAN_POINT('',(1.185559645005,0.590479989082,
    13.018552240411));
#1251 = CARTESIAN_POINT('',(0.903556771576,1.258278866703,
    13.086781867234));
#1252 = CARTESIAN_POINT('',(0.195926395661,1.767269421381,
    13.159856290797));
#1253 = CARTESIAN_POINT('',(-0.831354949303,1.818461732173,
    13.237966290495));
#1254 = CARTESIAN_POINT('',(-1.814277842784,1.145999822845,
    13.321163477555));
#1255 = CARTESIAN_POINT('',(-2.146640340129,-2.125998593234E-02,
    13.409679466934));
#1256 = CARTESIAN_POINT('',(-1.75336660905,-1.091474571284,
    13.503448347107));
#1257 = CARTESIAN_POINT('',(-0.909663479528,-1.703759565895,
    13.602553102224));
#1258 = CARTESIAN_POINT('',(0.942915949817,-1.836297122949,
    13.811340851627));
#1259 = CARTESIAN_POINT('',(1.952323265017,-1.356852005383,
    13.92102309053));
#1260 = CARTESIAN_POINT('',(2.672897619164,-0.247054924782,
    14.035993343679));
#1261 = CARTESIAN_POINT('',(2.665394103416,1.289298907991,
    14.156107823491));
#1262 = CARTESIAN_POINT('',(1.603274929618,2.65600488252,14.281399473766
    ));
#1263 = CARTESIAN_POINT('',(-6.762610217099E-02,3.039974197873,
    14.411570191119));
#1264 = CARTESIAN_POINT('',(-1.53017896975,2.436062088045,
    14.546528968822));
#1265 = CARTESIAN_POINT('',(-2.332831092212,1.259149147906,
    14.686041869091));
#1266 = CARTESIAN_POINT('',(-2.398038325339,8.413822306015E-03,
    14.829831129192));
#1267 = CARTESIAN_POINT('',(-2.463247816941,-1.24231869503,
    14.973622038627));
#1268 = CARTESIAN_POINT('',(-1.791326346839,-2.567130503868,
    15.121721658163));
#1269 = CARTESIAN_POINT('',(-0.310325312329,-3.463609118559,
    15.273843871172));
#1270 = CARTESIAN_POINT('',(1.663730909471,-3.376300230492,
    15.429716244165));
#1271 = CARTESIAN_POINT('',(3.315013288699,-1.971150093514,
    15.589069442101));
#1272 = CARTESIAN_POINT('',(3.708041288909,8.347822410427E-02,
    15.751459887584));
#1273 = CARTESIAN_POINT('',(2.938170219895,1.819202071604,
    15.916621126092));
#1274 = CARTESIAN_POINT('',(1.529015995285,2.74391656269,16.084109328068
    ));
#1275 = CARTESIAN_POINT('',(-1.394515319483,2.86941761653,
    16.422983051606));
#1276 = CARTESIAN_POINT('',(-2.909807777896,2.07033755985,
    16.594356634954));
#1277 = CARTESIAN_POINT('',(-3.89025263137,0.366277849562,
    16.767302139078));
#1278 = CARTESIAN_POINT('',(-3.728790853443,-1.83794640945,
    16.941303793495));
#1279 = CARTESIAN_POINT('',(-2.132998564456,-3.582855138776,
    17.116108344719));
#1280 = CARTESIAN_POINT('',(6.325586258552E-02,-3.94212571631,
    17.291109772851));
#1281 = CARTESIAN_POINT('',(1.867864917121,-3.101187131732,
    17.465955885693));
#1282 = CARTESIAN_POINT('',(2.807820668289,-1.63463997663,17.6402379236)
  );
#1283 = CARTESIAN_POINT('',(2.867472917402,-0.141389956656,
    17.813475528393));
#1284 = CARTESIAN_POINT('',(0.187985693445,4.560064695911E-17,14.));
#1285 = CARTESIAN_POINT('',(0.187985693446,0.108991155571,
    14.005144944118));
#1286 = CARTESIAN_POINT('',(0.124332389228,0.218545449305,
    14.010255416983));
#1287 = CARTESIAN_POINT('',(-3.890432015914E-03,0.288547164137,
    14.015942081774));
#1288 = CARTESIAN_POINT('',(-0.170162907717,0.284327997246,
    14.022753303061));
#1289 = CARTESIAN_POINT('',(-0.340281016645,0.177068335691,
    14.031079274225));
#1290 = CARTESIAN_POINT('',(-0.421558971467,-4.737072470549E-02,
    14.041723186854));
#1291 = CARTESIAN_POINT('',(-0.34056632884,-0.281887589171,
    14.054937852407));
#1292 = CARTESIAN_POINT('',(-0.14098209051,-0.421788245585,
    14.071359592044));
#1293 = CARTESIAN_POINT('',(0.322666531825,-0.429409105072,
    14.111437225237));
#1294 = CARTESIAN_POINT('',(0.586763456188,-0.297312277387,
    14.135106866498));
#1295 = CARTESIAN_POINT('',(0.794176664128,1.436799729868E-02,
    14.162852970247));
#1296 = CARTESIAN_POINT('',(0.813939087565,0.476533664843,
    14.195144166722));
#1297 = CARTESIAN_POINT('',(0.497949245486,0.967717510531,
    14.232326030766));
#1298 = CARTESIAN_POINT('',(-0.124742225363,1.148689451141,
    14.274803971258));
#1299 = CARTESIAN_POINT('',(-0.720098251602,0.915730694749,
    14.322903450034));
#1300 = CARTESIAN_POINT('',(-1.05734485608,0.408288401914,
    14.376860481325));
#1301 = CARTESIAN_POINT('',(-1.063741825986,-0.153131733249,
    14.436947003415));
#1302 = CARTESIAN_POINT('',(-1.070142012151,-0.714548346194,
    14.497031628487));
#1303 = CARTESIAN_POINT('',(-0.74621557731,-1.33072731662,
    14.563217001907));
#1304 = CARTESIAN_POINT('',(-2.033066776089E-02,-1.776843731686,
    14.635744998703));
#1305 = CARTESIAN_POINT('',(1.002105772996,-1.765974926183,
    14.714840988758));
#1306 = CARTESIAN_POINT('',(1.966748729473,-1.029264484317,
    14.800507782459));
#1307 = CARTESIAN_POINT('',(2.243367521611,0.202543838451,
    14.893015832997));
#1308 = CARTESIAN_POINT('',(1.762377599506,1.301607880503,14.99223223878
    ));
#1309 = CARTESIAN_POINT('',(0.827098350153,1.894852069892,
    15.098223821086));
#1310 = CARTESIAN_POINT('',(-1.161686028428,1.90888654451,
    15.323556061184));
#1311 = CARTESIAN_POINT('',(-2.215771056382,1.330013783314,
    15.442894541362));
#1312 = CARTESIAN_POINT('',(-2.929575720042,8.884664130724E-02,
    15.568870368174));
#1313 = CARTESIAN_POINT('',(-2.839031710458,-1.580755901113,
    15.701241578378));
#1314 = CARTESIAN_POINT('',(-1.605755712507,-3.024496605901,
    15.840046173214));
#1315 = CARTESIAN_POINT('',(0.257216358503,-3.360876551,15.98482215299)
  );
#1316 = CARTESIAN_POINT('',(1.843374048307,-2.614663329151,
    16.135453252594));
#1317 = CARTESIAN_POINT('',(2.671153566503,-1.265735728469,
    16.291589778874));
#1318 = CARTESIAN_POINT('',(2.676537278004,0.128876183985,
    16.452849993639));
#1319 = CARTESIAN_POINT('',(1.119998495199,2.527881678443E-16,
    15.045061810785));
#1320 = CARTESIAN_POINT('',(1.054437345392,0.590482817287,
    15.108675861981));
#1321 = CARTESIAN_POINT('',(0.640969794781,1.104405292017,
    15.167647891531));
#1322 = CARTESIAN_POINT('',(-4.103948746618E-02,1.309112077429,
    15.222217173313));
#1323 = CARTESIAN_POINT('',(-0.743195183039,1.05429294011,
    15.272613628019));
#1324 = CARTESIAN_POINT('',(-1.10130425727,0.433769014588,
    15.319084997074));
#1325 = CARTESIAN_POINT('',(-1.0318541996,-0.172918348481,
    15.362015866481));
#1326 = CARTESIAN_POINT('',(-0.702912103977,-0.573934823313,
    15.40166610231));
#1327 = CARTESIAN_POINT('',(-0.295840714403,-0.715608368331,
    15.438440899961));
#1328 = CARTESIAN_POINT('',(0.401974821219,-0.588917462267,
    15.506962230243));
#1329 = CARTESIAN_POINT('',(0.692835544881,-0.320391063454,
    15.538720065368));
#1330 = CARTESIAN_POINT('',(0.791465673914,0.100241951275,
    15.568317309534));
#1331 = CARTESIAN_POINT('',(0.613573968274,0.520216884614,
    15.596257278993));
#1332 = CARTESIAN_POINT('',(0.222749766497,0.741039731117,
    15.622772151678));
#1333 = CARTESIAN_POINT('',(-0.18594655848,0.696300290915,
    15.648471056815));
#1334 = CARTESIAN_POINT('',(-0.471413505596,0.461495966672,
    15.673694692363));
#1335 = CARTESIAN_POINT('',(-0.574129987547,0.151431662091,
    15.698858063976));
#1336 = CARTESIAN_POINT('',(-0.513830448957,-0.125895033075,
    15.72444756286));
#1337 = CARTESIAN_POINT('',(-0.45353111937,-0.40322183429,
    15.750033957036));
#1338 = CARTESIAN_POINT('',(-0.230303092599,-0.648809016076,
    15.775992077275));
#1339 = CARTESIAN_POINT('',(0.136856206523,-0.75457936584,
    15.802793604436));
#1340 = CARTESIAN_POINT('',(0.549077884417,-0.633159887823,
    15.830883873629));
#1341 = CARTESIAN_POINT('',(0.848379386774,-0.262415532012,
    15.86053437601));
#1342 = CARTESIAN_POINT('',(0.868127460598,0.229747448799,
    15.892396178083));
#1343 = CARTESIAN_POINT('',(0.608908590665,0.628527041642,
    15.926633773538));
#1344 = CARTESIAN_POINT('',(0.202870073919,0.805571941247,
    15.963742256577));
#1345 = CARTESIAN_POINT('',(-0.594063237414,0.690838002986,
    16.044303186949));
#1346 = CARTESIAN_POINT('',(-0.985110184858,0.39918429214,
    16.087765901849));
#1347 = CARTESIAN_POINT('',(-1.212368528015,-0.14027958604,
    16.134748805246));
#1348 = CARTESIAN_POINT('',(-1.10380903697,-0.818718190998,
    16.185582035724));
#1349 = CARTESIAN_POINT('',(-0.542924727563,-1.39213085446,
    16.240548000954));
#1350 = CARTESIAN_POINT('',(0.291949694478,-1.491317696345,
    16.299898279071));
#1351 = CARTESIAN_POINT('',(0.995494076591,-1.099775897745,
    16.363895864772));
#1352 = CARTESIAN_POINT('',(1.337239120527,-0.433766275271,
    16.432681236448));
#1353 = CARTESIAN_POINT('',(1.281717203725,0.240262540493,
    16.506441886359));
#1354 = CARTESIAN_POINT('',(2.25,3.831187424698E-16,14.913848691564));
#1355 = CARTESIAN_POINT('',(2.19267040442,1.174256492766,15.048352519014
    ));
#1356 = CARTESIAN_POINT('',(1.443026101279,2.281389900754,
    15.178821257367));
#1357 = CARTESIAN_POINT('',(7.244843206603E-02,2.85298114682,
    15.305037171246));
#1358 = CARTESIAN_POINT('',(-1.49693575338,2.499046379088,
    15.426817904752));
#1359 = CARTESIAN_POINT('',(-2.500967244247,1.221478622922,15.5441072763
    ));
#1360 = CARTESIAN_POINT('',(-2.517579747716,-0.223677784308,
    15.656680004762));
#1361 = CARTESIAN_POINT('',(-1.844978535616,-1.274252679351,
    15.764586566397));
#1362 = CARTESIAN_POINT('',(-0.894239500837,-1.7329116555,
    15.867736375318));
#1363 = CARTESIAN_POINT('',(0.860016686972,-1.616799074546,
    16.064581034813));
#1364 = CARTESIAN_POINT('',(1.664029563122,-1.04175797359,
    16.158276156587));
#1365 = CARTESIAN_POINT('',(2.04684422539,-2.79810750278E-02,
    16.247231755779));
#1366 = CARTESIAN_POINT('',(1.743299028788,1.087690539607,
    16.331560294891));
#1367 = CARTESIAN_POINT('',(0.812651440627,1.747307425917,
    16.411223179587));
#1368 = CARTESIAN_POINT('',(-0.180997011183,1.715711742192,
    16.486469603443));
#1369 = CARTESIAN_POINT('',(-0.878207376581,1.231739143424,
    16.55736992961));
#1370 = CARTESIAN_POINT('',(-1.164824476059,0.581066128352,
    16.624122039714));
#1371 = CARTESIAN_POINT('',(-1.107623196506,-3.020675182919E-03,
    16.686961120499));
#1372 = CARTESIAN_POINT('',(-1.050419850949,-0.587110034134,
    16.749798812757));
#1373 = CARTESIAN_POINT('',(-0.649108802017,-1.10537421488,
    16.80869600117));
#1374 = CARTESIAN_POINT('',(2.827303701912E-02,-1.327476900936,
    16.863896028908));
#1375 = CARTESIAN_POINT('',(0.745508136813,-1.094842083409,
    16.915630741398));
#1376 = CARTESIAN_POINT('',(1.142595028808,-0.475795891378,
    16.964135577651));
#1377 = CARTESIAN_POINT('',(1.100626785082,0.164876820649,
    17.009790762192));
#1378 = CARTESIAN_POINT('',(0.768667162875,0.609016421606,
    17.052833058575));
#1379 = CARTESIAN_POINT('',(0.333218954627,0.781634247068,17.09364867877
    ));
#1380 = CARTESIAN_POINT('',(-0.441356703549,0.671493062662,
    17.171493878277));
#1381 = CARTESIAN_POINT('',(-0.780628279869,0.388607876235,
    17.208533958565));
#1382 = CARTESIAN_POINT('',(-0.921859388033,-7.919584795764E-02,
    17.244011509088));
#1383 = CARTESIAN_POINT('',(-0.756066085557,-0.57665669971,
    17.278384395067));
#1384 = CARTESIAN_POINT('',(-0.31806396805,-0.878579459252,
    17.311872996435));
#1385 = CARTESIAN_POINT('',(0.181066828195,-0.864180242588,
    17.345020328055));
#1386 = CARTESIAN_POINT('',(0.551108131625,-0.602009726495,
    17.378137655157));
#1387 = CARTESIAN_POINT('',(0.703768738868,-0.228436967202,
    17.411592318873));
#1388 = CARTESIAN_POINT('',(0.651453681112,0.119987868186,
    17.445815176789));
#1389 = CARTESIAN_POINT('',(2.25,8.961412382981E-16,14.));
#1390 = CARTESIAN_POINT('',(2.25,1.174255256212,14.13450382745));
#1391 = CARTESIAN_POINT('',(1.557834987552,2.348666861524,
    14.269020193928));
#1392 = CARTESIAN_POINT('',(0.176055204415,3.053297762058,
    14.403326968764));
#1393 = CARTESIAN_POINT('',(-1.535481170607,2.833158028541,
    14.537224682609));
#1394 = CARTESIAN_POINT('',(-2.812695206899,1.53288182678,14.67057140138
    ));
#1395 = CARTESIAN_POINT('',(-3.004989126464,-0.15736936372,
    14.803074961592));
#1396 = CARTESIAN_POINT('',(-2.304260687686,-1.500532606833,
    14.934643402273));
#1397 = CARTESIAN_POINT('',(-1.162616512117,-2.164953411137,
    15.065045259584));
#1398 = CARTESIAN_POINT('',(1.0965282203,-2.162181299326,15.323217527771
    ));
#1399 = CARTESIAN_POINT('',(2.214705701705,-1.494921827567,
    15.450982937877));
#1400 = CARTESIAN_POINT('',(2.869448258802,-0.179827019686,
    15.577265521822));
#1401 = CARTESIAN_POINT('',(2.640400581287,1.423950363435,
    15.701894813871));
#1402 = CARTESIAN_POINT('',(1.416247850414,2.584572925403,15.82474511008
    ));
#1403 = CARTESIAN_POINT('',(-0.129264667188,2.740418276879,
    15.94566894168));
#1404 = CARTESIAN_POINT('',(-1.341123265433,2.095063517065,16.0645479209
    ));
#1405 = CARTESIAN_POINT('',(-1.933767847047,1.065384933511,
    16.181296196813));
#1406 = CARTESIAN_POINT('',(-1.931440928959,5.570215369132E-02,
    16.295814851005));
#1407 = CARTESIAN_POINT('',(-1.92911284094,-0.953981907342,
    16.410334195244));
#1408 = CARTESIAN_POINT('',(-1.331623005323,-1.944107179536,
    16.522634372918));
#1409 = CARTESIAN_POINT('',(-0.167244702543,-2.511925164848,
    16.632627401226));
#1410 = CARTESIAN_POINT('',(1.232859314504,-2.294204258476,
    16.740231301145));
#1411 = CARTESIAN_POINT('',(2.22106241733,-1.222892774616,
    16.845445050403));
#1412 = CARTESIAN_POINT('',(2.342300487716,0.100924651398,
    16.948170270782));
#1413 = CARTESIAN_POINT('',(1.787072328107,1.129606116388,
    17.048455305665));
#1414 = CARTESIAN_POINT('',(0.913039546365,1.629121772602,
    17.146275848596));
#1415 = CARTESIAN_POINT('',(-0.791332217107,1.624016687944,
    17.337061165909));
#1416 = CARTESIAN_POINT('',(-1.622149020031,1.119273379145,
    17.430026732404));
#1417 = CARTESIAN_POINT('',(-2.092690078981,0.142282367469,
    17.520577943007));
#1418 = CARTESIAN_POINT('',(-1.903766716088,-1.02228602241,
    17.608802812618));
#1419 = CARTESIAN_POINT('',(-1.013279734399,-1.836413005621,
    17.694687518158));
#1420 = CARTESIAN_POINT('',(8.107678124859E-02,-1.935728202338,
    17.778400113493));
#1421 = CARTESIAN_POINT('',(0.932528131356,-1.477071382459,
    17.859982890411));
#1422 = CARTESIAN_POINT('',(1.346739809761,-0.753485748717,
    17.939563050917));
#1423 = CARTESIAN_POINT('',(1.344781467625,-4.687912071062E-02,
    18.017279453484));
#1424 = ADVANCED_FACE('',(#1425),#1428,.F.);
#1425 = FACE_BOUND('',#1426,.F.);
#1426 = EDGE_LOOP('',(#1427));
#1427 = ORIENTED_EDGE('',*,*,#1169,.T.);
#1428 = PLANE('',#1429);
#1429 = AXIS2_PLACEMENT_3D('',#1430,#1431,#1432);
#1430 = CARTESIAN_POINT('',(1.700087132779,4.298499622964E-16,14.));
#1431 = DIRECTION('',(-6.08768119828E-16,1.,0.));
#1432 = DIRECTION('',(1.,6.08768119828E-16,0.));
#1433 = ADVANCED_FACE('',(#1434),#1437,.T.);
#1434 = FACE_BOUND('',#1435,.T.);
#1435 = EDGE_LOOP('',(#1436));
#1436 = ORIENTED_EDGE('',*,*,#1158,.T.);
#1437 = PLANE('',#1438);
#1438 = AXIS2_PLACEMENT_3D('',#1439,#1440,#1441);
#1439 = CARTESIAN_POINT('',(1.69994372513,-7.426742617623E-06,
    17.600066106761));
#1440 = DIRECTION('',(8.52347649272E-02,0.979486083135,0.182598049805));
#1441 = DIRECTION('',(-1.734723475977E-18,-0.183264970112,0.983063553759
    ));
#1442 = MANIFOLD_SOLID_BREP('',#1443);
#1443 = CLOSED_SHELL('',(#1444,#1477,#1486));
#1444 = ADVANCED_FACE('',(#1445),#1472,.T.);
#1445 = FACE_BOUND('',#1446,.T.);
#1446 = EDGE_LOOP('',(#1447,#1456,#1464,#1471));
#1447 = ORIENTED_EDGE('',*,*,#1448,.F.);
#1448 = EDGE_CURVE('',#1449,#1449,#1451,.T.);
#1449 = VERTEX_POINT('',#1450);
#1450 = CARTESIAN_POINT('',(3.,-7.347880794884E-16,18.3));
#1451 = CIRCLE('',#1452,3.);
#1452 = AXIS2_PLACEMENT_3D('',#1453,#1454,#1455);
#1453 = CARTESIAN_POINT('',(0.,0.,18.3));
#1454 = DIRECTION('',(0.,0.,1.));
#1455 = DIRECTION('',(1.,0.,0.));
#1456 = ORIENTED_EDGE('',*,*,#1457,.F.);
#1457 = EDGE_CURVE('',#1458,#1449,#1460,.T.);
#1458 = VERTEX_POINT('',#1459);
#1459 = CARTESIAN_POINT('',(3.,-7.347880794884E-16,17.6));
#1460 = LINE('',#1461,#1462);
#1461 = CARTESIAN_POINT('',(3.,-7.347880794884E-16,17.6));
#1462 = VECTOR('',#1463,1.);
#1463 = DIRECTION('',(0.,0.,1.));
#1464 = ORIENTED_EDGE('',*,*,#1465,.T.);
#1465 = EDGE_CURVE('',#1458,#1458,#1466,.T.);
#1466 = CIRCLE('',#1467,3.);
#1467 = AXIS2_PLACEMENT_3D('',#1468,#1469,#1470);
#1468 = CARTESIAN_POINT('',(0.,0.,17.6));
#1469 = DIRECTION('',(0.,0.,1.));
#1470 = DIRECTION('',(1.,0.,0.));
#1471 = ORIENTED_EDGE('',*,*,#1457,.T.);
#1472 = CYLINDRICAL_SURFACE('',#1473,3.);
#1473 = AXIS2_PLACEMENT_3D('',#1474,#1475,#1476);
#1474 = CARTESIAN_POINT('',(0.,0.,17.6));
#1475 = DIRECTION('',(0.,0.,1.));
#1476 = DIRECTION('',(1.,0.,0.));
#1477 = ADVANCED_FACE('',(#1478),#1481,.T.);
#1478 = FACE_BOUND('',#1479,.T.);
#1479 = EDGE_LOOP('',(#1480));
#1480 = ORIENTED_EDGE('',*,*,#1448,.T.);
#1481 = PLANE('',#1482);
#1482 = AXIS2_PLACEMENT_3D('',#1483,#1484,#1485);
#1483 = CARTESIAN_POINT('',(0.,0.,18.3));
#1484 = DIRECTION('',(0.,0.,1.));
#1485 = DIRECTION('',(1.,0.,0.));
#1486 = ADVANCED_FACE('',(#1487),#1490,.F.);
#1487 = FACE_BOUND('',#1488,.T.);
#1488 = EDGE_LOOP('',(#1489));
#1489 = ORIENTED_EDGE('',*,*,#1465,.F.);
#1490 = PLANE('',#1491);
#1491 = AXIS2_PLACEMENT_3D('',#1492,#1493,#1494);
#1492 = CARTESIAN_POINT('',(0.,0.,17.6));
#1493 = DIRECTION('',(0.,0.,1.));
#1494 = DIRECTION('',(1.,0.,0.));
#1495 = MANIFOLD_SOLID_BREP('',#1496);
#1496 = CLOSED_SHELL('',(#1497,#1599,#1678,#1698,#1718));
#1497 = ADVANCED_FACE('',(#1498),#1594,.T.);
#1498 = FACE_BOUND('',#1499,.T.);
#1499 = EDGE_LOOP('',(#1500,#1510,#1517,#1518,#1549,#1557,#1564,#1565));
#1500 = ORIENTED_EDGE('',*,*,#1501,.T.);
#1501 = EDGE_CURVE('',#1502,#1504,#1506,.T.);
#1502 = VERTEX_POINT('',#1503);
#1503 = CARTESIAN_POINT('',(7.85,-8.388830574159E-16,32.));
#1504 = VERTEX_POINT('',#1505);
#1505 = CARTESIAN_POINT('',(7.85,-1.922695474661E-15,36.));
#1506 = LINE('',#1507,#1508);
#1507 = CARTESIAN_POINT('',(7.85,-1.922695474661E-15,17.));
#1508 = VECTOR('',#1509,1.);
#1509 = DIRECTION('',(0.,0.,1.));
#1510 = ORIENTED_EDGE('',*,*,#1511,.F.);
#1511 = EDGE_CURVE('',#1504,#1504,#1512,.T.);
#1512 = CIRCLE('',#1513,7.85);
#1513 = AXIS2_PLACEMENT_3D('',#1514,#1515,#1516);
#1514 = CARTESIAN_POINT('',(0.,0.,36.));
#1515 = DIRECTION('',(0.,0.,1.));
#1516 = DIRECTION('',(1.,0.,0.));
#1517 = ORIENTED_EDGE('',*,*,#1501,.F.);
#1518 = ORIENTED_EDGE('',*,*,#1519,.F.);
#1519 = EDGE_CURVE('',#1520,#1502,#1522,.T.);
#1520 = VERTEX_POINT('',#1521);
#1521 = CARTESIAN_POINT('',(7.85,-1.922695474661E-15,30.));
#1522 = B_SPLINE_CURVE_WITH_KNOTS('',7,(#1523,#1524,#1525,#1526,#1527,
    #1528,#1529,#1530,#1531,#1532,#1533,#1534,#1535,#1536,#1537,#1538,
    #1539,#1540,#1541,#1542,#1543,#1544,#1545,#1546,#1547,#1548),
  .UNSPECIFIED.,.F.,.F.,(8,6,6,6,8),(0.,0.273622292328,0.500037047564,
    0.726451802801,1.),.UNSPECIFIED.);
#1523 = CARTESIAN_POINT('',(7.85,6.049014748177E-16,30.));
#1524 = CARTESIAN_POINT('',(7.85,0.138827062923,30.));
#1525 = CARTESIAN_POINT('',(7.847135543338,0.27509524329,30.022484964543
    ));
#1526 = CARTESIAN_POINT('',(7.841597522645,0.404484680025,
    30.065963925406));
#1527 = CARTESIAN_POINT('',(7.834095903866,0.523188302954,
    30.127969693675));
#1528 = CARTESIAN_POINT('',(7.825721823538,0.628136891542,30.20511894938
    ));
#1529 = CARTESIAN_POINT('',(7.817502792155,0.717295565723,30.29316311371
    ));
#1530 = CARTESIAN_POINT('',(7.804032081014,0.850444156364,
    30.464817242438));
#1531 = CARTESIAN_POINT('',(7.798417623102,0.90051664443,30.5477878793)
  );
#1532 = CARTESIAN_POINT('',(7.793616616002,0.940420542395,
    30.634642552766));
#1533 = CARTESIAN_POINT('',(7.789866497974,0.970245724264,
    30.724242956086));
#1534 = CARTESIAN_POINT('',(7.787318771761,0.990084610299,
    30.815600283823));
#1535 = CARTESIAN_POINT('',(7.786045209219,1.,30.907810589932));
#1536 = CARTESIAN_POINT('',(7.786045209219,1.,31.092189410068));
#1537 = CARTESIAN_POINT('',(7.787318771761,0.990084610299,
    31.184399716177));
#1538 = CARTESIAN_POINT('',(7.789866497974,0.970245724264,
    31.275757043914));
#1539 = CARTESIAN_POINT('',(7.793616616002,0.940420542395,
    31.365357447234));
#1540 = CARTESIAN_POINT('',(7.798417623102,0.90051664443,31.4522121207)
  );
#1541 = CARTESIAN_POINT('',(7.804032081014,0.850444156364,
    31.535182757562));
#1542 = CARTESIAN_POINT('',(7.817500796075,0.717315295585,
    31.706811450706));
#1543 = CARTESIAN_POINT('',(7.825720213537,0.628157074118,
    31.794869619403));
#1544 = CARTESIAN_POINT('',(7.834096685136,0.523187676377,31.87204088588
    ));
#1545 = CARTESIAN_POINT('',(7.841600263758,0.404453439512,
    31.934057537733));
#1546 = CARTESIAN_POINT('',(7.847137490969,0.275041815071,
    31.977530324456));
#1547 = CARTESIAN_POINT('',(7.85,0.138779858333,32.));
#1548 = CARTESIAN_POINT('',(7.85,5.665538897648E-16,32.));
#1549 = ORIENTED_EDGE('',*,*,#1550,.F.);
#1550 = EDGE_CURVE('',#1551,#1520,#1553,.T.);
#1551 = VERTEX_POINT('',#1552);
#1552 = CARTESIAN_POINT('',(7.85,-1.922695474661E-15,17.));
#1553 = LINE('',#1554,#1555);
#1554 = CARTESIAN_POINT('',(7.85,-1.922695474661E-15,17.));
#1555 = VECTOR('',#1556,1.);
#1556 = DIRECTION('',(0.,0.,1.));
#1557 = ORIENTED_EDGE('',*,*,#1558,.T.);
#1558 = EDGE_CURVE('',#1551,#1551,#1559,.T.);
#1559 = CIRCLE('',#1560,7.85);
#1560 = AXIS2_PLACEMENT_3D('',#1561,#1562,#1563);
#1561 = CARTESIAN_POINT('',(0.,0.,17.));
#1562 = DIRECTION('',(0.,0.,1.));
#1563 = DIRECTION('',(1.,0.,0.));
#1564 = ORIENTED_EDGE('',*,*,#1550,.T.);
#1565 = ORIENTED_EDGE('',*,*,#1566,.F.);
#1566 = EDGE_CURVE('',#1502,#1520,#1567,.T.);
#1567 = B_SPLINE_CURVE_WITH_KNOTS('',7,(#1568,#1569,#1570,#1571,#1572,
    #1573,#1574,#1575,#1576,#1577,#1578,#1579,#1580,#1581,#1582,#1583,
    #1584,#1585,#1586,#1587,#1588,#1589,#1590,#1591,#1592,#1593),
  .UNSPECIFIED.,.F.,.F.,(8,6,6,6,8),(0.,0.273621111466,0.500040384209,
    0.72645368623,1.),.UNSPECIFIED.);
#1568 = CARTESIAN_POINT('',(7.85,-4.440892098501E-16,32.));
#1569 = CARTESIAN_POINT('',(7.85,-0.138827062923,32.));
#1570 = CARTESIAN_POINT('',(7.847135543338,-0.27509524329,
    31.977515035457));
#1571 = CARTESIAN_POINT('',(7.841597522645,-0.404484680026,
    31.934036074594));
#1572 = CARTESIAN_POINT('',(7.834095903866,-0.523188302954,
    31.872030306325));
#1573 = CARTESIAN_POINT('',(7.825721823538,-0.628136891542,
    31.79488105062));
#1574 = CARTESIAN_POINT('',(7.817502792155,-0.717295565723,
    31.70683688629));
#1575 = CARTESIAN_POINT('',(7.804031932991,-0.850445619469,
    31.535180871339));
#1576 = CARTESIAN_POINT('',(7.798417524808,-0.900517313143,
    31.452210388718));
#1577 = CARTESIAN_POINT('',(7.79361665752,-0.940420186963,
    31.365357229933));
#1578 = CARTESIAN_POINT('',(7.789866603645,-0.970244948078,
    31.275758707115));
#1579 = CARTESIAN_POINT('',(7.787318829729,-0.990084090053,
    31.184402557478));
#1580 = CARTESIAN_POINT('',(7.786045209219,-1.,31.092191841185));
#1581 = CARTESIAN_POINT('',(7.786045209219,-1.,30.907810589932));
#1582 = CARTESIAN_POINT('',(7.787318771761,-0.990084610299,
    30.815600283823));
#1583 = CARTESIAN_POINT('',(7.789866497974,-0.970245724264,
    30.724242956086));
#1584 = CARTESIAN_POINT('',(7.793616616002,-0.940420542395,
    30.634642552766));
#1585 = CARTESIAN_POINT('',(7.798417623102,-0.90051664443,30.5477878793)
  );
#1586 = CARTESIAN_POINT('',(7.804032081014,-0.850444156364,
    30.464817242438));
#1587 = CARTESIAN_POINT('',(7.817500792635,-0.717315329587,
    30.29318859313));
#1588 = CARTESIAN_POINT('',(7.825720045467,-0.628158727947,
    30.205132487877));
#1589 = CARTESIAN_POINT('',(7.834096402329,-0.523191140618,
    30.127961401136));
#1590 = CARTESIAN_POINT('',(7.841600145431,-0.40445670377,
    30.065943259605));
#1591 = CARTESIAN_POINT('',(7.847137545988,-0.275042815711,
    30.022469296984));
#1592 = CARTESIAN_POINT('',(7.85,-0.13877865674,30.));
#1593 = CARTESIAN_POINT('',(7.85,-3.330669073875E-16,30.));
#1594 = CYLINDRICAL_SURFACE('',#1595,7.85);
#1595 = AXIS2_PLACEMENT_3D('',#1596,#1597,#1598);
#1596 = CARTESIAN_POINT('',(0.,0.,17.));
#1597 = DIRECTION('',(0.,0.,1.));
#1598 = DIRECTION('',(1.,0.,0.));
#1599 = ADVANCED_FACE('',(#1600),#1673,.F.);
#1600 = FACE_BOUND('',#1601,.F.);
#1601 = EDGE_LOOP('',(#1602,#1603,#1611,#1642,#1671,#1672));
#1602 = ORIENTED_EDGE('',*,*,#1566,.F.);
#1603 = ORIENTED_EDGE('',*,*,#1604,.F.);
#1604 = EDGE_CURVE('',#1605,#1502,#1607,.T.);
#1605 = VERTEX_POINT('',#1606);
#1606 = CARTESIAN_POINT('',(5.,-4.898587196589E-16,32.));
#1607 = LINE('',#1608,#1609);
#1608 = CARTESIAN_POINT('',(3.,2.449293598295E-16,32.));
#1609 = VECTOR('',#1610,1.);
#1610 = DIRECTION('',(1.,0.,0.));
#1611 = ORIENTED_EDGE('',*,*,#1612,.T.);
#1612 = EDGE_CURVE('',#1605,#1613,#1615,.T.);
#1613 = VERTEX_POINT('',#1614);
#1614 = CARTESIAN_POINT('',(5.,-1.224646799147E-15,30.));
#1615 = B_SPLINE_CURVE_WITH_KNOTS('',7,(#1616,#1617,#1618,#1619,#1620,
    #1621,#1622,#1623,#1624,#1625,#1626,#1627,#1628,#1629,#1630,#1631,
    #1632,#1633,#1634,#1635,#1636,#1637,#1638,#1639,#1640,#1641),
  .UNSPECIFIED.,.F.,.F.,(8,6,6,6,8),(0.,0.263969050001,0.500035738181,
    0.73609742416,1.),.UNSPECIFIED.);
#1616 = CARTESIAN_POINT('',(5.,-4.440892098501E-16,32.));
#1617 = CARTESIAN_POINT('',(5.,-0.133538868959,32.));
#1618 = CARTESIAN_POINT('',(4.995838846659,-0.26477992472,
    31.979195396757));
#1619 = CARTESIAN_POINT('',(4.987775795209,-0.389861334188,
    31.938874025085));
#1620 = CARTESIAN_POINT('',(4.976756806404,-0.505338070196,
    31.881177542469));
#1621 = CARTESIAN_POINT('',(4.964254865782,-0.608369833546,
    31.809065698919));
#1622 = CARTESIAN_POINT('',(4.951742656948,-0.696981428827,
    31.726308683961));
#1623 = CARTESIAN_POINT('',(4.930018028036,-0.836272511882,
    31.557934688285));
#1624 = CARTESIAN_POINT('',(4.920435569644,-0.891004272879,
    31.472296413847));
#1625 = CARTESIAN_POINT('',(4.91215326319,-0.934687601788,
    31.382089124826));
#1626 = CARTESIAN_POINT('',(4.905639384799,-0.96737164879,
    31.288638435898));
#1627 = CARTESIAN_POINT('',(4.901199340635,-0.989125573102,
    31.19310220997));
#1628 = CARTESIAN_POINT('',(4.898979485566,-1.,31.09654495133));
#1629 = CARTESIAN_POINT('',(4.898979485566,-1.,30.903457094436));
#1630 = CARTESIAN_POINT('',(4.901199262898,-0.989126031064,
    30.806900133612));
#1631 = CARTESIAN_POINT('',(4.905639239688,-0.967372310468,
    30.711362881474));
#1632 = CARTESIAN_POINT('',(4.912153210203,-0.934687886318,
    30.617910616444));
#1633 = CARTESIAN_POINT('',(4.920435714435,-0.891003659927,
    30.527702086286));
#1634 = CARTESIAN_POINT('',(4.930018235003,-0.836271184882,
    30.442063707648));
#1635 = CARTESIAN_POINT('',(4.951739780483,-0.696999871761,
    30.273713609716));
#1636 = CARTESIAN_POINT('',(4.964252417783,-0.608389684122,
    30.190946064923));
#1637 = CARTESIAN_POINT('',(4.976757580111,-0.505340390368,
    30.118815215189));
#1638 = CARTESIAN_POINT('',(4.987779349667,-0.389835948978,
    30.061108099503));
#1639 = CARTESIAN_POINT('',(4.995841562541,-0.264732888154,
    30.020791090049));
#1640 = CARTESIAN_POINT('',(5.,-0.133495459874,30.));
#1641 = CARTESIAN_POINT('',(5.,-2.22044604925E-16,30.));
#1642 = ORIENTED_EDGE('',*,*,#1643,.T.);
#1643 = EDGE_CURVE('',#1613,#1605,#1644,.T.);
#1644 = B_SPLINE_CURVE_WITH_KNOTS('',7,(#1645,#1646,#1647,#1648,#1649,
    #1650,#1651,#1652,#1653,#1654,#1655,#1656,#1657,#1658,#1659,#1660,
    #1661,#1662,#1663,#1664,#1665,#1666,#1667,#1668,#1669,#1670),
  .UNSPECIFIED.,.F.,.F.,(8,6,6,6,8),(0.,0.26397027933,0.500033303126,
    0.736096326922,1.),.UNSPECIFIED.);
#1645 = CARTESIAN_POINT('',(5.,3.828568698927E-16,30.));
#1646 = CARTESIAN_POINT('',(5.,0.133538868959,30.));
#1647 = CARTESIAN_POINT('',(4.995838846659,0.26477992472,30.020804603243
    ));
#1648 = CARTESIAN_POINT('',(4.987775795209,0.389861334187,
    30.061125974915));
#1649 = CARTESIAN_POINT('',(4.976756806404,0.505338070196,
    30.118822457531));
#1650 = CARTESIAN_POINT('',(4.964254865782,0.608369833546,
    30.190934301081));
#1651 = CARTESIAN_POINT('',(4.951742656948,0.696981428827,
    30.273691316039));
#1652 = CARTESIAN_POINT('',(4.930018235003,0.836271184882,
    30.442063707648));
#1653 = CARTESIAN_POINT('',(4.920435714435,0.891003659927,
    30.527702086286));
#1654 = CARTESIAN_POINT('',(4.912153210203,0.934687886318,
    30.617910616444));
#1655 = CARTESIAN_POINT('',(4.905639239688,0.967372310468,
    30.711362881474));
#1656 = CARTESIAN_POINT('',(4.901199262898,0.989126031064,
    30.806900133612));
#1657 = CARTESIAN_POINT('',(4.898979485566,1.,30.903457094436));
#1658 = CARTESIAN_POINT('',(4.898979485566,1.,31.096542905564));
#1659 = CARTESIAN_POINT('',(4.901199262898,0.989126031064,
    31.193099866389));
#1660 = CARTESIAN_POINT('',(4.905639239688,0.967372310468,
    31.288637118526));
#1661 = CARTESIAN_POINT('',(4.912153210203,0.934687886318,
    31.382089383556));
#1662 = CARTESIAN_POINT('',(4.920435714435,0.891003659927,
    31.472297913714));
#1663 = CARTESIAN_POINT('',(4.930018235003,0.836271184882,
    31.557936292352));
#1664 = CARTESIAN_POINT('',(4.951739763176,0.696999982729,
    31.726286256147));
#1665 = CARTESIAN_POINT('',(4.964252682778,0.608388040901,
    31.809055996471));
#1666 = CARTESIAN_POINT('',(4.976758037812,0.505336696904,
    31.881187192876));
#1667 = CARTESIAN_POINT('',(4.987779589187,0.389832194802,
    31.938892953642));
#1668 = CARTESIAN_POINT('',(4.995841521996,0.264731114829,
    31.979208772882));
#1669 = CARTESIAN_POINT('',(5.,0.133495936637,32.));
#1670 = CARTESIAN_POINT('',(5.,1.224646799147E-16,32.));
#1671 = ORIENTED_EDGE('',*,*,#1604,.T.);
#1672 = ORIENTED_EDGE('',*,*,#1519,.F.);
#1673 = CYLINDRICAL_SURFACE('',#1674,1.);
#1674 = AXIS2_PLACEMENT_3D('',#1675,#1676,#1677);
#1675 = CARTESIAN_POINT('',(3.,0.,31.));
#1676 = DIRECTION('',(1.,0.,0.));
#1677 = DIRECTION('',(0.,0.,1.));
#1678 = ADVANCED_FACE('',(#1679,#1682),#1693,.F.);
#1679 = FACE_BOUND('',#1680,.F.);
#1680 = EDGE_LOOP('',(#1681));
#1681 = ORIENTED_EDGE('',*,*,#1558,.T.);
#1682 = FACE_BOUND('',#1683,.F.);
#1683 = EDGE_LOOP('',(#1684));
#1684 = ORIENTED_EDGE('',*,*,#1685,.F.);
#1685 = EDGE_CURVE('',#1686,#1686,#1688,.T.);
#1686 = VERTEX_POINT('',#1687);
#1687 = CARTESIAN_POINT('',(5.,-1.224646799147E-15,17.));
#1688 = CIRCLE('',#1689,5.);
#1689 = AXIS2_PLACEMENT_3D('',#1690,#1691,#1692);
#1690 = CARTESIAN_POINT('',(0.,0.,17.));
#1691 = DIRECTION('',(0.,0.,1.));
#1692 = DIRECTION('',(1.,0.,0.));
#1693 = PLANE('',#1694);
#1694 = AXIS2_PLACEMENT_3D('',#1695,#1696,#1697);
#1695 = CARTESIAN_POINT('',(0.,0.,17.));
#1696 = DIRECTION('',(0.,0.,1.));
#1697 = DIRECTION('',(1.,0.,0.));
#1698 = ADVANCED_FACE('',(#1699,#1702),#1713,.T.);
#1699 = FACE_BOUND('',#1700,.T.);
#1700 = EDGE_LOOP('',(#1701));
#1701 = ORIENTED_EDGE('',*,*,#1511,.T.);
#1702 = FACE_BOUND('',#1703,.T.);
#1703 = EDGE_LOOP('',(#1704));
#1704 = ORIENTED_EDGE('',*,*,#1705,.F.);
#1705 = EDGE_CURVE('',#1706,#1706,#1708,.T.);
#1706 = VERTEX_POINT('',#1707);
#1707 = CARTESIAN_POINT('',(5.,-1.224646799147E-15,36.));
#1708 = CIRCLE('',#1709,5.);
#1709 = AXIS2_PLACEMENT_3D('',#1710,#1711,#1712);
#1710 = CARTESIAN_POINT('',(0.,0.,36.));
#1711 = DIRECTION('',(0.,0.,1.));
#1712 = DIRECTION('',(1.,0.,0.));
#1713 = PLANE('',#1714);
#1714 = AXIS2_PLACEMENT_3D('',#1715,#1716,#1717);
#1715 = CARTESIAN_POINT('',(0.,0.,36.));
#1716 = DIRECTION('',(0.,0.,1.));
#1717 = DIRECTION('',(1.,0.,0.));
#1718 = ADVANCED_FACE('',(#1719),#1739,.F.);
#1719 = FACE_BOUND('',#1720,.F.);
#1720 = EDGE_LOOP('',(#1721,#1727,#1728,#1729,#1730,#1736,#1737,#1738));
#1721 = ORIENTED_EDGE('',*,*,#1722,.T.);
#1722 = EDGE_CURVE('',#1605,#1706,#1723,.T.);
#1723 = LINE('',#1724,#1725);
#1724 = CARTESIAN_POINT('',(5.,-1.224646799147E-15,16.));
#1725 = VECTOR('',#1726,1.);
#1726 = DIRECTION('',(0.,0.,1.));
#1727 = ORIENTED_EDGE('',*,*,#1705,.F.);
#1728 = ORIENTED_EDGE('',*,*,#1722,.F.);
#1729 = ORIENTED_EDGE('',*,*,#1643,.F.);
#1730 = ORIENTED_EDGE('',*,*,#1731,.F.);
#1731 = EDGE_CURVE('',#1686,#1613,#1732,.T.);
#1732 = LINE('',#1733,#1734);
#1733 = CARTESIAN_POINT('',(5.,-1.224646799147E-15,16.));
#1734 = VECTOR('',#1735,1.);
#1735 = DIRECTION('',(0.,0.,1.));
#1736 = ORIENTED_EDGE('',*,*,#1685,.T.);
#1737 = ORIENTED_EDGE('',*,*,#1731,.T.);
#1738 = ORIENTED_EDGE('',*,*,#1612,.F.);
#1739 = CYLINDRICAL_SURFACE('',#1740,5.);
#1740 = AXIS2_PLACEMENT_3D('',#1741,#1742,#1743);
#1741 = CARTESIAN_POINT('',(0.,0.,16.));
#1742 = DIRECTION('',(0.,0.,1.));
#1743 = DIRECTION('',(1.,0.,0.));
#1744 = MANIFOLD_SOLID_BREP('',#1745);
#1745 = CLOSED_SHELL('',(#1746,#1779,#1799,#1819,#1845));
#1746 = ADVANCED_FACE('',(#1747),#1774,.T.);
#1747 = FACE_BOUND('',#1748,.T.);
#1748 = EDGE_LOOP('',(#1749,#1758,#1766,#1773));
#1749 = ORIENTED_EDGE('',*,*,#1750,.F.);
#1750 = EDGE_CURVE('',#1751,#1751,#1753,.T.);
#1751 = VERTEX_POINT('',#1752);
#1752 = CARTESIAN_POINT('',(7.85,-1.922695474661E-15,42.));
#1753 = CIRCLE('',#1754,7.85);
#1754 = AXIS2_PLACEMENT_3D('',#1755,#1756,#1757);
#1755 = CARTESIAN_POINT('',(0.,0.,42.));
#1756 = DIRECTION('',(0.,0.,1.));
#1757 = DIRECTION('',(1.,0.,0.));
#1758 = ORIENTED_EDGE('',*,*,#1759,.F.);
#1759 = EDGE_CURVE('',#1760,#1751,#1762,.T.);
#1760 = VERTEX_POINT('',#1761);
#1761 = CARTESIAN_POINT('',(7.85,-1.922695474661E-15,37.));
#1762 = LINE('',#1763,#1764);
#1763 = CARTESIAN_POINT('',(7.85,-1.922695474661E-15,37.));
#1764 = VECTOR('',#1765,1.);
#1765 = DIRECTION('',(0.,0.,1.));
#1766 = ORIENTED_EDGE('',*,*,#1767,.T.);
#1767 = EDGE_CURVE('',#1760,#1760,#1768,.T.);
#1768 = CIRCLE('',#1769,7.85);
#1769 = AXIS2_PLACEMENT_3D('',#1770,#1771,#1772);
#1770 = CARTESIAN_POINT('',(0.,0.,37.));
#1771 = DIRECTION('',(0.,0.,1.));
#1772 = DIRECTION('',(1.,0.,0.));
#1773 = ORIENTED_EDGE('',*,*,#1759,.T.);
#1774 = CYLINDRICAL_SURFACE('',#1775,7.85);
#1775 = AXIS2_PLACEMENT_3D('',#1776,#1777,#1778);
#1776 = CARTESIAN_POINT('',(0.,0.,37.));
#1777 = DIRECTION('',(0.,0.,1.));
#1778 = DIRECTION('',(1.,0.,0.));
#1779 = ADVANCED_FACE('',(#1780,#1783),#1794,.T.);
#1780 = FACE_BOUND('',#1781,.T.);
#1781 = EDGE_LOOP('',(#1782));
#1782 = ORIENTED_EDGE('',*,*,#1750,.T.);
#1783 = FACE_BOUND('',#1784,.T.);
#1784 = EDGE_LOOP('',(#1785));
#1785 = ORIENTED_EDGE('',*,*,#1786,.F.);
#1786 = EDGE_CURVE('',#1787,#1787,#1789,.T.);
#1787 = VERTEX_POINT('',#1788);
#1788 = CARTESIAN_POINT('',(4.898979485566,-1.199903909217E-15,42.));
#1789 = CIRCLE('',#1790,4.898979485566);
#1790 = AXIS2_PLACEMENT_3D('',#1791,#1792,#1793);
#1791 = CARTESIAN_POINT('',(0.,0.,42.));
#1792 = DIRECTION('',(0.,0.,1.));
#1793 = DIRECTION('',(1.,0.,0.));
#1794 = PLANE('',#1795);
#1795 = AXIS2_PLACEMENT_3D('',#1796,#1797,#1798);
#1796 = CARTESIAN_POINT('',(0.,0.,42.));
#1797 = DIRECTION('',(0.,0.,1.));
#1798 = DIRECTION('',(1.,0.,0.));
#1799 = ADVANCED_FACE('',(#1800,#1803),#1814,.F.);
#1800 = FACE_BOUND('',#1801,.F.);
#1801 = EDGE_LOOP('',(#1802));
#1802 = ORIENTED_EDGE('',*,*,#1767,.T.);
#1803 = FACE_BOUND('',#1804,.F.);
#1804 = EDGE_LOOP('',(#1805));
#1805 = ORIENTED_EDGE('',*,*,#1806,.F.);
#1806 = EDGE_CURVE('',#1807,#1807,#1809,.T.);
#1807 = VERTEX_POINT('',#1808);
#1808 = CARTESIAN_POINT('',(2.,-4.898587196589E-16,37.));
#1809 = CIRCLE('',#1810,2.);
#1810 = AXIS2_PLACEMENT_3D('',#1811,#1812,#1813);
#1811 = CARTESIAN_POINT('',(0.,0.,37.));
#1812 = DIRECTION('',(0.,0.,1.));
#1813 = DIRECTION('',(1.,0.,0.));
#1814 = PLANE('',#1815);
#1815 = AXIS2_PLACEMENT_3D('',#1816,#1817,#1818);
#1816 = CARTESIAN_POINT('',(0.,0.,37.));
#1817 = DIRECTION('',(0.,0.,1.));
#1818 = DIRECTION('',(1.,0.,0.));
#1819 = ADVANCED_FACE('',(#1820),#1840,.F.);
#1820 = FACE_BOUND('',#1821,.F.);
#1821 = EDGE_LOOP('',(#1822,#1823,#1832,#1839));
#1822 = ORIENTED_EDGE('',*,*,#1786,.F.);
#1823 = ORIENTED_EDGE('',*,*,#1824,.F.);
#1824 = EDGE_CURVE('',#1825,#1787,#1827,.T.);
#1825 = VERTEX_POINT('',#1826);
#1826 = CARTESIAN_POINT('',(2.,-4.898587196589E-16,38.417424305044));
#1827 = CIRCLE('',#1828,5.);
#1828 = AXIS2_PLACEMENT_3D('',#1829,#1830,#1831);
#1829 = CARTESIAN_POINT('',(0.,0.,43.));
#1830 = DIRECTION('',(-2.449293598295E-16,-1.,0.));
#1831 = DIRECTION('',(1.,-2.449293598295E-16,0.));
#1832 = ORIENTED_EDGE('',*,*,#1833,.T.);
#1833 = EDGE_CURVE('',#1825,#1825,#1834,.T.);
#1834 = CIRCLE('',#1835,2.);
#1835 = AXIS2_PLACEMENT_3D('',#1836,#1837,#1838);
#1836 = CARTESIAN_POINT('',(0.,0.,38.417424305044));
#1837 = DIRECTION('',(-0.,0.,1.));
#1838 = DIRECTION('',(0.,-1.,0.));
#1839 = ORIENTED_EDGE('',*,*,#1824,.T.);
#1840 = SPHERICAL_SURFACE('',#1841,5.);
#1841 = AXIS2_PLACEMENT_3D('',#1842,#1843,#1844);
#1842 = CARTESIAN_POINT('',(0.,0.,43.));
#1843 = DIRECTION('',(0.,0.,1.));
#1844 = DIRECTION('',(1.,0.,0.));
#1845 = ADVANCED_FACE('',(#1846),#1857,.F.);
#1846 = FACE_BOUND('',#1847,.F.);
#1847 = EDGE_LOOP('',(#1848,#1849,#1855,#1856));
#1848 = ORIENTED_EDGE('',*,*,#1833,.F.);
#1849 = ORIENTED_EDGE('',*,*,#1850,.F.);
#1850 = EDGE_CURVE('',#1807,#1825,#1851,.T.);
#1851 = LINE('',#1852,#1853);
#1852 = CARTESIAN_POINT('',(2.,-4.898587196589E-16,36.));
#1853 = VECTOR('',#1854,1.);
#1854 = DIRECTION('',(0.,0.,1.));
#1855 = ORIENTED_EDGE('',*,*,#1806,.T.);
#1856 = ORIENTED_EDGE('',*,*,#1850,.T.);
#1857 = CYLINDRICAL_SURFACE('',#1858,2.);
#1858 = AXIS2_PLACEMENT_3D('',#1859,#1860,#1861);
#1859 = CARTESIAN_POINT('',(0.,0.,36.));
#1860 = DIRECTION('',(0.,0.,1.));
#1861 = DIRECTION('',(1.,0.,0.));
#1862 = MANIFOLD_SOLID_BREP('',#1863);
#1863 = CLOSED_SHELL('',(#1864,#1906,#1939,#1981,#2005,#2040,#2057,#2074
    ));
#1864 = ADVANCED_FACE('',(#1865),#1901,.T.);
#1865 = FACE_BOUND('',#1866,.T.);
#1866 = EDGE_LOOP('',(#1867,#1877,#1886,#1894));
#1867 = ORIENTED_EDGE('',*,*,#1868,.T.);
#1868 = EDGE_CURVE('',#1869,#1871,#1873,.T.);
#1869 = VERTEX_POINT('',#1870);
#1870 = CARTESIAN_POINT('',(8.2,-2.008420750602E-15,43.));
#1871 = VERTEX_POINT('',#1872);
#1872 = CARTESIAN_POINT('',(8.2,-2.008420750602E-15,44.));
#1873 = LINE('',#1874,#1875);
#1874 = CARTESIAN_POINT('',(8.2,-2.008420750602E-15,43.));
#1875 = VECTOR('',#1876,1.);
#1876 = DIRECTION('',(0.,0.,1.));
#1877 = ORIENTED_EDGE('',*,*,#1878,.F.);
#1878 = EDGE_CURVE('',#1879,#1871,#1881,.T.);
#1879 = VERTEX_POINT('',#1880);
#1880 = CARTESIAN_POINT('',(-1.,8.13879597975,44.));
#1881 = CIRCLE('',#1882,8.2);
#1882 = AXIS2_PLACEMENT_3D('',#1883,#1884,#1885);
#1883 = CARTESIAN_POINT('',(0.,0.,44.));
#1884 = DIRECTION('',(0.,0.,1.));
#1885 = DIRECTION('',(1.,0.,0.));
#1886 = ORIENTED_EDGE('',*,*,#1887,.F.);
#1887 = EDGE_CURVE('',#1888,#1879,#1890,.T.);
#1888 = VERTEX_POINT('',#1889);
#1889 = CARTESIAN_POINT('',(-1.,8.13879597975,43.));
#1890 = LINE('',#1891,#1892);
#1891 = CARTESIAN_POINT('',(-1.,8.13879597975,43.));
#1892 = VECTOR('',#1893,1.);
#1893 = DIRECTION('',(0.,0.,1.));
#1894 = ORIENTED_EDGE('',*,*,#1895,.T.);
#1895 = EDGE_CURVE('',#1888,#1869,#1896,.T.);
#1896 = CIRCLE('',#1897,8.2);
#1897 = AXIS2_PLACEMENT_3D('',#1898,#1899,#1900);
#1898 = CARTESIAN_POINT('',(0.,0.,43.));
#1899 = DIRECTION('',(0.,0.,1.));
#1900 = DIRECTION('',(1.,0.,0.));
#1901 = CYLINDRICAL_SURFACE('',#1902,8.2);
#1902 = AXIS2_PLACEMENT_3D('',#1903,#1904,#1905);
#1903 = CARTESIAN_POINT('',(0.,0.,43.));
#1904 = DIRECTION('',(0.,0.,1.));
#1905 = DIRECTION('',(1.,0.,0.));
#1906 = ADVANCED_FACE('',(#1907),#1934,.T.);
#1907 = FACE_BOUND('',#1908,.T.);
#1908 = EDGE_LOOP('',(#1909,#1918,#1919,#1928));
#1909 = ORIENTED_EDGE('',*,*,#1910,.F.);
#1910 = EDGE_CURVE('',#1871,#1911,#1913,.T.);
#1911 = VERTEX_POINT('',#1912);
#1912 = CARTESIAN_POINT('',(1.,8.13879597975,44.));
#1913 = CIRCLE('',#1914,8.2);
#1914 = AXIS2_PLACEMENT_3D('',#1915,#1916,#1917);
#1915 = CARTESIAN_POINT('',(0.,0.,44.));
#1916 = DIRECTION('',(0.,0.,1.));
#1917 = DIRECTION('',(1.,0.,0.));
#1918 = ORIENTED_EDGE('',*,*,#1868,.F.);
#1919 = ORIENTED_EDGE('',*,*,#1920,.T.);
#1920 = EDGE_CURVE('',#1869,#1921,#1923,.T.);
#1921 = VERTEX_POINT('',#1922);
#1922 = CARTESIAN_POINT('',(1.,8.13879597975,43.));
#1923 = CIRCLE('',#1924,8.2);
#1924 = AXIS2_PLACEMENT_3D('',#1925,#1926,#1927);
#1925 = CARTESIAN_POINT('',(0.,0.,43.));
#1926 = DIRECTION('',(0.,0.,1.));
#1927 = DIRECTION('',(1.,0.,0.));
#1928 = ORIENTED_EDGE('',*,*,#1929,.T.);
#1929 = EDGE_CURVE('',#1921,#1911,#1930,.T.);
#1930 = LINE('',#1931,#1932);
#1931 = CARTESIAN_POINT('',(1.,8.13879597975,43.));
#1932 = VECTOR('',#1933,1.);
#1933 = DIRECTION('',(0.,0.,1.));
#1934 = CYLINDRICAL_SURFACE('',#1935,8.2);
#1935 = AXIS2_PLACEMENT_3D('',#1936,#1937,#1938);
#1936 = CARTESIAN_POINT('',(0.,0.,43.));
#1937 = DIRECTION('',(0.,0.,1.));
#1938 = DIRECTION('',(1.,0.,0.));
#1939 = ADVANCED_FACE('',(#1940),#1976,.F.);
#1940 = FACE_BOUND('',#1941,.F.);
#1941 = EDGE_LOOP('',(#1942,#1943,#1944,#1952,#1961,#1970));
#1942 = ORIENTED_EDGE('',*,*,#1895,.T.);
#1943 = ORIENTED_EDGE('',*,*,#1920,.T.);
#1944 = ORIENTED_EDGE('',*,*,#1945,.F.);
#1945 = EDGE_CURVE('',#1946,#1921,#1948,.T.);
#1946 = VERTEX_POINT('',#1947);
#1947 = CARTESIAN_POINT('',(1.,7.13021738799,43.));
#1948 = LINE('',#1949,#1950);
#1949 = CARTESIAN_POINT('',(1.,0.,43.));
#1950 = VECTOR('',#1951,1.);
#1951 = DIRECTION('',(0.,1.,0.));
#1952 = ORIENTED_EDGE('',*,*,#1953,.F.);
#1953 = EDGE_CURVE('',#1954,#1946,#1956,.T.);
#1954 = VERTEX_POINT('',#1955);
#1955 = CARTESIAN_POINT('',(7.2,-1.763491390772E-15,43.));
#1956 = CIRCLE('',#1957,7.2);
#1957 = AXIS2_PLACEMENT_3D('',#1958,#1959,#1960);
#1958 = CARTESIAN_POINT('',(0.,0.,43.));
#1959 = DIRECTION('',(0.,0.,1.));
#1960 = DIRECTION('',(1.,0.,0.));
#1961 = ORIENTED_EDGE('',*,*,#1962,.F.);
#1962 = EDGE_CURVE('',#1963,#1954,#1965,.T.);
#1963 = VERTEX_POINT('',#1964);
#1964 = CARTESIAN_POINT('',(-1.,7.13021738799,43.));
#1965 = CIRCLE('',#1966,7.2);
#1966 = AXIS2_PLACEMENT_3D('',#1967,#1968,#1969);
#1967 = CARTESIAN_POINT('',(0.,0.,43.));
#1968 = DIRECTION('',(0.,0.,1.));
#1969 = DIRECTION('',(1.,0.,0.));
#1970 = ORIENTED_EDGE('',*,*,#1971,.T.);
#1971 = EDGE_CURVE('',#1963,#1888,#1972,.T.);
#1972 = LINE('',#1973,#1974);
#1973 = CARTESIAN_POINT('',(-1.,0.,43.));
#1974 = VECTOR('',#1975,1.);
#1975 = DIRECTION('',(0.,1.,0.));
#1976 = PLANE('',#1977);
#1977 = AXIS2_PLACEMENT_3D('',#1978,#1979,#1980);
#1978 = CARTESIAN_POINT('',(0.,0.,43.));
#1979 = DIRECTION('',(0.,0.,1.));
#1980 = DIRECTION('',(1.,0.,0.));
#1981 = ADVANCED_FACE('',(#1982),#2000,.T.);
#1982 = FACE_BOUND('',#1983,.T.);
#1983 = EDGE_LOOP('',(#1984,#1985,#1986,#1994));
#1984 = ORIENTED_EDGE('',*,*,#1971,.T.);
#1985 = ORIENTED_EDGE('',*,*,#1887,.T.);
#1986 = ORIENTED_EDGE('',*,*,#1987,.F.);
#1987 = EDGE_CURVE('',#1988,#1879,#1990,.T.);
#1988 = VERTEX_POINT('',#1989);
#1989 = CARTESIAN_POINT('',(-1.,7.13021738799,44.));
#1990 = LINE('',#1991,#1992);
#1991 = CARTESIAN_POINT('',(-1.,0.,44.));
#1992 = VECTOR('',#1993,1.);
#1993 = DIRECTION('',(0.,1.,0.));
#1994 = ORIENTED_EDGE('',*,*,#1995,.F.);
#1995 = EDGE_CURVE('',#1963,#1988,#1996,.T.);
#1996 = LINE('',#1997,#1998);
#1997 = CARTESIAN_POINT('',(-1.,7.13021738799,42.));
#1998 = VECTOR('',#1999,1.);
#1999 = DIRECTION('',(0.,0.,1.));
#2000 = PLANE('',#2001);
#2001 = AXIS2_PLACEMENT_3D('',#2002,#2003,#2004);
#2002 = CARTESIAN_POINT('',(-1.,0.,42.));
#2003 = DIRECTION('',(1.,0.,0.));
#2004 = DIRECTION('',(0.,0.,1.));
#2005 = ADVANCED_FACE('',(#2006),#2035,.T.);
#2006 = FACE_BOUND('',#2007,.T.);
#2007 = EDGE_LOOP('',(#2008,#2009,#2010,#2018,#2027,#2034));
#2008 = ORIENTED_EDGE('',*,*,#1878,.T.);
#2009 = ORIENTED_EDGE('',*,*,#1910,.T.);
#2010 = ORIENTED_EDGE('',*,*,#2011,.F.);
#2011 = EDGE_CURVE('',#2012,#1911,#2014,.T.);
#2012 = VERTEX_POINT('',#2013);
#2013 = CARTESIAN_POINT('',(1.,7.13021738799,44.));
#2014 = LINE('',#2015,#2016);
#2015 = CARTESIAN_POINT('',(1.,0.,44.));
#2016 = VECTOR('',#2017,1.);
#2017 = DIRECTION('',(0.,1.,0.));
#2018 = ORIENTED_EDGE('',*,*,#2019,.F.);
#2019 = EDGE_CURVE('',#2020,#2012,#2022,.T.);
#2020 = VERTEX_POINT('',#2021);
#2021 = CARTESIAN_POINT('',(7.2,-1.763491390772E-15,44.));
#2022 = CIRCLE('',#2023,7.2);
#2023 = AXIS2_PLACEMENT_3D('',#2024,#2025,#2026);
#2024 = CARTESIAN_POINT('',(0.,0.,44.));
#2025 = DIRECTION('',(0.,0.,1.));
#2026 = DIRECTION('',(1.,0.,0.));
#2027 = ORIENTED_EDGE('',*,*,#2028,.F.);
#2028 = EDGE_CURVE('',#1988,#2020,#2029,.T.);
#2029 = CIRCLE('',#2030,7.2);
#2030 = AXIS2_PLACEMENT_3D('',#2031,#2032,#2033);
#2031 = CARTESIAN_POINT('',(0.,0.,44.));
#2032 = DIRECTION('',(0.,0.,1.));
#2033 = DIRECTION('',(1.,0.,0.));
#2034 = ORIENTED_EDGE('',*,*,#1987,.T.);
#2035 = PLANE('',#2036);
#2036 = AXIS2_PLACEMENT_3D('',#2037,#2038,#2039);
#2037 = CARTESIAN_POINT('',(0.,0.,44.));
#2038 = DIRECTION('',(0.,0.,1.));
#2039 = DIRECTION('',(1.,0.,0.));
#2040 = ADVANCED_FACE('',(#2041),#2052,.F.);
#2041 = FACE_BOUND('',#2042,.F.);
#2042 = EDGE_LOOP('',(#2043,#2044,#2045,#2046));
#2043 = ORIENTED_EDGE('',*,*,#1945,.T.);
#2044 = ORIENTED_EDGE('',*,*,#1929,.T.);
#2045 = ORIENTED_EDGE('',*,*,#2011,.F.);
#2046 = ORIENTED_EDGE('',*,*,#2047,.F.);
#2047 = EDGE_CURVE('',#1946,#2012,#2048,.T.);
#2048 = LINE('',#2049,#2050);
#2049 = CARTESIAN_POINT('',(1.,7.13021738799,42.));
#2050 = VECTOR('',#2051,1.);
#2051 = DIRECTION('',(0.,0.,1.));
#2052 = PLANE('',#2053);
#2053 = AXIS2_PLACEMENT_3D('',#2054,#2055,#2056);
#2054 = CARTESIAN_POINT('',(1.,0.,42.));
#2055 = DIRECTION('',(1.,0.,0.));
#2056 = DIRECTION('',(0.,0.,1.));
#2057 = ADVANCED_FACE('',(#2058),#2069,.F.);
#2058 = FACE_BOUND('',#2059,.F.);
#2059 = EDGE_LOOP('',(#2060,#2066,#2067,#2068));
#2060 = ORIENTED_EDGE('',*,*,#2061,.T.);
#2061 = EDGE_CURVE('',#1954,#2020,#2062,.T.);
#2062 = LINE('',#2063,#2064);
#2063 = CARTESIAN_POINT('',(7.2,-1.763491390772E-15,42.));
#2064 = VECTOR('',#2065,1.);
#2065 = DIRECTION('',(0.,0.,1.));
#2066 = ORIENTED_EDGE('',*,*,#2028,.F.);
#2067 = ORIENTED_EDGE('',*,*,#1995,.F.);
#2068 = ORIENTED_EDGE('',*,*,#1962,.T.);
#2069 = CYLINDRICAL_SURFACE('',#2070,7.2);
#2070 = AXIS2_PLACEMENT_3D('',#2071,#2072,#2073);
#2071 = CARTESIAN_POINT('',(0.,0.,42.));
#2072 = DIRECTION('',(0.,0.,1.));
#2073 = DIRECTION('',(1.,0.,0.));
#2074 = ADVANCED_FACE('',(#2075),#2081,.F.);
#2075 = FACE_BOUND('',#2076,.F.);
#2076 = EDGE_LOOP('',(#2077,#2078,#2079,#2080));
#2077 = ORIENTED_EDGE('',*,*,#2019,.F.);
#2078 = ORIENTED_EDGE('',*,*,#2061,.F.);
#2079 = ORIENTED_EDGE('',*,*,#1953,.T.);
#2080 = ORIENTED_EDGE('',*,*,#2047,.T.);
#2081 = CYLINDRICAL_SURFACE('',#2082,7.2);
#2082 = AXIS2_PLACEMENT_3D('',#2083,#2084,#2085);
#2083 = CARTESIAN_POINT('',(0.,0.,42.));
#2084 = DIRECTION('',(0.,0.,1.));
#2085 = DIRECTION('',(1.,0.,0.));
#2086 = ( GEOMETRIC_REPRESENTATION_CONTEXT(3) 
GLOBAL_UNCERTAINTY_ASSIGNED_CONTEXT((#2090)) 
GLOBAL_UNIT_ASSIGNED_CONTEXT((#2087,#2088,#2089)) REPRESENTATION_CONTEXT
('Context #1','3D Context with UNIT and UNCERTAINTY') );
#2087 = ( LENGTH_UNIT() NAMED_UNIT(*) SI_UNIT(.MILLI.,.METRE.) );
#2088 = ( NAMED_UNIT(*) PLANE_ANGLE_UNIT() SI_UNIT($,.RADIAN.) );
#2089 = ( NAMED_UNIT(*) SI_UNIT($,.STERADIAN.) SOLID_ANGLE_UNIT() );
#2090 = UNCERTAINTY_MEASURE_WITH_UNIT(LENGTH_MEASURE(1.E-06),#2087,
  'distance_accuracy_value','confusion accuracy');
#2091 = PRODUCT_RELATED_PRODUCT_CATEGORY('part',$,(#7));
ENDSEC;
END-ISO-10303-21;
